SLURM_JOB_NODELIST=c10r2n[19-20]
begin time is Mon Nov 17 14:41:17 CST 2025
Lx_3_Ly_2_U_5.0_beta_1.0_dmu_0.0_mu_2.5_order_6
Lx_3_Ly_2_U_5.0_beta_1.0_dmu_0.0_mu_2.5_order_6
Lx_3_Ly_2_U_5.0_beta_1.0_dmu_0.0_mu_2.5_order_6Lx_3_Ly_2_U_5.0_beta_1.0_dmu_0.0_mu_2.5_order_6

Lx_3_Ly_2_U_5.0_beta_1.0_dmu_0.0_mu_2.5_order_6Lx_3_Ly_2_U_5.0_beta_1.0_dmu_0.0_mu_2.5_order_6

Lx_3_Ly_2_U_5.0_beta_1.0_dmu_0.0_mu_2.5_order_6Lx_3_Ly_2_U_5.0_beta_1.0_dmu_0.0_mu_2.5_order_6Lx_3_Ly_2_U_5.0_beta_1.0_dmu_0.0_mu_2.5_order_6Lx_3_Ly_2_U_5.0_beta_1.0_dmu_0.0_mu_2.5_order_6


Lx_3_Ly_2_U_5.0_beta_1.0_dmu_0.0_mu_2.5_order_6Lx_3_Ly_2_U_5.0_beta_1.0_dmu_0.0_mu_2.5_order_6Lx_3_Ly_2_U_5.0_beta_1.0_dmu_0.0_mu_2.5_order_6Lx_3_Ly_2_U_5.0_beta_1.0_dmu_0.0_mu_2.5_order_6Lx_3_Ly_2_U_5.0_beta_1.0_dmu_0.0_mu_2.5_order_6Lx_3_Ly_2_U_5.0_beta_1.0_dmu_0.0_mu_2.5_order_6






Lx_3_Ly_2_U_5.0_beta_1.0_dmu_0.0_mu_2.5_order_6Lx_3_Ly_2_U_5.0_beta_1.0_dmu_0.0_mu_2.5_order_6Lx_3_Ly_2_U_5.0_beta_1.0_dmu_0.0_mu_2.5_order_6Lx_3_Ly_2_U_5.0_beta_1.0_dmu_0.0_mu_2.5_order_6



Lx_3_Ly_2_U_5.0_beta_1.0_dmu_0.0_mu_2.5_order_6Lx_3_Ly_2_U_5.0_beta_1.0_dmu_0.0_mu_2.5_order_6

Lx_3_Ly_2_U_5.0_beta_1.0_dmu_0.0_mu_2.5_order_6Lx_3_Ly_2_U_5.0_beta_1.0_dmu_0.0_mu_2.5_order_6

Lx_3_Ly_2_U_5.0_beta_1.0_dmu_0.0_mu_2.5_order_6Lx_3_Ly_2_U_5.0_beta_1.0_dmu_0.0_mu_2.5_order_6Lx_3_Ly_2_U_5.0_beta_1.0_dmu_0.0_mu_2.5_order_6
Lx_3_Ly_2_U_5.0_beta_1.0_dmu_0.0_mu_2.5_order_6


Lx_3_Ly_2_U_5.0_beta_1.0_dmu_0.0_mu_2.5_order_6Lx_3_Ly_2_U_5.0_beta_1.0_dmu_0.0_mu_2.5_order_6Lx_3_Ly_2_U_5.0_beta_1.0_dmu_0.0_mu_2.5_order_6Lx_3_Ly_2_U_5.0_beta_1.0_dmu_0.0_mu_2.5_order_6Lx_3_Ly_2_U_5.0_beta_1.0_dmu_0.0_mu_2.5_order_6




Lx_3_Ly_2_U_5.0_beta_1.0_dmu_0.0_mu_2.5_order_6
Lx_3_Ly_2_U_5.0_beta_1.0_dmu_0.0_mu_2.5_order_6Lx_3_Ly_2_U_5.0_beta_1.0_dmu_0.0_mu_2.5_order_6Lx_3_Ly_2_U_5.0_beta_1.0_dmu_0.0_mu_2.5_order_6

Lx_3_Ly_2_U_5.0_beta_1.0_dmu_0.0_mu_2.5_order_6
Lx_3_Ly_2_U_5.0_beta_1.0_dmu_0.0_mu_2.5_order_6Lx_3_Ly_2_U_5.0_beta_1.0_dmu_0.0_mu_2.5_order_6Lx_3_Ly_2_U_5.0_beta_1.0_dmu_0.0_mu_2.5_order_6
Lx_3_Ly_2_U_5.0_beta_1.0_dmu_0.0_mu_2.5_order_6



Lx_3_Ly_2_U_5.0_beta_1.0_dmu_0.0_mu_2.5_order_6Lx_3_Ly_2_U_5.0_beta_1.0_dmu_0.0_mu_2.5_order_6Lx_3_Ly_2_U_5.0_beta_1.0_dmu_0.0_mu_2.5_order_6Lx_3_Ly_2_U_5.0_beta_1.0_dmu_0.0_mu_2.5_order_6



Lx_3_Ly_2_U_5.0_beta_1.0_dmu_0.0_mu_2.5_order_6
Lx_3_Ly_2_U_5.0_beta_1.0_dmu_0.0_mu_2.5_order_6Lx_3_Ly_2_U_5.0_beta_1.0_dmu_0.0_mu_2.5_order_6
Lx_3_Ly_2_U_5.0_beta_1.0_dmu_0.0_mu_2.5_order_6
Lx_3_Ly_2_U_5.0_beta_1.0_dmu_0.0_mu_2.5_order_6
Lx_3_Ly_2_U_5.0_beta_1.0_dmu_0.0_mu_2.5_order_6
Lx_3_Ly_2_U_5.0_beta_1.0_dmu_0.0_mu_2.5_order_6
Lx_3_Ly_2_U_5.0_beta_1.0_dmu_0.0_mu_2.5_order_6
Lx_3_Ly_2_U_5.0_beta_1.0_dmu_0.0_mu_2.5_order_6Lx_3_Ly_2_U_5.0_beta_1.0_dmu_0.0_mu_2.5_order_6

Lx_3_Ly_2_U_5.0_beta_1.0_dmu_0.0_mu_2.5_order_6
Lx_3_Ly_2_U_5.0_beta_1.0_dmu_0.0_mu_2.5_order_6Lx_3_Ly_2_U_5.0_beta_1.0_dmu_0.0_mu_2.5_order_6
Lx_3_Ly_2_U_5.0_beta_1.0_dmu_0.0_mu_2.5_order_6


Lx_3_Ly_2_U_5.0_beta_1.0_dmu_0.0_mu_2.5_order_6Lx_3_Ly_2_U_5.0_beta_1.0_dmu_0.0_mu_2.5_order_6Lx_3_Ly_2_U_5.0_beta_1.0_dmu_0.0_mu_2.5_order_6Lx_3_Ly_2_U_5.0_beta_1.0_dmu_0.0_mu_2.5_order_6

Lx_3_Ly_2_U_5.0_beta_1.0_dmu_0.0_mu_2.5_order_6
Lx_3_Ly_2_U_5.0_beta_1.0_dmu_0.0_mu_2.5_order_6
Lx_3_Ly_2_U_5.0_beta_1.0_dmu_0.0_mu_2.5_order_6

Lx_3_Ly_2_U_5.0_beta_1.0_dmu_0.0_mu_2.5_order_6Lx_3_Ly_2_U_5.0_beta_1.0_dmu_0.0_mu_2.5_order_6Lx_3_Ly_2_U_5.0_beta_1.0_dmu_0.0_mu_2.5_order_6

Lx_3_Ly_2_U_5.0_beta_1.0_dmu_0.0_mu_2.5_order_6Lx_3_Ly_2_U_5.0_beta_1.0_dmu_0.0_mu_2.5_order_6

Lx_3_Ly_2_U_5.0_beta_1.0_dmu_0.0_mu_2.5_order_6Lx_3_Ly_2_U_5.0_beta_1.0_dmu_0.0_mu_2.5_order_6



Lx_3_Ly_2_U_5.0_beta_1.0_dmu_0.0_mu_2.5_order_6Lx_3_Ly_2_U_5.0_beta_1.0_dmu_0.0_mu_2.5_order_6Lx_3_Ly_2_U_5.0_beta_1.0_dmu_0.0_mu_2.5_order_6
Lx_3_Ly_2_U_5.0_beta_1.0_dmu_0.0_mu_2.5_order_6Lx_3_Ly_2_U_5.0_beta_1.0_dmu_0.0_mu_2.5_order_6

Lx_3_Ly_2_U_5.0_beta_1.0_dmu_0.0_mu_2.5_order_6Lx_3_Ly_2_U_5.0_beta_1.0_dmu_0.0_mu_2.5_order_6

Lx_3_Ly_2_U_5.0_beta_1.0_dmu_0.0_mu_2.5_order_6


Lx_3_Ly_2_U_5.0_beta_1.0_dmu_0.0_mu_2.5_order_6Lx_3_Ly_2_U_5.0_beta_1.0_dmu_0.0_mu_2.5_order_6Lx_3_Ly_2_U_5.0_beta_1.0_dmu_0.0_mu_2.5_order_6Lx_3_Ly_2_U_5.0_beta_1.0_dmu_0.0_mu_2.5_order_6Lx_3_Ly_2_U_5.0_beta_1.0_dmu_0.0_mu_2.5_order_6Lx_3_Ly_2_U_5.0_beta_1.0_dmu_0.0_mu_2.5_order_6

Lx_3_Ly_2_U_5.0_beta_1.0_dmu_0.0_mu_2.5_order_6Lx_3_Ly_2_U_5.0_beta_1.0_dmu_0.0_mu_2.5_order_6Lx_3_Ly_2_U_5.0_beta_1.0_dmu_0.0_mu_2.5_order_6Lx_3_Ly_2_U_5.0_beta_1.0_dmu_0.0_mu_2.5_order_6



Lx_3_Ly_2_U_5.0_beta_1.0_dmu_0.0_mu_2.5_order_6Lx_3_Ly_2_U_5.0_beta_1.0_dmu_0.0_mu_2.5_order_6Lx_3_Ly_2_U_5.0_beta_1.0_dmu_0.0_mu_2.5_order_6
Lx_3_Ly_2_U_5.0_beta_1.0_dmu_0.0_mu_2.5_order_6

Lx_3_Ly_2_U_5.0_beta_1.0_dmu_0.0_mu_2.5_order_6
Lx_3_Ly_2_U_5.0_beta_1.0_dmu_0.0_mu_2.5_order_6Lx_3_Ly_2_U_5.0_beta_1.0_dmu_0.0_mu_2.5_order_6Lx_3_Ly_2_U_5.0_beta_1.0_dmu_0.0_mu_2.5_order_6Lx_3_Ly_2_U_5.0_beta_1.0_dmu_0.0_mu_2.5_order_6



Lx_3_Ly_2_U_5.0_beta_1.0_dmu_0.0_mu_2.5_order_6Lx_3_Ly_2_U_5.0_beta_1.0_dmu_0.0_mu_2.5_order_6Lx_3_Ly_2_U_5.0_beta_1.0_dmu_0.0_mu_2.5_order_6

Lx_3_Ly_2_U_5.0_beta_1.0_dmu_0.0_mu_2.5_order_6Lx_3_Ly_2_U_5.0_beta_1.0_dmu_0.0_mu_2.5_order_6


Lx_3_Ly_2_U_5.0_beta_1.0_dmu_0.0_mu_2.5_order_6Lx_3_Ly_2_U_5.0_beta_1.0_dmu_0.0_mu_2.5_order_6




Lx_3_Ly_2_U_5.0_beta_1.0_dmu_0.0_mu_2.5_order_6Lx_3_Ly_2_U_5.0_beta_1.0_dmu_0.0_mu_2.5_order_6



Lx_3_Ly_2_U_5.0_beta_1.0_dmu_0.0_mu_2.5_order_6Lx_3_Ly_2_U_5.0_beta_1.0_dmu_0.0_mu_2.5_order_6

Lx_3_Ly_2_U_5.0_beta_1.0_dmu_0.0_mu_2.5_order_6
Lx_3_Ly_2_U_5.0_beta_1.0_dmu_0.0_mu_2.5_order_6Lx_3_Ly_2_U_5.0_beta_1.0_dmu_0.0_mu_2.5_order_6Lx_3_Ly_2_U_5.0_beta_1.0_dmu_0.0_mu_2.5_order_6Lx_3_Ly_2_U_5.0_beta_1.0_dmu_0.0_mu_2.5_order_6


Lx_3_Ly_2_U_5.0_beta_1.0_dmu_0.0_mu_2.5_order_6Lx_3_Ly_2_U_5.0_beta_1.0_dmu_0.0_mu_2.5_order_6
Lx_3_Ly_2_U_5.0_beta_1.0_dmu_0.0_mu_2.5_order_6Lx_3_Ly_2_U_5.0_beta_1.0_dmu_0.0_mu_2.5_order_6Lx_3_Ly_2_U_5.0_beta_1.0_dmu_0.0_mu_2.5_order_6Lx_3_Ly_2_U_5.0_beta_1.0_dmu_0.0_mu_2.5_order_6

Lx_3_Ly_2_U_5.0_beta_1.0_dmu_0.0_mu_2.5_order_6Lx_3_Ly_2_U_5.0_beta_1.0_dmu_0.0_mu_2.5_order_6Lx_3_Ly_2_U_5.0_beta_1.0_dmu_0.0_mu_2.5_order_6Lx_3_Ly_2_U_5.0_beta_1.0_dmu_0.0_mu_2.5_order_6


Lx_3_Ly_2_U_5.0_beta_1.0_dmu_0.0_mu_2.5_order_6





U=5.0, μ=2.5, β=1.0
Model Hilbert space: 4
The lowest eigen energy per site:
[0.0, -2.5, -2.5, 0.0]
U=5.0, μ=2.5, β=1.0
Model Hilbert space: 4
U=5.0, μ=2.5, β=1.0
Model Hilbert space: 4
U=5.0, μ=2.5, β=1.0
Model Hilbert space: 4
U=5.0, μ=2.5, β=1.0
Model Hilbert space: 4
U=5.0, μ=2.5, β=1.0
Model Hilbert space: 4
U=5.0, μ=2.5, β=1.0
Model Hilbert space: 4
The lowest eigen energy per site:
[0.0, -2.5, -2.5, 0.0]
U=5.0, μ=2.5, β=1.0
Model Hilbert space: 4
U=5.0, μ=2.5, β=1.0
Model Hilbert space: 4
U=5.0, μ=2.5, β=1.0
Model Hilbert space: 4
U=5.0, μ=2.5, β=1.0
Model Hilbert space: 4
The lowest eigen energy per site:
[0.0, -2.5, -2.5, 0.0]
The lowest eigen energy per site:
[0.0, -2.5, -2.5, 0.0]
U=5.0, μ=2.5, β=1.0
Model Hilbert space: 4
U=5.0, μ=2.5, β=1.0
Model Hilbert space: 4
U=5.0, μ=2.5, β=1.0
Model Hilbert space: 4
The lowest eigen energy per site:
[0.0, -2.5, -2.5, 0.0]
The lowest eigen energy per site:
[0.0, -2.5, -2.5, 0.0]
The lowest eigen energy per site:
[0.0, -2.5, -2.5, 0.0]
The lowest eigen energy per site:
[0.0, -2.5, -2.5, 0.0]
The lowest eigen energy per site:
[0.0, -2.5, -2.5, 0.0]
The lowest eigen energy per site:
[0.0, -2.5, -2.5, 0.0]
The lowest eigen energy per site:
[0.0, -2.5, -2.5, 0.0]
U=5.0, μ=2.5, β=1.0
Model Hilbert space: 4
U=5.0, μ=2.5, β=1.0
Model Hilbert space: 4
The lowest eigen energy per site:
[0.0, -2.5, -2.5, 0.0]
The lowest eigen energy per site:
[0.0, -2.5, -2.5, 0.0]
U=5.0, μ=2.5, β=1.0
Model Hilbert space: 4
The lowest eigen energy per site:
[0.0, -2.5, -2.5, 0.0]
U=5.0, μ=2.5, β=1.0
Model Hilbert space: 4
U=5.0, μ=2.5, β=1.0
Model Hilbert space: 4
U=5.0, μ=2.5, β=1.0
Model Hilbert space: 4
U=5.0, μ=2.5, β=1.0
Model Hilbert space: 4
The lowest eigen energy per site:
[0.0, -2.5, -2.5, 0.0]
The lowest eigen energy per site:
[0.0, -2.5, -2.5, 0.0]
The lowest eigen energy per site:
[0.0, -2.5, -2.5, 0.0]
The lowest eigen energy per site:
[0.0, -2.5, -2.5, 0.0]
The lowest eigen energy per site:
[0.0, -2.5, -2.5, 0.0]
The lowest eigen energy per site:
[0.0, -2.5, -2.5, 0.0]
The lowest eigen energy per site:
[0.0, -2.5, -2.5, 0.0]
U=5.0, μ=2.5, β=1.0
Model Hilbert space: 4
U=5.0, μ=2.5, β=1.0
Model Hilbert space: 4
U=5.0, μ=2.5, β=1.0
Model Hilbert space: 4
The lowest eigen energy per site:
[0.0, -2.5, -2.5, 0.0]
U=5.0, μ=2.5, β=1.0
Model Hilbert space: 4
The lowest eigen energy per site:
[0.0, -2.5, -2.5, 0.0]
U=5.0, μ=2.5, β=1.0
Model Hilbert space: 4
U=5.0, μ=2.5, β=1.0
Model Hilbert space: 4
The lowest eigen energy per site:
[0.0, -2.5, -2.5, 0.0]
The lowest eigen energy per site:
[0.0, -2.5, -2.5, 0.0]
U=5.0, μ=2.5, β=1.0
Model Hilbert space: 4
U=5.0, μ=2.5, β=1.0
Model Hilbert space: 4
U=5.0, μ=2.5, β=1.0
Model Hilbert space: 4
The lowest eigen energy per site:
[0.0, -2.5, -2.5, 0.0]
The lowest eigen energy per site:
[0.0, -2.5, -2.5, 0.0]
U=5.0, μ=2.5, β=1.0
Model Hilbert space: 4
The lowest eigen energy per site:
[0.0, -2.5, -2.5, 0.0]
The lowest eigen energy per site:
[0.0, -2.5, -2.5, 0.0]
The lowest eigen energy per site:
[0.0, -2.5, -2.5, 0.0]
The lowest eigen energy per site:
[0.0, -2.5, -2.5, 0.0]
U=5.0, μ=2.5, β=1.0
Model Hilbert space: 4
U=5.0, μ=2.5, β=1.0
Model Hilbert space: 4
U=5.0, μ=2.5, β=1.0
Model Hilbert space: 4
U=5.0, μ=2.5, β=1.0
Model Hilbert space: 4
U=5.0, μ=2.5, β=1.0
Model Hilbert space: 4
The lowest eigen energy per site:
[0.0, -2.5, -2.5, 0.0]
U=5.0, μ=2.5, β=1.0
Model Hilbert space: 4
The lowest eigen energy per site:
[0.0, -2.5, -2.5, 0.0]
The lowest eigen energy per site:
[0.0, -2.5, -2.5, 0.0]
U=5.0, μ=2.5, β=1.0
Model Hilbert space: 4
The lowest eigen energy per site:
[0.0, -2.5, -2.5, 0.0]
The lowest eigen energy per site:
[0.0, -2.5, -2.5, 0.0]
The lowest eigen energy per site:
[0.0, -2.5, -2.5, 0.0]
U=5.0, μ=2.5, β=1.0
Model Hilbert space: 4
The lowest eigen energy per site:
[0.0, -2.5, -2.5, 0.0]
U=5.0, μ=2.5, β=1.0
Model Hilbert space: 4
U=5.0, μ=2.5, β=1.0
Model Hilbert space: 4
U=5.0, μ=2.5, β=1.0
Model Hilbert space: 4
U=5.0, μ=2.5, β=1.0
Model Hilbert space: 4
The lowest eigen energy per site:
[0.0, -2.5, -2.5, 0.0]
U=5.0, μ=2.5, β=1.0
Model Hilbert space: 4
U=5.0, μ=2.5, β=1.0
Model Hilbert space: 4
The lowest eigen energy per site:
[0.0, -2.5, -2.5, 0.0]
The lowest eigen energy per site:
[0.0, -2.5, -2.5, 0.0]
The lowest eigen energy per site:
[0.0, -2.5, -2.5, 0.0]
U=5.0, μ=2.5, β=1.0
Model Hilbert space: 4
The lowest eigen energy per site:
[0.0, -2.5, -2.5, 0.0]
U=5.0, μ=2.5, β=1.0
Model Hilbert space: 4
The lowest eigen energy per site:
[0.0, -2.5, -2.5, 0.0]
U=5.0, μ=2.5, β=1.0
Model Hilbert space: 4
The lowest eigen energy per site:
[0.0, -2.5, -2.5, 0.0]
U=5.0, μ=2.5, β=1.0
Model Hilbert space: 4
The lowest eigen energy per site:
[0.0, -2.5, -2.5, 0.0]
U=5.0, μ=2.5, β=1.0
Model Hilbert space: 4
The lowest eigen energy per site:
[0.0, -2.5, -2.5, 0.0]
The lowest eigen energy per site:
[0.0, -2.5, -2.5, 0.0]
U=5.0, μ=2.5, β=1.0
Model Hilbert space: 4
The lowest eigen energy per site:
[0.0, -2.5, -2.5, 0.0]
U=5.0, μ=2.5, β=1.0
Model Hilbert space: 4
U=5.0, μ=2.5, β=1.0
Model Hilbert space: 4
U=5.0, μ=2.5, β=1.0
Model Hilbert space: 4
U=5.0, μ=2.5, β=1.0
Model Hilbert space: 4
The lowest eigen energy per site:
[0.0, -2.5, -2.5, 0.0]
U=5.0, μ=2.5, β=1.0
Model Hilbert space: 4
U=5.0, μ=2.5, β=1.0
Model Hilbert space: 4
The lowest eigen energy per site:
[0.0, -2.5, -2.5, 0.0]
The lowest eigen energy per site:
[0.0, -2.5, -2.5, 0.0]
U=5.0, μ=2.5, β=1.0
Model Hilbert space: 4
The lowest eigen energy per site:
[0.0, -2.5, -2.5, 0.0]
The lowest eigen energy per site:
[0.0, -2.5, -2.5, 0.0]
U=5.0, μ=2.5, β=1.0
Model Hilbert space: 4
The lowest eigen energy per site:
[0.0, -2.5, -2.5, 0.0]
U=5.0, μ=2.5, β=1.0
Model Hilbert space: 4
The lowest eigen energy per site:
[0.0, -2.5, -2.5, 0.0]
The lowest eigen energy per site:
[0.0, -2.5, -2.5, 0.0]
The lowest eigen energy per site:
[0.0, -2.5, -2.5, 0.0]
U=5.0, μ=2.5, β=1.0
Model Hilbert space: 4
The lowest eigen energy per site:
[0.0, -2.5, -2.5, 0.0]
U=5.0, μ=2.5, β=1.0
Model Hilbert space: 4
U=5.0, μ=2.5, β=1.0
Model Hilbert space: 4
The lowest eigen energy per site:
[0.0, -2.5, -2.5, 0.0]
U=5.0, μ=2.5, β=1.0
Model Hilbert space: 4
U=5.0, μ=2.5, β=1.0
Model Hilbert space: 4
U=5.0, μ=2.5, β=1.0
Model Hilbert space: 4
U=5.0, μ=2.5, β=1.0
Model Hilbert space: 4
The lowest eigen energy per site:
[0.0, -2.5, -2.5, 0.0]
U=5.0, μ=2.5, β=1.0
Model Hilbert space: 4
U=5.0, μ=2.5, β=1.0
Model Hilbert space: 4
U=5.0, μ=2.5, β=1.0
Model Hilbert space: 4
The lowest eigen energy per site:
[0.0, -2.5, -2.5, 0.0]
The lowest eigen energy per site:
[0.0, -2.5, -2.5, 0.0]
The lowest eigen energy per site:
[0.0, -2.5, -2.5, 0.0]
The lowest eigen energy per site:
[0.0, -2.5, -2.5, 0.0]
U=5.0, μ=2.5, β=1.0
Model Hilbert space: 4
U=5.0, μ=2.5, β=1.0
Model Hilbert space: 4
U=5.0, μ=2.5, β=1.0
Model Hilbert space: 4
The lowest eigen energy per site:
[0.0, -2.5, -2.5, 0.0]
U=5.0, μ=2.5, β=1.0
Model Hilbert space: 4
The lowest eigen energy per site:
[0.0, -2.5, -2.5, 0.0]
U=5.0, μ=2.5, β=1.0
Model Hilbert space: 4
The lowest eigen energy per site:
[0.0, -2.5, -2.5, 0.0]
The lowest eigen energy per site:
[0.0, -2.5, -2.5, 0.0]
The lowest eigen energy per site:
[0.0, -2.5, -2.5, 0.0]
U=5.0, μ=2.5, β=1.0
Model Hilbert space: 4
U=5.0, μ=2.5, β=1.0
Model Hilbert space: 4
The lowest eigen energy per site:
[0.0, -2.5, -2.5, 0.0]
U=5.0, μ=2.5, β=1.0
Model Hilbert space: 4
The lowest eigen energy per site:
[0.0, -2.5, -2.5, 0.0]
The lowest eigen energy per site:
[0.0, -2.5, -2.5, 0.0]
The lowest eigen energy per site:
[0.0, -2.5, -2.5, 0.0]
The lowest eigen energy per site:
[0.0, -2.5, -2.5, 0.0]
U=5.0, μ=2.5, β=1.0
Model Hilbert space: 4
U=5.0, μ=2.5, β=1.0
Model Hilbert space: 4
U=5.0, μ=2.5, β=1.0
Model Hilbert space: 4
U=5.0, μ=2.5, β=1.0
Model Hilbert space: 4
U=5.0, μ=2.5, β=1.0
Model Hilbert space: 4
U=5.0, μ=2.5, β=1.0
Model Hilbert space: 4
U=5.0, μ=2.5, β=1.0
Model Hilbert space: 4
U=5.0, μ=2.5, β=1.0
Model Hilbert space: 4
The lowest eigen energy per site:
[0.0, -2.5, -2.5, 0.0]
The lowest eigen energy per site:
[0.0, -2.5, -2.5, 0.0]
U=5.0, μ=2.5, β=1.0
Model Hilbert space: 4
U=5.0, μ=2.5, β=1.0
Model Hilbert space: 4
The lowest eigen energy per site:
[0.0, -2.5, -2.5, 0.0]
U=5.0, μ=2.5, β=1.0
Model Hilbert space: 4
U=5.0, μ=2.5, β=1.0
Model Hilbert space: 4
The lowest eigen energy per site:
[0.0, -2.5, -2.5, 0.0]
The lowest eigen energy per site:
[0.0, -2.5, -2.5, 0.0]
U=5.0, μ=2.5, β=1.0
Model Hilbert space: 4
The lowest eigen energy per site:
[0.0, -2.5, -2.5, 0.0]
U=5.0, μ=2.5, β=1.0
Model Hilbert space: 4
The lowest eigen energy per site:
[0.0, -2.5, -2.5, 0.0]
The lowest eigen energy per site:
[0.0, -2.5, -2.5, 0.0]
The lowest eigen energy per site:
[0.0, -2.5, -2.5, 0.0]
The lowest eigen energy per site:
[0.0, -2.5, -2.5, 0.0]
U=5.0, μ=2.5, β=1.0
Model Hilbert space: 4
The lowest eigen energy per site:
[0.0, -2.5, -2.5, 0.0]
U=5.0, μ=2.5, β=1.0
Model Hilbert space: 4
U=5.0, μ=2.5, β=1.0
Model Hilbert space: 4
The lowest eigen energy per site:
[0.0, -2.5, -2.5, 0.0]
The lowest eigen energy per site:
[0.0, -2.5, -2.5, 0.0]
U=5.0, μ=2.5, β=1.0
Model Hilbert space: 4
U=5.0, μ=2.5, β=1.0
Model Hilbert space: 4
U=5.0, μ=2.5, β=1.0
Model Hilbert space: 4
The lowest eigen energy per site:
[0.0, -2.5, -2.5, 0.0]
U=5.0, μ=2.5, β=1.0
Model Hilbert space: 4
The lowest eigen energy per site:
[0.0, -2.5, -2.5, 0.0]
U=5.0, μ=2.5, β=1.0
Model Hilbert space: 4
The lowest eigen energy per site:
[0.0, -2.5, -2.5, 0.0]
The lowest eigen energy per site:
[0.0, -2.5, -2.5, 0.0]
U=5.0, μ=2.5, β=1.0
Model Hilbert space: 4
The lowest eigen energy per site:
[0.0, -2.5, -2.5, 0.0]
The lowest eigen energy per site:
[0.0, -2.5, -2.5, 0.0]
U=5.0, μ=2.5, β=1.0
Model Hilbert space: 4
The lowest eigen energy per site:
[0.0, -2.5, -2.5, 0.0]
U=5.0, μ=2.5, β=1.0
Model Hilbert space: 4
The lowest eigen energy per site:
[0.0, -2.5, -2.5, 0.0]
U=5.0, μ=2.5, β=1.0
Model Hilbert space: 4
U=5.0, μ=2.5, β=1.0
Model Hilbert space: 4
The lowest eigen energy per site:
[0.0, -2.5, -2.5, 0.0]
The lowest eigen energy per site:
[0.0, -2.5, -2.5, 0.0]
The lowest eigen energy per site:
[0.0, -2.5, -2.5, 0.0]
U=5.0, μ=2.5, β=1.0
Model Hilbert space: 4
U=5.0, μ=2.5, β=1.0
Model Hilbert space: 4
The lowest eigen energy per site:
[0.0, -2.5, -2.5, 0.0]
U=5.0, μ=2.5, β=1.0
Model Hilbert space: 4
The lowest eigen energy per site:
[0.0, -2.5, -2.5, 0.0]
U=5.0, μ=2.5, β=1.0
Model Hilbert space: 4
The lowest eigen energy per site:
[0.0, -2.5, -2.5, 0.0]
The lowest eigen energy per site:
[0.0, -2.5, -2.5, 0.0]
The lowest eigen energy per site:
[0.0, -2.5, -2.5, 0.0]
The lowest eigen energy per site:
[0.0, -2.5, -2.5, 0.0]
U=5.0, μ=2.5, β=1.0
Model Hilbert space: 4
The lowest eigen energy per site:
[0.0, -2.5, -2.5, 0.0]
The lowest eigen energy per site:
[0.0, -2.5, -2.5, 0.0]
U=5.0, μ=2.5, β=1.0
Model Hilbert space: 4
The lowest eigen energy per site:
[0.0, -2.5, -2.5, 0.0]
U=5.0, μ=2.5, β=1.0
Model Hilbert space: 4
U=5.0, μ=2.5, β=1.0
Model Hilbert space: 4
U=5.0, μ=2.5, β=1.0
Model Hilbert space: 4U=5.0, μ=2.5, β=1.0
Model Hilbert space: 4

U=5.0, μ=2.5, β=1.0
Model Hilbert space: 4
U=5.0, μ=2.5, β=1.0
Model Hilbert space: 4
U=5.0, μ=2.5, β=1.0
Model Hilbert space: 4
The lowest eigen energy per site:
[0.0, -2.5, -2.5, 0.0]
U=5.0, μ=2.5, β=1.0
Model Hilbert space: 4
U=5.0, μ=2.5, β=1.0
Model Hilbert space: 4
The lowest eigen energy per site:
[0.0, -2.5, -2.5, 0.0]
The lowest eigen energy per site:
[0.0, -2.5, -2.5, 0.0]
U=5.0, μ=2.5, β=1.0
Model Hilbert space: 4
U=5.0, μ=2.5, β=1.0
Model Hilbert space: 4
The lowest eigen energy per site:
[0.0, -2.5, -2.5, 0.0]
The lowest eigen energy per site:
[0.0, -2.5, -2.5, 0.0]
The lowest eigen energy per site:
[0.0, -2.5, -2.5, 0.0]
U=5.0, μ=2.5, β=1.0
Model Hilbert space: 4
The lowest eigen energy per site:
[0.0, -2.5, -2.5, 0.0]
The lowest eigen energy per site:
[0.0, -2.5, -2.5, 0.0]
The lowest eigen energy per site:
[0.0, -2.5, -2.5, 0.0]
The lowest eigen energy per site:
[0.0, -2.5, -2.5, 0.0]
The lowest eigen energy per site:
[0.0, -2.5, -2.5, 0.0]
The lowest eigen energy per site:
[0.0, -2.5, -2.5, 0.0]
U=5.0, μ=2.5, β=1.0
Model Hilbert space: 4
U=5.0, μ=2.5, β=1.0
Model Hilbert space: 4
U=5.0, μ=2.5, β=1.0
Model Hilbert space: 4
U=5.0, μ=2.5, β=1.0
Model Hilbert space: 4
The lowest eigen energy per site:
[0.0, -2.5, -2.5, 0.0]
The lowest eigen energy per site:
[0.0, -2.5, -2.5, 0.0]
The lowest eigen energy per site:
[0.0, -2.5, -2.5, 0.0]
U=5.0, μ=2.5, β=1.0
Model Hilbert space: 4
The lowest eigen energy per site:
[0.0, -2.5, -2.5, 0.0]
The lowest eigen energy per site:
[0.0, -2.5, -2.5, 0.0]
The lowest eigen energy per site:
[0.0, -2.5, -2.5, 0.0]
The lowest eigen energy per site:
[0.0, -2.5, -2.5, 0.0]
The lowest eigen energy per site:
[0.0, -2.5, -2.5, 0.0]
partition: partition: partition: partition: partition: partition: partition: partition: partition: partition: [(2, 2, 0), (3, 3, 0), (4, 2, 0), (4, 3, 0), (4, 4, 0), (5, 3, 0), (5, 4, 0), (5, 5, 0), (6, 2, 0), (6, 3, 0), (6, 4, 0), (6, 5, 0), (6, 6, 0)]
partition: neighbor: partition: [(2, 2, 0), (3, 3, 0), (4, 2, 0), (4, 3, 0), (4, 4, 0), (5, 3, 0), (5, 4, 0), (5, 5, 0), (6, 2, 0), (6, 3, 0), (6, 4, 0), (6, 5, 0), (6, 6, 0)]
partition: neighbor: partition: partition: partition: partition: partition: partition: partition: [(2, 2, 0), (3, 3, 0), (4, 2, 0), (4, 3, 0), (4, 4, 0), (5, 3, 0), (5, 4, 0), (5, 5, 0), (6, 2, 0), (6, 3, 0), (6, 4, 0), (6, 5, 0), (6, 6, 0)]
[(2, 2, 0), (3, 3, 0), (4, 2, 0), (4, 3, 0), (4, 4, 0), (5, 3, 0), (5, 4, 0), (5, 5, 0), (6, 2, 0), (6, 3, 0), (6, 4, 0), (6, 5, 0), (6, 6, 0)]
neighbor: [(2, 2, 0), (3, 3, 0), (4, 2, 0), (4, 3, 0), (4, 4, 0), (5, 3, 0), (5, 4, 0), (5, 5, 0), (6, 2, 0), (6, 3, 0), (6, 4, 0), (6, 5, 0), (6, 6, 0)]
neighbor: [(2, 2, 0), (3, 3, 0), (4, 2, 0), (4, 3, 0), (4, 4, 0), (5, 3, 0), (5, 4, 0), (5, 5, 0), (6, 2, 0), (6, 3, 0), (6, 4, 0), (6, 5, 0), (6, 6, 0)]
neighbor: partition: neighbor: [(2, 2, 0), (3, 3, 0), (4, 2, 0), (4, 3, 0), (4, 4, 0), (5, 3, 0), (5, 4, 0), (5, 5, 0), (6, 2, 0), (6, 3, 0), (6, 4, 0), (6, 5, 0), (6, 6, 0)]
[(2, 2, 0), (3, 3, 0), (4, 2, 0), (4, 3, 0), (4, 4, 0), (5, 3, 0), (5, 4, 0), (5, 5, 0), (6, 2, 0), (6, 3, 0), (6, 4, 0), (6, 5, 0), (6, 6, 0)]
neighbor: neighbor: partition: [(1, 14), (2, 1), (3, 1), (3, 2), (4, 2), (4, 3), (5, 2), (5, 4), (6, 2), (6, 3), (6, 4), (6, 5), (7, 4), (7, 5), (7, 6), (8, 5), (8, 7), (9, 3), (9, 6), (10, 4), (10, 6), (10, 7), (10, 9), (11, 5), (11, 6), (11, 7), (11, 8), (11, 10), (12, 7), (12, 8), (12, 11), (13, 8), (13, 12)]
[(1, 14), (2, 1), (3, 1), (3, 2), (4, 2), (4, 3), (5, 2), (5, 4), (6, 2), (6, 3), (6, 4), (6, 5), (7, 4), (7, 5), (7, 6), (8, 5), (8, 7), (9, 3), (9, 6), (10, 4), (10, 6), (10, 7), (10, 9), (11, 5), (11, 6), (11, 7), (11, 8), (11, 10), (12, 7), (12, 8), (12, 11), (13, 8), (13, 12)]
[(2, 2, 0), (3, 3, 0), (4, 2, 0), (4, 3, 0), (4, 4, 0), (5, 3, 0), (5, 4, 0), (5, 5, 0), (6, 2, 0), (6, 3, 0), (6, 4, 0), (6, 5, 0), (6, 6, 0)]
[(2, 2, 0), (3, 3, 0), (4, 2, 0), (4, 3, 0), (4, 4, 0), (5, 3, 0), (5, 4, 0), (5, 5, 0), (6, 2, 0), (6, 3, 0), (6, 4, 0), (6, 5, 0), (6, 6, 0)]
neighbor: neighbor: [(2, 2, 0), (3, 3, 0), (4, 2, 0), (4, 3, 0), (4, 4, 0), (5, 3, 0), (5, 4, 0), (5, 5, 0), (6, 2, 0), (6, 3, 0), (6, 4, 0), (6, 5, 0), (6, 6, 0)]
[(2, 2, 0), (3, 3, 0), (4, 2, 0), (4, 3, 0), (4, 4, 0), (5, 3, 0), (5, 4, 0), (5, 5, 0), (6, 2, 0), (6, 3, 0), (6, 4, 0), (6, 5, 0), (6, 6, 0)]
neighbor: neighbor: partition: [(2, 2, 0), (3, 3, 0), (4, 2, 0), (4, 3, 0), (4, 4, 0), (5, 3, 0), (5, 4, 0), (5, 5, 0), (6, 2, 0), (6, 3, 0), (6, 4, 0), (6, 5, 0), (6, 6, 0)]
partition: [(1, 14), (2, 1), (3, 1), (3, 2), (4, 2), (4, 3), (5, 2), (5, 4), (6, 2), (6, 3), (6, 4), (6, 5), (7, 4), (7, 5), (7, 6), (8, 5), (8, 7), (9, 3), ([(9, 6), (10, 4)2, 2, 0), (3,, (10, 6), (10,  3, 0), (4, 7), (10, 9), 2, 0), (4, 3,(11, 5), (11, 6 0), (4, 4, ), (11, 7), (11, 8)0), (5, 3, 0), (5,, (11, 10), (12 4, 0), (5, 5, 0, 7), (12, 8), (), (6, 2, 0), (6,12, 11), (13, 8), ( 3, 0), (6, 413, 12)]
, 0), (6, 5, 0), (6, 6, 0)]
[(2, 2, 0), (3, 3, 0), (4, 2, 0), (4, 3, 0), (4, 4, 0), (5, 3, 0), (5, 4, 0), (5, 5, 0), (6, 2, 0), (6, 3, 0), (6, 4, 0), (6, 5, 0), (6, 6, 0)]
neighbor: neighbor: [(1, 14), (2, 1), (3, 1), (3, 2), (4, 2), (4, 3), (5, 2), (5, 4), (6, 2), (6, 3), (6, 4), (6, 5), (7, 4), (7, 5), (7, 6), (8, 5), (8, 7), (9, 3), (9, 6), (10, 4), (10, 6), (10, 7), (10, 9), (11, 5), (11, 6), (11, 7), (11, 8), (11, 10), (12, 7), (12, 8), (12, 11), (13, 8), (13, 12)]
[(2, 2, 0), (3, 3, 0), (4, 2, 0), (4, 3, 0), (4, 4, 0), (5, 3, 0), (5, 4, 0), (5, 5, 0), (6, 2, 0), (6, 3, 0), (6, 4, 0), (6, 5, 0), (6, 6, 0)]
partition: [(1, 14), (2, 1), (3, 1), (3, 2), (4, 2), (4, 3), (5, 2), (5, 4), (6, 2), (6, 3), (6, 4), (6, 5), (7, 4), (7, 5), (7, 6), (8, 5), (8, 7), (9, 3), (9, 6), (10, 4), (10, 6), (10, 7), (10, 9), (11, 5), (11, 6), (11, 7), (11, 8), (11, 10), (12, 7), (12, 8), (12, 11), (13, 8), (13, 12)]
neighbor: [(2, 2, 0), (3, 3, 0), (4, 2, 0), (4, 3, 0), (4, 4, 0), (5, 3, 0), (5, 4, 0), (5, 5, 0), (6, 2, 0), (6, 3, 0), (6, 4, 0), (6, 5, 0), (6, 6, 0)]
[(2, 2, 0), (3, 3, 0), (4, 2, 0), (4, 3, 0), (4, 4, 0), (5, 3, 0), (5, 4, 0), (5, 5, 0), (6, 2, 0), (6, 3, 0), (6, 4, 0), (6, 5, 0), (6, 6, 0)]
neighbor: [(1, 14), (2, 1), (3, 1), (3, 2), (4, 2), (4, 3), (5, 2), (5, 4), (6, 2), (6, 3), (6, 4), (6, 5), (7, 4), (7, 5), (7, 6), (8, 5), (8, 7), (9, 3), (9, 6), (10, 4), (10, 6), (10, 7), (10, 9), (11, 5), (11, 6), (11, 7), (11, 8), (11, 10), (12, 7), (12, 8), (12, 11), (13, 8), (13, 12)]
[(2, 2, 0), (3, 3, 0), (4, 2, 0), (4, 3, 0), (4, 4, 0), (5, 3, 0), (5, 4, 0), (5, 5, 0), (6, 2, 0), (6, 3, 0), (6, 4, 0), (6, 5, 0), (6, 6, 0)]
neighbor: neighbor: partition: [(1, 14), (2, 1), (3, 1), (3, 2), (4, [(1, 14), (2, 1), (3, 1), (2), (4, 3), (5, 2), (5, 4), (6, 2), (6, 3), (6, 4), (3, 2), (4, 2), (4, 3)6, 5), (7, 4), (7, (5, 2), (5, 4),, 5), (7, 6), (8, (6, 2), (6, 3), ( 5), (8, 7), (9, 36, 4), (6, 5), (7, ), (9, 6), (10, 4), (10,4), (7, 5), (7, 6), (8, 6), (10, 7), (10, 9), 5), (8, 7), (9, 3), (11, 5), (11, 6), (11,  (9, 6), (10, 4), (10, 7), (11, 8), (11, 10), 6), (10, 7), (10, 9), (12, 7), (12, 8), (12,(11, 5), (11, 6), (11, 7) 11), (13, 8), (13, 12)]
, (11, 8), (11, 10), (12, 7), (12, 8), (12, 11), (13, 8), (13, 12)]
neighbor: [(2, 2, 0), (3, 3, 0), (4, 2, 0), (4, 3, 0), (4, 4, 0), (5, 3, 0), (5, 4, 0), (5, 5, 0), (6, 2, 0), (6, 3, 0), (6, 4, 0), (6, 5, 0), (6, 6, 0)]
partition: neighbor: [(2, 2, 0), (3, 3, 0), (4, 2, 0), (4, 3, 0), (4, 4, 0), (5, 3, 0), (5, 4, 0), (5, 5, 0), (6, 2, 0), (6, 3, 0), (6, 4, 0), (6, 5, 0), (6, 6, 0)]
partition: partition: neighbor: [(1, 14), (2, 1), (3, 1), (3, 2), (4, 2), (4, 3), (5, 2), (5, 4), (6, 2), (6, 3), (6, 4), (6, 5), (7, 4), (7, 5), (7, 6), (8, 5), (8, 7), (9, 3), (9, 6), (10, 4), (10, 6), (10, 7), (10, 9), (11, 5), (11, 6), (11, 7), (11, 8), (11, 10), (12, 7), (12, 8), (12, 11), (13, 8), (13, 12)]
[(1, 14), (2, 1), (3, 1), (3, 2), (4, 2), (4, 3), (5, 2), (5, 4), (6, 2), (6, 3), (6, 4), (6, 5), (7, 4), (7, 5), (7, 6), (8, 5), (8, 7), (9, 3), (9, 6), (10, 4), (10, 6), (10, 7), (10, 9), (11, 5), (11, 6), (11, 7), (11, 8), (11, 10), (12, 7), (12, 8), (12, 11), (13, 8), (13, 12)]
partition: [(1, 14), (2, 1), (3, 1), (3, 2), (4, 2), (4, 3), (5, 2), (5, 4), (6, 2), (6, 3), (6, 4), (6, 5), (7, 4), (7, 5), (7, 6), (8, 5), (8, 7), (9, 3), (9, 6), (10, 4), (10, 6), (10, 7), (10, 9), (11, 5), (11, 6), (11, 7), (11, 8), (11, 10), (12, 7), (12, 8), (12, 11), (13, 8), (13, 12)]
[(2, 2, 0), (3, 3, 0), (4, 2, 0), (4, 3, 0), (4, 4, 0), (5, 3, 0), (5, 4, 0), (5, 5, 0), (6, 2, 0), (6, 3, 0), (6, 4, 0), (6, 5, 0), (6, 6, 0)]
[(1, 14), (2, 1), (3, 1), (3, 2), (4, 2), (4, 3), (5, 2), (5, 4), (6, 2), (6, 3), (6, 4), (6, 5), (7, 4), (7, 5), (7, 6), (8, 5), (8, 7), (9, 3), (9, 6), (10, 4), (10, 6), (10, 7), (10, 9), (11, 5), (11, 6), (11, 7), (11, 8), (11, 10), (12, 7), (12, 8), (12, 11), (13, 8), (13, 12)]
partition: neighbor: partition: [(1, 14), (2, 1), (3, 1), (3, 2), (4, 2), (4, 3), (5, 2), (5, 4), (6, 2), (6, 3), (6, 4), (6, 5), (7, 4), (7, 5), (7, 6), (8, 5), (8, 7), (9, 3), (9, 6), (10, 4), (10, 6), (10, 7), (10, 9), (11, 5), (11, 6), (11, 7), (11, 8), (11, 10), (12, 7), (12, 8), (12, 11), (13, 8), (13, 12)]
partition: [(1, 14), (2, 1), (3, 1), (3, 2), (4, 2), (4, 3), (5, 2), (5, 4), (6, 2), (6, 3), (6, 4), (6, 5), (7, 4), (7, 5), (7, 6), (8, 5), (8, 7), (9, 3), (9, 6), (10, 4), (10, 6), (10, 7), (10, 9), (11, 5), (11, 6), (11, 7), (11, 8), (11, 10), (12, 7), (12, 8), (12, 11), (13, 8), (13, 12)]
[(1, 14), (2, 1), (3, 1), (3, 2), (4, 2), (4, 3), (5, 2), (5, 4), (6, 2), (6, 3), (6, 4), (6, 5), (7, 4), (7, 5), (7, 6), (8, 5), (8, 7), (9, 3), (9, 6), (10, 4), (10, 6), (10, 7), (10, 9), (11, 5), (11, 6), (11, 7), (11, 8), (11, 10), (12, 7), (12, 8), (12, 11), (13, 8), (13, 12)]
[(1, 14), (2, 1), (3, 1), (3, 2), (4, 2), (4, 3), (5, 2), (5, 4), (6, 2), (6, 3), (6, 4), (6, 5), (7, 4), (7, 5), (7, 6), (8, 5), (8, 7), (9, 3), (9, 6), (10, 4), (10, 6), (10, 7), (10, 9), (11, 5), (11, 6), (11, 7), (11, 8), (11, 10), (12, 7), (12, 8), (12, 11), (13, 8), (13, 12)]
[(1, 14), (2, 1), (3, 1), (3, 2), (4, [(1, 14), (2, 1), (3, 1), (3, 2), (4, 2), (4, 3), (5, 2), (5,2), (4, 3), (5, 2), (5, 4), (6, 2), (6, 3), ( 4), (6, 2), (6, 3), (6, 6, 4), (6, 5)4), (6, 5), (7, , (7, 4), (7, 5),4), (7, 5), ( (7, 6), (8,7, 6), (8, 5) 5), (8, 7), (, (8, 7), (9, 9, 3), (9, 6)3), (9, 6),, (10, 4), ( (10, 4), (1010, 6), (10, , 6), (10, 7)7), (10, 9),, (10, 9), ( (11, 5), (11, 5), (11, 11, 6), (11, 76), (11, 7), (11, ), (11, 8), (11, 8), (11, 10), (10), (12, 7), (12, 7), (12, 12, 8), (12,8), (12, 11), 11), (13, 8) (13, 8), (13, (13, 12)]
, 12)]
[(2, 2, 0), (3, 3, 0), (4, 2, 0), (4, 3, 0), (4, 4, 0), (5, 3, 0), (5, 4, 0), (5, 5, 0), (6, 2, 0), (6, 3, 0), (6, 4, 0), (6, 5, 0), (6, 6, 0)]
[(2, 2, 0), (3, 3, 0), (4, 2, 0), (4, 3, 0), (4, 4, 0), (5, 3, 0), (5, 4, 0), (5, 5, 0), (6, 2, 0), (6, 3, 0), (6, 4, 0), (6, 5, 0), (6, 6, 0)]
[(1, 14), (2, 1), (3, 1), (3, 2), (4, 2), (4, 3), (5, 2), (5, 4), (6, 2), (6, 3), (6, 4), (6, 5), (7, 4), (7, 5), (7, 6), (8, 5), (8, 7), (9, 3), (9, 6), (10, 4), (10, 6), (10, 7), (10, 9), (11, 5), (11, 6), (11, 7), (11, 8), (11, 10), (12, 7), (12, 8), (12, 11), (13, 8), (13, 12)]
neighbor: neighbor: [(2, 2, 0), (3, 3, 0), (4, 2, 0), (4, 3, 0), (4, 4, 0), (5, 3, 0), (5, 4, 0), (5, 5, 0), (6, 2, 0), (6, 3, 0), (6, 4, 0), (6, 5, 0), (6, 6, 0)]
neighbor: [(1, 14), (2, 1), (3, 1), (3, 2), (4, 2), (4, 3), (5, 2), (5, 4), (6, 2), (6, 3), (6, 4[(2, 2, 0), (3, 3, 0), (4, 2, 0), (4, 3, 0), (4, 4, 0), (5, 3, 0), (5, 4, 0), (5, 5, 0), (6, 2, 0), (6, 3, 0), (6, 4, 0), (6, 5, )0), (6, 6, 0)]
, (6, 5), (7, 4), (7, 5), (7, 6), (8, 5), (8, 7), (9, 3), (9, 6), (10, 4), (10, 6), (10, 7), (10, 9), (11, 5), (11, 6), (11, 7), (11, 8), (11, 10), (12, 7), (12, 8), (12, 11), (13, 8), (13, 12)]
[(1, 14), (2, 1), (3, 1), (3, 2), (4, 2), (4, 3), (5, 2), (5, 4), (6, 2), (6, 3), (6, 4), (6, 5), (7, 4), (7, 5), (7, 6), (8, 5), (8, 7), (9, 3), (9, 6), (10, 4), (10, 6), (10, 7), (10, 9), (11, 5), (11, 6), (11, 7), (11, 8), (11, 10), (12, 7), (12, 8), (12, 11), (13, 8), (13, 12)]
partition: neighbor: partition: [(2, 2, 0), (3, 3, 0), (4, 2, 0), (4, 3, 0), (4, 4, 0), (5, 3, 0), (5, 4, 0), (5, 5, 0), (6, 2, 0), (6, 3, 0), (6, 4, 0), (6, 5, 0), (6, 6, 0)]
partition: [(2, 2, 0),[ ((31, ,3 ,14 )0,) ,( (2,4 , 12),, 0 ()3, , (14,) ,3 ,(neighbor: 3 0,) ,2 )(4, ,( 44,,  02)),,  ((54,,  33, )0,) ,( 5(,5, 2 4),,  (0)5,,  (54),, 5 (, 60,) ,2 )(,6 , (62,,  03)),,  ((66,, 3 4, )0,) ,( 6(,6 ,5 )4,,  (0)7,,  (46),,  5(,7 0, )5), (7, 6), , (6, 6, 0)]
(8, 5), (8, 7), (9, 3), (9, 6), (10, 4), (10, 6), (10, 7), (10, 9), (11, 5), (11, 6), (11, 7), (11, 8), (11, 10), (12, 7), (12, 8), (12, 11), (13, 8), (13, 12)]
neighbor: [(2, 2, 0), (3, 3, 0), (4, 2, 0), (4, 3, 0), (4, 4, 0), (5, 3, 0), (5, 4, 0), (5, 5, 0), (6, 2, 0), (6, 3, 0), (6, 4, 0), (6, 5, 0), (6, 6, 0)]
partition: partition: neighbor: [(2, 2, 0), (3, 3, 0), (4, 2, 0), (4, 3, 0), (4, 4, 0), (5, 3, 0), (5, 4, 0), (5, 5, 0), (6, 2, 0), (6, 3, 0), (6, 4, 0), (6, 5, 0), (6, 6, 0)]
[(1, 14), (2, 1), (3, 1), (3, 2), (4, 2), (4, 3), (5, 2), (5, 4), (6, 2), (6, 3), (6, 4), (6, 5), (7, 4), (7, 5), (7,partition:  6), (8, 5), (8, 7), (9, 3), (9, 6), (10, 4), (10, 6), (10, 7), (10, 9), (11, 5), (11, 6), (11, 7), (11, 8), (11, 10), (12, 7), (12, 8), (12, 11), (13, 8), (13, 12)]
neighbor: [(1, 14), (2, 1), (3, 1), (3, 2), (4, 2),[(2, 2, 0), (3, 3, 0), (4, 2, 0), (4, 3, 0), (4, 4, 0), (5, 3, 0), ( (4, 3), (5, 2), (5, 4), (6, 2), (6, 3), (6, 4), (6,5, 4, 0), (5, 5, 0), (6 5), (7, 4), (7,, 2, 0), (6, 3, 5), (7, 6), (8 0), (6, 4, 0), , 5), (8, 7), ((6, 5, 0), (6,9, 3), (9, 6),  6, 0)]
(10, 4), (10, 6), (10, 7), (10, 9), (11, 5), (11, 6), (11, 7), (11, 8), (11, 10), (12, 7), (12, 8), (12, 11), (13, 8), (13, 12)]
[(2, 2, 0), (3, 3, 0), (4, 2, 0), (4, 3, 0), (4, 4, 0), (5, 3, 0), (5, 4, 0), (5, 5, 0), (6, 2, 0), (6, 3, 0), (6, 4, 0), (6, 5, 0), (6, 6, 0)]
[(2, 2, 0), (3, 3, 0), (4, 2, 0), (4, 3, 0), (4, 4, 0),partition:  (5, 3, 0), (5, 4, 0), (5, 5, 0), (6, 2, 0), (6, 3,partition:  0), (6, 4, 0), (6, 5, 0), (6, 6, 0)]
neighbor: partition: neighbor: neighbor: [(1, 14), (2, 1), (3, 1), (3, 2), (4, 2), (4, 3), (5, 2), (5, 4), (6, 2), (6, 3), (6, 4), (6, 5), (7, 4), (7, 5), (7, 6), (8, 5), (8, 7), (9, 3), (9, 6), (10, 4), (10, 6), (10, 7), (10, 9), (11, 5), (11, 6), (11, 7), (11, 8), (11, 10), (12, 7), (12, 8), (12, 11), (13, 8), (13, 12)]
[(1, 14), (2, 1), (3, 1), (3, 2), (4, 2), (4, 3), (5, 2), (5, 4), (6, 2), (6, 3), (6, 4), (6, 5), (7, 4), (7, 5), (7, 6), (8, 5), (8, 7), (9, 3), (9, 6), (10, 4), (10, 6), (10, 7), (10, 9), (11, 5), (11, 6), (11, 7), (11, 8), (11, 10), (12, 7), (12, 8), (12, 11), (13, 8), (13, 12)]
partition: partition: partition: [(1, 14), (2, 1), (3, 1), (3, 2), (4, 2), (4, 3), (5, 2), (5, 4), (6, 2), (6, 3), (6, 4), (6, 5), (7, 4), (7, 5), (7, 6), (8, 5), (8, 7), (9, 3), (9, 6), (10, 4), (10, 6), (10, 7), (10, 9), (11, 5), (11, 6), (11, 7), (11, 8), (11, 10), (12, 7), (12, 8), (12, 11), (13, 8), (13, 12)]
[(2, 2, 0), (3, 3, 0), (4, 2, 0), (4, 3, 0), (4, 4, 0), (5, 3, 0), (5, 4, 0), (5, 5, 0), (6, 2, 0), (6, 3, 0), (6, 4, 0), (6, 5, 0), (6, 6, 0)]
partition: neighbor: [(1, 14), (2, 1), (3, 1), (3, 2), (4, 2), (4, 3), (5, 2), (5[(1, 14), (2, 1), (3, 1), (3, 2), (4, 2), (4, 3), (5, 2), (5, 4), (6, 2), (6, 3), (6, 4), (6, 5), (7, 4), (7, 5), (7, 6), (8, 5), (8, 7), (9, 3), (9, 6), (10, 4), (10, 6), (10, 7), (10, 9), (11, 5), (11, 6), (11, 7), (11, 8), (11, 10), (12, 7), (12, 8), (12, 11), (13, 8), (13, 12)]
partition: , 4[(2, 2, 0), (3, 3, 0), (4, 2, 0), (4, 3, 0), (4, 4, 0), (5, 3, 0), (5, 4, 0), (5, 5, 0), (6, 2, 0), (6, 3, 0), (6, 4, 0), (6, 5, 0), (6, 6, 0)]
), (6, 2), (6, 3), (6, 4), (6, 5), (7, 4[(2, 2, 0), (3, 3, 0), (4, 2, 0), (4, 3, 0), (4, 4, 0), (5, 3, 0), (5, 4, 0), (5, 5, 0), (6, 2, 0), (6, 3, 0), (6, 4, 0), (6, 5, 0), (6, 6, 0)]
), (7, 5), (7, 6), (8, 5), (8, 7), (9, 3), (9, 6), (10, 4), (10, 6), (10, 7), (10, 9), (11, 5), (11, 6), (11, 7), (11, 8), (11, 10), (12, 7), (12, 8), (12, 11), (13, 8), (13, 12)]
neighbor: neighbor: [(1, 14), (2, 1), (3, 1), (3, 2), (4, 2), (4, 3), (5, 2), (5, 4), (6, 2), (6, 3), (6, 4), (6, 5), (7, 4), (7, 5), (7, 6), (8, 5), (8, 7), (9, 3), (9, 6), (10, 4), (10, 6), (10, 7), (10, 9), (11, 5), (11, 6), (11, 7), (11, 8), (11, 10), (12, 7), (12, 8), (12, 11), (13, 8), (13, 12)]
partition: [(2, 2, 0), (3, 3, 0), (4, 2, 0), (4, 3, 0), (4, 4, 0), (5, 3, 0), (5, 4, 0), (5, 5, 0), (6, 2, 0), (6, 3, 0), (6, 4, 0), (6, 5, 0), (6, 6, 0)]
partition: [(2, 2, 0), (3, 3, 0), (4, 2, 0), (4, 3, 0), (4, 4, 0), (5, 3, 0), (5, 4, 0), (5, 5, 0), (6, 2, 0), (6, 3, 0), (6, 4, 0), (6, 5, 0), (6, 6, 0)]
[(1, 14), (2, 1), (3, 1), (3, 2), (4, 2), (4, 3), (5, 2), (5, 4), (6, 2), (6, 3), (6, 4), (6, 5), (7, 4), (7, 5), (7, 6), (8, 5), (8, 7), (9, 3), (9, 6), (10, 4), (10, 6), (10, 7), [(1, 14(10, 9), (11, 5), (11, 6), [(1, 14), (2, 1), (3,), (2, 1), (3, 1), (3, 2), (4,(11, 7), (11, 8), (11, 10), (12, 1), (3, 2), (4, 2), (4,  2), (4, 3), (5, 2), (5, 4) 7), (12, 8), (12, 11), (13, 83), (5, 2), (5, 4), (6, 2),, (6, 2), (6, 3), (6, 4), (6), (13, 12)]
 (6, 3), (6, 4), (6, 5), , 5), (7, 4), (7, 5), (7,(7, 4), (7, 5), (7, 6), ( 6), (8, 5), (8, 7), (9, 38, 5), (8, 7), (9, 3)), (9, 6), (10, 4), (10, , (9, 6), (10, 4), (106), (10, 7), (10, 9), (, 6), (10, 7), (10, 9), 11, 5), (11, 6), (11, 7), (11, 5), (11, 6), (11, 7(11, 8), (11, 10), (12, 7)), (11, 8), (11, 10), (12partition: , (12, 8), (12, 11), (13, 8), (, 7), (12, 8), (12, 11), (13, 8)13, 12)]
, (13, 12)]
neighbor: neighbor: partition: [(2, 2, 0), (3, 3, 0), (4, 2, 0), (4, 3, 0), (4, 4, 0), (5, 3, 0), (5, 4, 0), (5, 5, 0), (6, 2, 0), (6, 3, 0), (6, 4, 0), (6, 5, 0), (6, 6, 0)]
[(2, 2, 0[(2, 2, 0), (3, 3,), (3, 3, 0), (4, 2, 0), (4 0), (4, 2, 0), (4, 3, 0), , 3, 0), (4, 4, 0), (5, 3, (4, 4, 0), (5, 3, 0), (5, 0), (5, 4, 0), (5, 5, 4, 0), (5, 5, 0), (6, 0), (6, 2, 0), (6, 3, 2, 0), (6, 3, 0), (6, 0), (6, 4, 0), (6, 5, 4, 0), (6, 5, 0), (6, 0), (6, 6, 0)]
6, 0)]
neighbor: neighbor: neighbor: partition: partition: partition: partition: partition: [(2, 2, 0), (3, 3, 0), (4, 2, 0), (4, 3, 0), (4, 4, 0), (5, 3, 0), (5, 4, 0), (5, 5, 0), (6, 2, 0), (6, 3, 0), (6, 4, 0), (6, 5, 0), (6, 6, 0)]
partition: neighbor: [(2, 2, 0), (3, 3, 0), (4, 2, 0), (4, 3, 0), (4, 4, 0), (5, 3, 0), (5, 4, 0), (5, 5, 0), (6, 2, 0), (6, 3, 0), (6, 4, 0), (6, 5, 0), (6, 6, 0)]
[(1, 14), (2, 1), (3, 1), (3, 2), (4, 2), (4, 3), (5, 2), (5, 4), (6, 2), (6, 3), (6, 4), (6, 5), (7, 4), (7, 5), (7, 6), (8, 5), (8, 7), (9, 3), (9, 6), (10, 4), (10, 6), (10, 7), (10, 9), (11, 5), (11, 6), (11, 7), (11, 8), (11, 10), (12, 7), (12[(2, 2, , 8), (12, 11), (13, 8), 0), (3, 3, 0), (4, 2, 0(13, 12)]
), (4, 3, 0), (4, 4, 0), (5, 3, 0), (5, 4, 0), (5, 5, 0), (6, 2, 0), (6, 3, 0), (6, 4, 0), (6, 5, 0), (6, 6, 0)]
[(2, 2, 0), (3, 3, 0), (4, 2, 0), (4, 3, 0), (4, 4, 0), (5, 3, 0), (5, 4, 0), (5, 5, 0), (6, 2, 0), (6, 3, 0), (6, 4, 0), (6, 5, 0), (6, 6, 0)]
partition: neighbor: partition: neighbor: [(1, 14), (2, 1), (3, 1), (3, 2), (4, 2), (4, 3), (5, 2), (5, 4), (6, 2), (6, 3), (6, 4), (6, 5), (7, 4), (7, 5), (7, 6), (8, 5), (8, 7), (9, 3), (9, 6), (10, 4), (10, 6), (10, 7), (10, 9), (11, 5), (11, 6), (11, 7), (11, 8), (11, 10), (12, 7), (12, 8), (12, 11), (13, 8), (13, 12)]
neighbor: [(1, 14), (2, 1), (3, 1), (3, 2), (4, 2), (4, 3), (5, 2), (5, 4), (6, 2), (6, 3), (6, 4), (6, 5), (7, 4), (7, 5), (7, 6), (8, 5), (8, 7), (9, 3), (9, 6), (10, 4), (10, 6), (10, 7), (10, 9), (11, 5), (11, 6), (11, 7), (11, 8), (11, 10), (12, 7), (12, 8), (12, 11), (13, 8), (13, 12)]
partition: [(2, 2, 0), (3, 3, 0), (4, 2, 0), (4, 3, 0), (4, 4, 0), (5, 3, 0), (5, 4, 0), (5, 5, 0), (6, 2, 0), (6, 3, 0), (6, 4, 0), (6, 5, 0), (6, 6, 0)]
partition: neighbor: partition: [(1, 14), (2, 1), (3, 1), (3, 2), (4, 2), (4, 3), (5, 2), (5, 4), (6, 2), (6, 3), (6, 4), (6, 5), (7, 4), (7, 5), (7, 6), (8, 5), (8, 7), (9, 3), (9, 6), (10, 4), (10, 6), (10, 7), (10, 9), (11, 5), (11, 6), (11, 7), (11, 8), (11, 10), (12, 7), (12, 8), (12, 11), (13, 8), (13, 12)]
[(2, 2, 0), (3, 3, 0), (4, 2, 0), (4, 3, 0), (4, 4, 0), (5, 3, 0), (5, 4, 0), (5, 5, 0), (6, 2, 0), (6, 3, 0), (6, 4, 0), (6, 5, 0), (6, 6, 0)]
partition: [(1, 14), (2, 1), (3, 1), (3, 2), (4, 2), (4, 3), (5, 2), (5, 4), (6, 2), (6, 3), (6, 4), (6, 5), (7, 4), (7, 5), (7, 6), (8, 5), (8, 7), (9, 3), (9, 6), (10, 4), (10, 6), (10, 7), (10, 9), (11, 5), (11, 6), (11, 7), (11, 8), (11, 10), (12, 7), (12, 8), (12, 11), (13, 8), (13, 12)]
neighbor: partition: [(1, 14), (2, 1), (3, 1), (3, 2), (4, 2), (4, 3), (5, 2), ([(1, 14), (2, 1), (3, 1), (3, 2), (4, 2), (4, 3), (5, 2), (5, 4), (6, 2), (6, 3), (6, 4), (6, 5, 4), (6, 2), (6, 3), (6, 4), (6, 5), (7, 4), (7, 5), (7, 6), 5), (7, 4), (7, 5), (7, 6), (8, 5(8, 5), (8, 7), (9, 3), (8, 7), (9, 3), (9,), (9, 6), (10, 4), (10,  6), (10, 4), (10, 6), (6), (10, 7), (10, 9), (1110, 7), (10, 9), (11, 5), (, 5), (11, 6), (11, 7), (11, 6), (11, 7), (11, 8), 11, 8), (11, 10), (12, 7), (11, 10), (12, 7), (12, 8),(12, 8), (12, 11), (13, 8), (12, 11), (13, 8), (13, 12) (13, 12)]
]
[(1, 14), (2, 1), (3, 1), (3, 2), (4, 2), (4, 3), (5, 2), (5, 4), (6, 2), (6, 3), (6, 4), (6, 5), (7, 4), (7, 5), (7, 6), (8, 5), (8, 7), (9, 3), [(2(9, 6), (10, 4), (10, , 2, 0), (3, 3, 0), (4, 6), (10, 7), (10, 9), (11, 5)2, 0), (4, 3, 0), (4,, (11, 6), (11, 7), (11, 4, 0), (5, 3, 0), (5,  8), (11, 10), (12, 7), (12, 4, 0), (5, 5, 0), (68), (12, 11), (13, 8), (, 2, 0), (6, 3, 0), (613, 12)]
, 4, 0), (6, 5, 0), (6, 6, 0)]
[(2, 2, 0), (3, 3, 0), (4, 2, 0), (4, 3, 0), (4, 4, 0), (5, 3, 0), (5, 4, 0), (5, 5, 0), (6, 2, 0), (6, 3, 0), (6, 4, 0), (6, 5, 0), (6, 6, 0)]
partition: partition: neighbor: neighbor: [(2, 2, 0), (3, 3, 0), (4, 2, 0), (4, 3, 0), (4, 4, 0), (5, 3, 0), (5, 4, 0), (5, 5, 0), (6, 2, 0), (6, 3, 0), (6, 4, 0), (6, 5, 0), (6, 6, 0)]
partition: [(2, 2, 0), (3, 3, 0), (4, 2, 0), (4, 3, 0), (4, 4, 0), (5, 3, 0), (5, 4, 0), (5, 5, 0), (6, 2, 0), (6, 3, 0), (6, 4, 0), (6, 5, 0), (6, 6, 0)]
[(1, 14), (2, 1), (3, 1), (3, 2), (4, 2), (4, 3), (5, 2), (5, 4), (6, 2), (6, 3), (6, 4), (6, 5), (7, 4), (7, 5), (7, 6), (8, 5), (8, 7), (9, 3), (9, 6), (10, 4), (10, 6), (10, 7), (10, 9), (11, 5), (11, 6), (11, 7), (11, 8), (11, 10), (12, 7), (12, 8), (12, 11), (13, 8), (13, 12)]
neighbor: partition: neighbor: partition: [(2, 2, 0), (3, 3, 0), (4, 2, 0), (4, 3, 0), (4, 4, 0), (5, 3, 0), (5, 4, 0), (5, 5, 0), (6, 2, 0), (6, 3, 0), (6, 4, 0), (6, 5, 0), (6, 6, 0)]
[(2, 2, 0), (3, 3, 0), (4, 2, 0), (4, 3, 0), (4, 4, 0), (5, 3, 0), (5, 4, 0), (5, 5, 0), (6, 2, 0), (6, 3, 0), (6, 4, 0), (6, 5, 0), (6, 6, 0)]
[(2, 2, 0), (3, 3,[(2, 2, 0), (3, 3, 0), (4, 2, 0)partition:  0), (4, 2, 0), (4, 3, 0), (4, 4,, (4, 3, 0), (4, 4,  0), (5, 3, 0), (5, 3, 00), (5, 4, 0), (5, 4, 0), (5, 5, 0), (5, 5, 0)), (6, 2, 0, (6, 2, 0)), (6, 3, 0, (6, 3, 0),), (6, 4, 0 (6, 4, 0), ), (6, 5, 0(6, 5, 0), (6), (6, 6, 0)], 6, 0)]

[(2, 2, 0), (3, 3, 0), (4, 2,partition:  0), (4, 3, 0), (4, 4, 0), (5, 3, 0), (5, 4, 0), (5, 5, 0), (6, 2, 0), (6, 3, 0), (6, 4, 0), (6, 5, 0), (6, 6, 0)]
neighbor: [(2, 2, 0), (3, 3, 0), (4, 2, 0), (4, 3, 0), (4, 4, 0), (5, 3, 0), (5, 4, 0), (5, 5, 0), (6, 2, 0), (6, 3, 0), (6, 4, 0), (6, 5, 0), (6, 6, 0)]
neighbor: neighbor: neighbor: [(1, 14), (2, 1), (3, 1), (3, 2), (4, 2), (4, 3), (5, 2), (5, 4), (6, 2), (6, 3), (6, 4), (6, 5), (7, 4), (7, 5), (7, 6), (8, 5), (8, 7), (9, 3), (9, 6), (10, 4), (10, 6), (10, 7), (10, 9), (11, 5), (11, 6), (11, 7), (11, 8), (11, 10), (12, 7), (12, 8), (12, 11), (13, 8), (13, 12)]
[(1, 14), (2, 1), (3, 1), (3, 2), (4, 2), (4, 3), (5, 2), (5, 4), (6, 2), (6, 3), (6, 4), (6, 5), (7, 4), (7, 5), (7, 6), (8, 5), (8, 7), (9, 3), (9, 6), (10, 4), (10, 6), (10, 7), (10, 9), (11, 5), (11, 6), (11, 7), (11, 8), (11, 10), (12, 7), (12, 8), (12, 11), (13, 8), (13, 12)]
[(1, 14), (2, 1), (3, 1), (3, 2), (4, 2), (4, 3), (5, 2), (5, 4), (6, 2), (6, 3), (6, 4), (6, 5), (7, 4), (7, 5), (7, 6), (8, 5), (8, 7), (9, 3), (9, 6), (10, 4), (10, 6), (10, 7), (10, 9), (11, 5), (11, 6), (11, 7), (11, 8), (11, 10), (12, 7), (12, 8), (12, 11), (13, 8), (13, 12)]
partition: neighbor: partition: neighbor: partition: partition: partition: partition: partition: partition: partition: partition: partition: partition: [(1, 14), (2, 1), (3, 1), (3, 2), (4, 2), (4, 3), (5, 2), (5, 4), (6, 2), (6, 3), (6, 4), (6, 5), (7, 4), (7, 5), (7, 6), (8, 5), (8, 7), (9, 3), (9, 6), (10, 4), (10, 6), (10, 7), (10, 9), (11, 5), (11, 6), (11, 7), (11, 8), (11, 10), (12, 7), (12, 8), (12, 11), (13, 8), (13, 12)]
partition: [(2, 2, 0), (3, 3, 0), (4, 2, 0), (4, 3, 0), (4, 4, 0), (5, 3, 0), (5, 4, 0), (5, 5, 0), (6, 2, 0), (6, 3, 0), (6, 4, 0), (6, 5, 0), (6, 6, 0)]
[(2, 2, 0), (3, 3, 0), (4, 2, 0), (4, 3, 0), (4, 4, 0), (5, 3, 0), (5, 4, 0), (5, 5, 0), (6, 2, 0), (6, 3, 0), (6, 4, 0), (6, 5, 0), (6, 6, 0)]
partition: partition: neighbor: [(1, 14), (2, 1), (3, 1), (3, 2), (4, 2), (4, 3), (5, 2), (5, 4), (6, 2), (6, 3), (6, 4), (6, 5), (7, 4), (7, 5), (7, 6), (8, 5), (8, 7), (9, 3), (9, 6), (10, 4), (10, 6), (10, 7), (10, 9), (11, 5), (11, 6), (11, 7), (11, 8), (neighbor: 11, 10), (12, 7), (12, 8), (12, 11), (13, 8), (13, 12)]
[(2, 2, 0), (3, 3, 0), (4, 2, 0), (4, 3, 0), (4, 4, 0), (5, 3, 0), (5, 4, 0), (5, 5, 0), (6, 2, 0), (6, 3, 0), (6, 4, 0), (6, 5, 0), (6, 6, 0)]
partition: neighbor: [(2, 2, 0), (3, 3, 0), (4, 2, 0), (4, 3, 0), (4, 4, 0), (5, 3, 0), (5, 4, 0), (5, 5, 0), (6, 2, 0), (6, 3, 0), (6, 4, 0), (6, 5, 0), (6, 6, 0)]
[(1, 14), (2, 1), (3, 1), (3, 2), (4, 2), (4, 3), (5, 2), (5, 4), (6, 2), (6, 3), (6, 4), (6, 5), (7, 4), (7, 5), (7, 6), (8, 5), (8, 7), (9, 3), (9, 6), (10, 4), (10, 6), (10, 7), (10, 9), (11, 5), (11, 6), (11, 7), (11, 8), (11, 10), (12, 7), (12, 8), (12, 11), (13, 8), (13, 12)]
partition: partition: [(2, 2, 0), (3, 3, 0), (4, 2, 0), (4, 3, 0), (4, 4, 0), (5, 3, 0), (5, 4, 0), (5, 5, 0), (6, 2, 0), (6, 3, 0), (6, 4, 0), (6, 5, 0), (6, 6, 0)]
[(1, 14), (2, 1), (3, 1), (3, 2), (4, 2), (4, 3), (5, 2), (5, 4), (6, 2), (6, 3), (6, 4), (6, 5), (7, 4), (7, 5), (7, 6), (8, 5), (8, 7), (9, 3), (9, 6), (10, 4), (10, 6), (10, 7), (10, 9), (11, 5), (11, 6), (11, 7), (11, 8), (11, 10), (12, 7), (12, 8), (12, 11), (13, 8), (13, 12)]
neighbor: neighbor: [(2, 2, 0), (3, 3, 0), (4, 2, 0), (4, 3, 0), (4, 4, 0), (5, 3, 0), (5, 4, 0), (5, 5, 0), (6, 2, 0), (6, 3, 0), (6, 4, 0), (6, 5, 0), (6, 6, 0)]
[(1, 14), (2, 1), (3, 1), (3, 2), (4, 2), (4, 3), (5, 2), (5, 4), (6, 2), (6, 3), (6, 4), (6, 5), (7, 4), (7, 5), (7, 6), (8, 5), (8, 7), (9, 3), (9, 6), (10, 4), (10, 6), (10, 7), (10, 9), (11, 5), (11, 6), (11, 7), (11, 8), (11, 10), (12, 7), (12, 8), (12, 11), (13, 8), (13, 12)]
[(2, 2, 0), (3, 3, 0), (4, 2, 0), (4, 3, 0), (4, 4, 0), (5, 3, 0), (5, 4, 0), (5, 5, 0), (6, 2, 0), (6, 3, 0), (6, 4, 0), (6, 5, 0), (6, 6, 0)]
[(1, 14), (2, 1), (3, 1), (3, 2), (4, 2), (4, 3), (5, 2), (5, 4), (6, 2), (6, 3), (6, 4), (6, 5), (7, 4), (7, 5), (7, 6), (8, 5), (8, 7), (9, 3), (9, 6), (10, 4), (10, 6), (10, 7), (10, 9), (11, 5), (11, 6), (11, 7), (11, 8), (11, 10), (12, 7), (12, 8), (12, 11), (13, 8), (13, 12)]
neighbor: partition: neighbor: partition: [(2, 2, 0), (3, 3, 0), (4, 2, 0), (4, 3, 0), (4, 4, 0), (5, 3, 0), (5, 4, 0), (5, 5, 0), (6, 2, 0), (6, 3, 0), (6, 4, 0), (6, 5, 0), (6, 6, 0)]
[(2, 2, 0), (3, 3, 0), (4, 2, 0), (4, 3, 0), (4, 4, 0), (5, 3, 0), (5, 4, 0), (5, 5, 0), (6, 2, 0), (6, 3, 0), (6, 4, 0), (6, 5, 0), (6, 6, 0)]
[(1, 14), (2, 1), (3, 1), (3, 2), (4, 2), (4, 3), (5, 2), (5, 4), (6, 2), (6, 3), (6, 4), (6, 5), (7, 4), (7, 5), (7, 6), (8, 5), (8, 7), (9, 3), (9, 6), (10, 4), (10, 6), (10, 7), (10, 9), (11, 5), (11, 6), (11, 7), (11, 8), (11, 10), (12, 7), (12, 8), (12, 11), (13, 8), (13, 12)]
partition: [(1, 14), (2, 1), (3, 1), (3, 2), (4, 2), (4, 3), (5, 2), (5, 4), (6, 2), (6, 3), (6, 4), (6, 5), (7, 4), (7, 5), (7, 6), (8, 5), (8, 7), (9, 3), (9, 6), (10, 4), (10, 6), (10, 7), (10, 9), (11, 5), (11, 6), (11, 7), (11, 8), (11, 10), (12, 7), (12, 8), (12, 11), (13, 8), (13, 12)]
partition: neighbor: partition: [(1, 14), (2, 1), (3, 1), (3, 2), (4, 2[(1, 14), (2, 1), (3, 1), (3, 2), (4, 2), (4, 3), (5, 2), (5, ), (4, 3), (5, 2), (5, 4), (6, 2), (6, 3), (6, 4), (6, 2), (6, 3), (6, 4)4), (6, 5), (7,, (6, 5), (7, 4), 4), (7, 5), (7,  (7, 5), (7,6), (8, 5),  6), (8, 5), (8(8, 7), (9, 3),, 7), (9, 3), ( (9, 6), (10, 4),9, 6), (10, 4 (10, 6), (10), (10, 6), (10, , 7), (10, 9), (7), (10, 9), 11, 5), (11, (11, 5), (11,6), (11, 7), (11, 6), (11, 7), (11,  8), (11, 10),8), (11, 10), (12, 7), (12, (12, 7), (12, 8),  8), (12, 11), (13, (12, 11), (13, 8), (13, 12)]8), (13, 12)]

neighbor: partition: [(2, 2, 0), (3, 3, 0), (4, 2, 0), (4, 3, 0), (4, 4, 0), (5, 3, 0), (5, 4, 0), (5, 5, 0), (6, 2, 0), (6, 3, 0), (6, 4, 0), (6, 5, 0), (6, 6, 0)]
[(1, 14), (2, 1), (3, 1), (3, 2), (4, 2), (4, 3), (5, 2), (5, 4), (6, 2), (6, 3), (6, 4), (6, 5), (7, 4), (7, 5), (7, 6), (8, 5), (8, 7), (9, 3), (9, 6), (10, 4), (10, 6), (10, 7), (10, 9), (11, 5), (11, 6), (11, 7), ([(111, 8), (, 14), (2, 111, 10), (), (3, 1),12, 7), (12, (3, 2), (4, 2 8), (12, 11), ), (4, 3), (5,(13, 8), (13, 12 2), (5, 4), )]
(6, 2), ([(6, 3), (6, 4)2, 2, 0, (6, 5), (7), (3, 3, 0), 4), (7, 5),, (4, 2, 0), (7, 6), (8,  (4, 3, 0), (5), (8, 7), (94, 4, 0), (5,, 3), (9, 6), 3, 0), (5,  (10, 4), (10, 6), 4, 0), (5, 5, 0)(10, 7), (10, 9, (6, 2, 0)), (11, 5), (11,, (6, 3, 0),  6), (11, 7), (6, 4, 0), ((11, 8), (11, 106, 5, 0), (6,), (12, 7), (12, 8 6, 0)]
), (12, 11), (13, 8), (13, 12)]
neighbor: [(2, 2, 0), (3, 3, 0), (4, 2, 0), (4, 3, 0), (4, 4, 0), (5, 3, 0), (5, 4, 0), (5, 5, 0), (6, 2, 0), (6, 3, 0), (6, 4, 0), (6, 5, 0), (6, 6, 0)]
neighbor: [(2, 2, 0), (3, 3, 0), (4, 2, 0), (4, 3, 0), (4, 4, 0), (5, 3, 0), (5, 4, 0), (5, 5, 0), (6, 2, 0), (6, 3, 0), (6, 4, 0), (6, 5, 0), (6, 6, 0)]
partition: partition: neighbor: neighbor: partition: [(2, 2, 0), (3, 3, 0), (4, 2, 0), (4, 3, 0), (4, 4, 0), (5, 3, 0), (5, 4, 0), (5, 5, 0), (6, 2, 0), (6, 3, 0), (6, 4, 0), (6, 5, 0), (6, 6, 0)]
[(2, 2, 0), (3, 3, 0), (4, 2, 0), (4, 3, 0), (4, 4, 0), (5, 3, 0), (5, 4, 0), (5, 5, 0), (6, 2, 0), (6, 3, 0), (6, 4, 0), (6, 5, 0), (6, 6, 0)]
[(2, 2, 0), (3, 3, 0), (4, 2, 0), (4, 3, 0), (4, 4, 0), (5, 3, 0), (5, 4, 0), (5, 5, 0), (6, 2, 0), (6, 3, 0), (6, 4, 0), (6, 5, 0), (6, 6, 0)]
[(1, 14), (2, 1), (3, 1), (3, 2), (4, 2), (4, 3), (5, 2), (5, 4), (6, 2), (6, 3), (6, 4), (6, 5), (7, 4), (7, 5), (7, 6), (8, 5), (8, 7), (9, 3), (9, 6), (10, 4), (10, 6), (10, 7), (10, 9), (11, 5), (11, 6), (11, 7), (11, 8), (11, 10), (12, 7), (12, 8), (12, 11), (13, 8), (13, 12)]
[(1, 14), (2, 1), (3, 1), (3, 2), (4, 2), (4, 3), (5, 2), (5, 4), (6, 2), (6, 3), (6, 4), (6, 5), (7, 4), (7, 5), (7, 6), (8, 5), (8, 7), (9, 3), (9, 6), (10, 4), (10, 6), (10, 7), (10, 9), (11, 5), (11, 6), (11, 7), (11, 8), (11, 10), (12, 7), (12, 8), (12, 11), (13, 8), (13, 12)]
partition: neighbor: [(2, 2, 0), (3, 3, 0), (4, 2, 0), (4, 3, 0), (4, 4, 0), (5, 3, 0), (5, 4, 0), (5, 5, 0), (6, 2, 0), (6, 3, 0), (6, 4, 0), (6, 5, 0), (6, 6, 0)]
neighbor: partition: neighbor: partition: [(2, 2, 0), (3, 3, 0), (4, 2, 0), (4, 3, 0), (4, 4, 0), (5, 3, 0), (5, 4, 0), (5, 5, 0), (6, 2, 0), (6, 3, 0), (6, 4, 0), (6, 5, 0), (6, 6, 0)]
[(2, 2, 0), (3, 3, 0), (4, 2, 0), (4, 3, 0), (4, 4, 0), (5, 3, 0), (5, 4, 0), (5, 5, 0), (6, 2, 0), (6, 3, 0), (6, 4, 0), (6, 5, 0), (6, 6, 0)]
[(2, 2, 0), (3, 3, 0), (4, 2, 0), (4, 3, 0), (4, 4, 0), (5, 3, 0), (5, 4, 0), (5, 5, 0), (6, 2, 0), (6, 3, 0), (6, 4, 0), (6, 5, 0), (6, 6, 0)]
[(1, 14), (2, 1), (3, 1), (3, 2), (4, 2), (4, 3), (5, 2), (5, 4), (6, 2)[(2, (6, 3), (6, 4), (6, , 2, 0), (3, 3, 05), (7, 4), (7, 5), (4, 2, 0), ), (7, 6), ((4, 3, 0), (48, 5), (8, 7, 4, 0), (5,), (9, 3), ( 3, 0), (5, 4, 9, 6), (10, 4), (10,0), (5, 5, 0), 6), (10, 7),  (6, 2, 0), (6,(10, 9), (11, 5), 3, 0), (6, 4 (11, 6), (11, , 0), (6, 5, 7), (11, 8), (0), (6, 6, 0)11, 10), (12, 7]
), (12, 8), (12, 11), (13, 8), (13, 12)]
[(2, 2, 0), (3, 3, 0), (4, 2, 0), (4, 3, 0), (4, 4, 0), (5, 3, 0), (5, 4, 0), (5, 5, 0), (6, 2, 0), (6, 3, 0), (6, 4, 0), (6, 5, 0), (6, 6, 0)]
partition: neighbor: [(2, 2, 0), (3, 3, 0), (4, 2, 0), (4, 3, 0), (4, 4, 0), (5, 3, 0), (5, 4, 0), (5, 5, 0), (6, 2, 0), (6, 3, 0), (6, 4, 0), (6, 5, 0), (6, 6, 0)]
[(2, 2, 0), (3, 3, 0), (4, 2, 0), (4, 3, 0), (4, 4, 0), (5, 3, 0), (5, 4, 0), (5, 5, 0), (6, 2, 0), (6, 3, 0), (6, 4, 0), (6, 5, 0), (6, 6, 0)]
neighbor: neighbor: neighbor: [(2, 2, 0), (3, 3, 0), (4, 2, 0), (4, 3, 0), (4, 4, 0), (5, 3, 0), (5, 4, 0), (5, 5, 0), (6, 2, 0), (6, 3, 0), (6, 4, 0), (6, 5, 0), (6, 6, 0)]
neighbor: [(2, 2, 0), (3, 3, 0), (4, 2, 0), (4, 3, 0), (4, 4, 0), (5, 3, 0), (5, 4, 0), (5, 5, 0), (6, 2, 0), (6, 3, 0), (6, 4, 0), (6, 5, 0), (6, 6, 0)]
neighbor: [(1, 14), (2, 1), (3, 1), (3, 2), (partition: 4, 2), (4, 3), (5, 2), (5, 4), (6, 2), (6, 3), (6, 4), (6, 5), [(1, (7, 4), (7, 5), (7, 14), (2, 1), (3, 1)6), (8, 5), (8, 7), , (3, 2), (4, 2),(9, 3), (9 (4, 3), (5, 2), 6), (10, 4), (10, 6), (5, 4), (6, 2), (10, 7), (, (6, 3), (6, 4)10, 9), (, (6, 5), (7, 4), (711, 5), (11, , 5), (7, 6), (8, 6), (11, 7), (11, 8), (5), (8, 7), (9, 11, 10), (12, 7), (12, 8),3), (9, 6), (10,  (12, 11), (13, 8), (13, 4), (10, 6), (10, 712)]
), (10, 9), (11, 5), (11, 6), (11, 7), (11, 8), (11, 10), (12, 7), (12, 8), (12, 11), (13, 8), (13, 12)]
neighbor: neighbor: [(2, 2, 0), (3, 3, 0), (4, 2, 0), (4, 3, 0), (4, 4, 0), (5, 3, 0), (5, 4, 0), (5, 5, 0), (6, 2, 0), (6, 3, 0), (6, 4, 0), (6, 5, 0), (6, 6, 0)]
neighbor: [(2, 2, 0), (3, 3, 0), (4, 2, 0), (4, 3, 0), (4, 4, 0), (5, 3, 0), (5, 4, 0), (5, 5, 0), (6, 2, 0), (6, 3, 0), (6, 4, 0), (6, 5, 0), (6, 6, 0)]
neighbor: partition: [(2, 2, 0), (3, 3, 0), (4, 2, 0), (4, 3, 0), (4, 4, 0), (5, 3, 0), (5, 4, 0), (5, 5, 0), (6, 2, 0), (6, 3, 0), (6, 4, 0), (6, 5, 0), (6, 6, 0)]
neighbor: neighbor: [(2, 2, 0), (3, 3, 0), (4, 2, 0), (4, 3, 0), (4, 4, 0), (5, 3, 0), (5, 4, 0), (5, 5, 0), (6, 2, 0), (6, 3, 0), (6, 4, 0), (6, 5, 0), (6, 6, 0)]
partition: neighbor: [(1, 14), (2, 1), (3, 1), (3, 2), (4, 2), (4, 3), (5, 2), (5, 4), (6, 2), (6, 3), (6, 4), (6, 5), (7, 4), (7, 5), (7, 6), (8, 5), (8, 7), (9, 3), (9, 6), (10, 4), (10, 6), (10, 7), (10, 9), (11, 5), (11, 6), (11, 7), (11, 8), (11, 10), (12, 7), (12, 8), (12, 11), (13, 8), (13, 12)]
[(2, 2, 0), (3, 3, 0), (4, 2, 0), (4, 3, 0), (4, 4, 0), (5, 3, 0), (5, 4, 0), (5, 5, 0), (6, 2, 0), (6, 3, 0), (6, 4, 0), (6, 5, 0), (6, 6, 0)]
neighbor: [(2, 2, 0), (3, 3, 0), (4, 2, 0), (4, 3, 0), (4, 4, 0), (5, 3, 0), (5, 4, 0), (5, 5, 0), (6, 2, 0), (6, 3, 0), (6, 4, 0), (6, 5, 0), (6, 6, 0)]
neighbor: [(1, 14), (2, 1), (3, 1), (3, 2), (4, 2), (4, 3), (5, 2), (5, 4), (6, 2), (6, 3), (6, 4), (6, 5), (7, 4), (7, 5), (7, [(1, 146), (8, 5), (8, 7), ), (2, 1), (3, 1), ((9, 3), (9, 6), (10, 43, 2), (4, 2), (4, 3), ), (10, 6), (10, 7), (10(5, 2), (5, 4), (6, 2, 9), (11, 5), (11, 6), ), (6, 3), (6, 4), (6, (11, 7), (11, 8), (11, 10)5), (7, (12, 7), (12, 8), (12, 11),, 4), (7, 5), (7, 6) (13, 8), (13, 12)]
, (8, 5), (8, 7), (9, 3), (9, 6), (10, 4), (10, 6), (10, 7), (10, 9), (11, 5), (11, 6), (11, 7), (11, 8), (11, 10), (12, 7), (12, 8), (12, 11), (13, 8), (13, 12)]
partition: neighbor: partition: [(1, 14), (2, 1), (3, 1), (3, 2), (4, 2), (4, 3), (5, 2), (5, 4), (6, 2), (6, 3), (6, 4), (6, 5), (7, 4), (7, 5), (7, 6), (8, 5), (8, 7), (9, 3), (9, 6), (10, 4), (10, 6), (10, 7), (10, 9), (11, 5), (11, 6), (11, 7), (11, 8), (11, 10), (12, 7), (12, 8), (12, 11), (13, 8), (13, 12)]
[(1, 14), (2, 1), (3, 1), (3, 2), (4, 2), (4, 3), (5, 2), (5, 4), (6, 2), (6, 3), (6, 4), (6, 5), (7, 4), (7, 5), (7, 6), (8, 5), (8, 7), (9, 3), (9, 6), (10, 4), (10, 6), (10, 7), (10, 9), (11, 5), (11, 6), (11, 7), (11, 8), (11, 10), (12, 7), (12, 8), (12, 11), (13, 8), (13, 12)]
[(2, 2, 0), (3, 3, 0), (4, 2, 0), (4, 3, 0), (4, 4, 0), (5, 3, 0), (5, 4, 0), (5, 5, 0), (6, 2, 0), (6, 3, 0), (6, 4, 0), (6, 5, 0), (6, 6, 0)]
[(1, 14), (2, 1), (3, 1), (3, 2), (4, 2), (4, 3), (5, 2), (5, 4), (6, 2), (6, 3), (6, 4), (6, 5), (7, 4), (7, 5), (7, 6), (8, 5), (8, 7), (9, 3), (9, 6), (10, 4), (10, 6), (10, 7), (10, 9), (11, 5), (11, 6), (11, 7), (11, 8), (11, 10), (12, 7), (12, 8), (12, 11), (13, 8), (13, 12)]
[(1, 14), (2, 1), (3, 1), (3, 2), (4, 2), (4, 3), (5, 2), (5, 4), (6, 2), (6, 3), (6, 4), (6, 5), (7, 4), (7, 5), ([(1, 14)7, 6), (8, 5), (, (2, 1), (3,8, 7), (9, 3) 1), (3, 2), (, (9, 6), (10, 44, 2), (4, 3)), (10, 6), (, (5, 2), (510, 7), (10, 9), 4), (6, 2, (11, 5), (11), (6, 3), , 6), (11, 7(6, 4), (6,), (11, 8), ( 5), (7, 411, 10), (12, 7), (12, ), (7, 5), (7, 6), (8), (12, 11), (8, 5), (8, 13, 8), (13, 127), (9, 3), ()]
9, 6), (10, 4), (10, 6), (10, 7), (10, 9), (11, 5), (11, 6), (11, 7), (11, 8), (11, 10), (12, 7), (12, 8), (12, 11), (13, 8), (13, 12)]
[(2, 2, 0), (3, 3, 0), (4, 2, 0), (4, 3, 0), (4, 4, 0), (5, 3, 0), (5, 4, 0), (5, 5, 0), (6, 2, 0), (6, 3, 0), (6, 4, 0), (6, 5, 0), (6, 6, 0)]
neighbor: partition: [(2, 2, 0), (3, 3, 0), (4, 2, 0), (4, 3, 0), (4, 4, 0), (5, 3, 0), (5, 4, 0), (5, 5, 0), (6, 2, 0), (6, 3, 0), (6, 4, 0), (6, 5, 0), (6, 6, 0)]
partition: neighbor: [(2, 2, 0), (3, 3, 0), (4, 2, 0), (4, 3, 0), (4, 4, 0), (5, 3, 0), (5, 4, 0), (5, 5, 0), (6, 2, 0), (6, 3, 0), (6, 4, 0), (6, 5, 0), (6, 6, 0)]
[(2, 2, 0), (3, 3, 0), (4, 2, 0), (4, 3, 0), (4, 4, 0), (5, 3, 0), (5, 4, 0), (5, 5, 0), (6, 2, 0), (6, 3, 0), (6, 4, 0), (6, 5, 0), (6, 6, 0)]
neighbor: [(1, 14), (2, 1), (3, 1), (3, 2), (4, 2), (4, 3), (5, 2), (5, 4), (6, 2), (6, 3), (6, 4), (6, 5), (7, 4), (7, 5), (7, 6), (8, 5), (8, 7), (9, 3), (9, 6), (10, 4), (10, [(1, 14), (2,6), (10, 7), (10, 9), ( 1), (3, 1), (11, 5), (11, 6),3, 2), (4,  (11, 7), (11, 2), (4, 3), (8), (11, 10), (12, 5, 2), (5, 4), 7), (12, 8), (12, (6, 2), (6, 3)11), (13, 8), (, (6, 4), (6,13, 12)]
 5), (7, 4), (7, 5), (7, 6), (8, 5), (8, 7), (9, 3), (9, 6), (10, 4), (10, 6), (10, 7), (10, 9), (11, 5), (11, 6), (11, 7), (11, 8), (11, 10), (12, 7), (12, 8), (12, 11), (13, 8), (13, 12)]
[(2, 2, 0), (3, 3, 0), (4, 2, 0), (4, 3, 0), (4, 4, 0), (5, 3, 0), (5, 4, 0), (5, 5, 0), (6, 2, 0), (6, 3, 0), (6, 4, 0), (6, 5, 0), (6, 6, 0)]
[(1, 14), (2, 1), (3, 1), (3, 2), (4, 2), (4, 3), (5, 2), (5, 4), (6, 2), (6, 3), (6, 4), (6, 5), (7, 4), (7, 5), (7, 6), (8, 5), (8, 7), (9, 3), (9, 6), (10, 4), (10, 6), (10, 7), (10, 9), (11, 5), (11, 6), (11, 7), (11, 8), (11, 10), (12, 7), (12, 8), (12, 11), (13, 8), (13, 12)]
partition: neighbor: neighbor: [(2, 2, 0), (3, 3, 0), (4, 2, 0), (4, 3, 0), (4, 4, 0), (5, 3, 0), (5, 4, 0), (5, 5, 0), (6, 2, 0), (6, 3, 0), (6, 4, 0), (6, 5, 0), (6, 6, 0)]
neighbor: [(1, 14), (2, 1), (3, 1), (3, 2), (4, 2), (4, 3), (5, 2), (5, 4), (6, 2), (6, 3), (6, 4), (6, 5), (7, 4), (7, 5), (7, 6), (8, 5), (8, 7), (9, 3), (9, 6), (10, 4), (10, 6), (10, 7), (10, 9), (11, 5), (11, 6), (11, 7), (11, 8), (11, 10), (12, 7), (12, 8), (12, 11), (13, 8), (13, 12)]
[(1, 14), (2, 1), (3, 1), (3, 2), (4, 2), (4, 3), (5, 2), (5, 4), (6, 2), (6, 3), (6, 4), (6, 5), (7, 4), (7, 5), (7, 6), (8, 5), (8, 7), (9, 3), (9, 6), (10, 4), (10, 6), (10, 7), (10, 9), (11, 5), (11, 6), (11, 7), (11, 8), (11, 10), (12, 7), (12, 8), (12, 11), (13, 8), (13, 12)]
[(1, 14), (2, 1), (3, 1), (3, 2), (4, 2), (4, 3), (5, 2), (5, 4), (6, 2), (6, 3), (6, 4), (6, 5), (7, 4), (7, 5), (7, 6), (8, 5), (8, 7), (9, 3), (9, 6), (10, 4), (10, 6), (10, 7), (10, 9), (11, 5), (11, 6), (11, 7), (11, 8), (11, 10), (12, 7), (12, 8), (12, 11), (13, 8), (13, 12)]
neighbor: [(1, 14), (2, 1), (3, 1), (3, 2), (4, 2), (4, 3), (5, 2), (5, 4), (6, 2), (6, 3), (6, 4), (6, 5), (7, 4), (7, 5), (7, 6), (8, 5), (8, 7), (9, 3), (9, 6), (10, 4), (10, 6), (10, 7), (10, 9), (11, 5), (11, 6), (11, 7), (11, 8), (11, 10), (12, 7), (12, 8), (12, 11), (13, 8), (13, 12)]
[(1, 14), (2, 1), (3, 1), (3, 2), (4, 2), (4, 3), (5, 2), (5, 4), (6, 2), (6, 3), (6, 4), (6, 5), (7, 4), (7, 5), (7, 6), (8, 5), (8, 7), (9, 3), (9, 6), (10, 4), (10, 6), (10, 7), (10, 9), (11, 5), (11, 6), (11, 7), (11, 8), (11, 10), (12, 7), (12, 8), (12, 11), (13, 8), (13, 12)]
[(2, 2, 0), (3, 3, 0), (4, 2, 0), (4, 3, 0), (4, 4, 0), (5, 3, 0), (5, 4, 0), (5, 5, 0), (6, 2, 0), (6, 3, 0),[(1,  (6, 4, 0), (6, 5,14), (2, 1 0), (6, 6, ), (3, 1), 0)]
(3, 2), (4, 2), (4, 3), (5, 2), (5, 4), (6, 2), (6, 3), (6, 4), (6, 5), (7, 4), (7, 5), (7, 6), (8, 5), (8, 7), (9, 3), (9, 6), (10, 4), (10, 6), (10, 7), (10, 9), (11, 5), (11, 6), (11, 7), (11, 8), (11, 10), (12, 7), (12, 8), (12, 11), (13, 8), (13, 12)]
partition: [(2, 2, 0), (3, 3, 0), (4, 2, 0), (4, 3, 0), (4, 4, 0), (5, 3, 0), (5, 4, 0), (5, 5, 0), (6, 2, 0), (6, 3, 0), (6, 4, 0), (6, 5, 0), (6, 6, 0)]
[(1, 14), (2, 1), (3, 1), (3, 2), (4, 2), (4, 3), (5, 2), (5, 4), (6, 2), (6, 3), (6, 4), (6, 5), (7, 4), (7, 5), (7, 6), (8, 5), (8, 7), (9, 3), (9, 6), (10, 4), (10, 6), (10, 7), (10, 9), (11, 5), (11, 6), (11, 7), (11, 8), (11, 10), (12, 7), (12, 8), (12, 11), (13, 8), (13, 12)]
partition: partition: partition: [(1, 14), (2, 1), (3, 1), (3, 2), (4, 2), (4, 3), (5, 2), (5, 4), (6, 2), (6, 3), (6, 4), (6, 5), (7, 4), (7, 5), (7, 6), (8, 5), (8, 7), (9, 3), (9, 6), (10, 4), (10, 6), (10, 7), (10, 9), (11, 5), (11, 6), (11, 7), (11, 8), (11, 10), (12, 7), (12, 8), (12, 11), (13, 8), (13, 12)]
[(1, 14), (2, 1), (3, 1), (3, 2), (4, 2), (4, 3), (5, 2), (5, 4), (6, 2), (6, 3), (6, 4), (6, 5), (7, 4), (7, 5), (7, 6), (8, 5), (8, 7), (9, 3), (9, 6), (10, 4), (10, 6), (10, 7), (10, 9), (11, 5), (11, 6), (11, 7), (11, 8), (11, 10), (12, 7), (12, 8), (12, 11), (13, 8), (13, 12)]
neighbor: [(2, 2, 0), (3, 3, 0), (4, 2, 0), (4, 3, 0), (4partition: , 4, 0), (5, 3, 0), (5, 4, 0), (5, 5, 0), (6, 2, 0), (6, 3, 0), (6, 4, 0), (6, 5, 0), (6, 6, 0)]
[(1, 14), (2, 1), (3, 1), (3, 2), (4, 2), (4, 3), (5, 2), (5, 4), (6, 2), (6, 3), (6, 4), (6, 5), (7, 4), (7, 5), (7, 6), (8, 5), (8, 7), (9, 3), (9, 6), (10, 4), (10, 6), (10, 7), (10, 9), (11, 5), (11, 6), (11, 7), (11, 8), (11, 10), (12, 7), (12, 8), (12, 11), (13, 8), (13, 12)]
[(2, 2, 0), (3, 3, 0), (4, 2, 0), (4, 3, 0), (4, 4, 0), (5, 3, 0), (5, 4, 0), (5, 5, 0), (6, 2, 0), (6, 3, 0), (6, 4, 0), (6, 5, 0), (6, 6, 0)]
neighbor: [(1, 14), (2, 1), (3, 1), (3, 2), (4, 2), (4, 3), (5, 2), (5, 4), (6, 2), (6, 3), (6, 4), (6, 5), (7, 4), (7, 5), (7, 6), (8, 5), (8, 7), (9, 3), (9, 6), (10, 4), (10, 6), (10, 7), (10, 9), (11, 5), (11, 6), (11, 7), (11, 8), (11, 10), (12, 7), (12, 8), (12, 11), (13, 8), (13, 12)]
[(2, 2, 0), (3, 3, 0), (4, 2, 0), (4, 3, 0), (4, 4, 0), (5, 3, 0), (5, 4, 0), (5, 5, 0), (6, 2, 0), (6, 3, 0), (6, 4, 0), (6, 5, 0), (6, 6, 0)]
neighbor: [(2, 2, 0), (3, 3, 0), (4, 2, 0), (4, 3, 0), (4, 4, 0), (5, 3, 0), (5, 4, 0), (5, 5, 0), (6, 2, 0), (6, 3, 0), (6, 4, 0), (6, 5, 0), (6, 6, 0)]
[(1, 14), (2, 1), (3, 1), (3, 2), (4, 2), (4, 3), (5, 2), (5, 4), (6, 2), (6, 3), (6, 4), (6, 5), (7, 4), (7, 5), (7, 6), (8, 5), (8, 7), (9, 3), (9, 6), (10, 4), (10, 6), (10, 7), (10, 9), (11, 5), (11, 6), (11, 7), (11, 8), (11, 10), (12, 7), (12, 8), (12, 11), (13, 8), (13, 12)]
neighbor: neighbor: [(1, 14), (2, 1), (3, 1), (3, 2), (4, 2), (4, 3), (5, 2), (5, 4), (6, 2), (6, 3), (6, 4), (6, 5), (7, 4), (7, 5), (7, 6), (8, 5), (8, 7), (9, 3), (9, 6), (10, 4), (10, 6), (10, 7), (10, 9), (11, 5), (11, 6), (11, 7), (11, 8), (11, 10), (12, 7), (12, 8), (12, 11), (13, 8), (13, 12)]
[(1, 14), (2, 1), (3, 1), (3, 2), (4, 2), (4, 3), (5, 2), (5, 4), (6, 2), (6, 3), (6, 4), (6, 5), (7, 4), (7, 5), (7, 6), (8, 5), (8, 7), (9, 3), (9, 6), (10, 4), (10, 6), (10,partition:  7), (10, 9), (11, 5), (11, 6), (11, 7), (11, 8), (11, 10), (12, 7), (12, 8), (12, 11), (13, 8), (13, 12)]
neighbor: [(2, 2, 0), (3, 3, 0), (4, 2, 0), (4, 3, 0), (4, 4, 0), (5, 3, 0), (5, 4, 0), (5, 5, 0), (6, 2, 0), (6, 3, 0), (6, 4, 0), (6, 5, 0), (6, 6, 0)]
[(1, 14), (2, 1), (3, 1), (3, 2), (4, 2), (4, 3), (5, 2), (5, 4), (6, 2), (6, 3), (6, 4), (6, 5), (7, 4), (7, 5), (7, 6), (8, 5), (8, 7), (9, 3), (9, 6), (10, 4), (10, 6), (10, 7), (10, 9), (11, 5), (11, 6), (11, 7), (11, 8), (11, 10), (12, 7), (12, 8), (12, 11), (13, 8), (13, 12)]
[(2, 2, 0), (3, 3, 0), (4, 2, 0), (4, 3, 0), (4, 4, 0), (5, 3, 0), (5, 4, 0), (5, 5, 0), (6, 2, 0), (6, 3, 0), (6, 4, 0), (6, 5, 0), (6, 6, 0)]
[(1, 14), (2, 1), (3, 1), (3, 2), (4, 2), (4, 3), (5, 2), (5, 4), (6, 2), (6, 3), (6, 4), (6, 5), (7, 4), (7, 5), (7, 6), (8, 5), (8, 7), (9, 3), (9, 6), (10, 4), (10, 6), (10, 7), (10, 9), (11, 5), (11, 6), (11, 7), (11, 8), (11, 10), (12, 7), (12, 8), (12, 11), (13, 8), (13, 12)]
neighbor: partition: neighbor: [(2, 2, 0), (3, 3, 0), (4, 2, 0), (4, 3, 0), (4, 4, 0), (5, 3, 0), (5, 4, 0), (5, 5, 0), (6, 2, 0), (6, 3, 0), (6, 4, 0), (6, 5, 0), (6, 6, 0)]
partition: neighbor: [(1, 14), (2, 1), (3, 1), (3, 2), (4, 2), (4, 3), (5, 2), (5, 4), (6, 2), (6, 3), (6, 4), (6, 5), (7, 4), (7, 5), (7, 6), (8, 5), (8, 7), (9, 3), (9, 6), (10, 4), (10, 6), (10, 7), (10, 9), (11, 5), (11, 6), (11, 7), (11, 8), (11, 10), (12, 7), (12, 8), (12, 11), (13, 8), (13, 12)]
partition: [(2, 2, 0), (3, 3, 0), (4, 2, 0), (4, 3, 0), (4, 4, 0), (5, 3, 0), (5, 4, 0), (5, 5, 0), (6, 2, 0), (6, 3, 0), (6, 4, 0), (6, 5, 0), (6, 6, 0)]
[(1, 14), (2, 1), (3, 1), (3, 2), (4, 2), (4, 3), (5, 2), (5, 4), (6, 2), (6, 3), (6, 4), (6, 5), (7, 4), (7, 5), (7, 6), (8, 5), (8, 7), (9, 3), (9, 6), (10, 4), (10, 6), (10, 7), (10, 9), (11, 5), (11, 6), (11, 7), (11, 8), (11, 10), (12, 7), (12, 8), (12, 11), (13, 8), (13, 12)]
[(1, 14), (2, 1), (3, 1), (3, 2), (4, 2), (4, 3), (5, 2), (5, 4), (6, 2), (6, 3), (6, 4), (6, 5), (7, 4), (7, 5), (7, 6), (8, 5), (8, 7), (9, 3), (9, 6), (10, 4), (10, 6), (10, 7), (10, 9), (11, 5), (11, 6), (11, 7), (11, 8), (11, 10), (12, 7), (12, 8), (12, 11), (13, 8), (13, 12)]
[(2, 2, 0), (3, 3, 0), (4, 2, 0), (4, 3, 0), (4, 4, 0), (5, 3, 0), (5, 4, 0), (5, 5, 0), (6, 2, 0), (6, 3, 0), (6, 4, 0), (6, 5, 0), (6, 6, 0)]
neighbor: neighbor: [(1, 14), (2, 1), (3, 1), (3, 2), (4, 2), (4, 3), (5, 2), (5, 4), (6, 2), (6, 3), (6, 4), (6, 5), (7, 4), (7, 5), (7, 6), (8, 5), (8, 7), (9, 3), (9, 6), (10, 4), (10, 6), (10, 7), (10, 9), (11, 5), (11, 6), (11, 7), (11, 8), (11, 10), (12, 7), (12, 8), (12, 11), (13, 8), (13, 12)]
[(1, 14), (2, 1), (3, 1), (3, 2), (4, 2), (4, 3), (5, 2), (5, 4), (6, 2), (6, 3), (6, 4), (6, 5), (7, 4), (7, 5), (7, 6), (8, 5), (8, 7), (9, 3), (9, 6), (10, 4), (10, 6), (10, 7), (10, 9), (11, 5), (11, 6), (11, 7), (11, 8), (11, 10), (12, 7), (12, 8), (12, 11), (13, 8), (13, 12)]
[(1, 14), (2, 1), (3, 1), (3, 2), (4, 2), (4, 3), (5, 2), (5, 4), (6, 2), (6, 3), (6, 4), (6, 5), (7, 4), (7, 5), (7, 6), (8, 5), (8, 7), (9, 3), (9, 6), (10, 4), (10, 6), (10, 7), (10, 9), (11, 5), (11, 6), (11, 7), (11, 8), (11, 10), (12, 7), (12, 8), (12, 11), (13, 8), (13, 12)]
[(1, 14), (2, 1), (3, 1), (3, 2), (4, 2), (4, 3), (5, 2), (5, 4), (6, 2), (6, 3), (6, 4), (6, 5), (7, 4), (7, 5), (7, 6), (8, 5), (8, 7), (9, 3), (9, 6), (10, 4), (10, 6), (10, 7), (10, 9), (11, 5), (11, 6), (11, 7), (11, 8), (11, 10), (12, 7), (12, 8), (12, 11), (13, 8), (13, 12)]
partition: [(2, 2, 0), (3, 3, 0), (4, 2, 0), [(2, 2, 0), (3, 3, 0), (4, 2, 0), (4, 3, 0), (4, 4, 0), (5, (4, 3, 0), (4, 4, 0), (5, 3, 0), (5, 4, 0), (3, 0), (5, 4, 0), (5, 5,5, 5, 0), (6 0), (6, 2, , 2, 0), (0), (6, 3, 6, 3, 0), (0), (6, 4, 0),6, 4, 0), (6, (6, 5, 0), 5, 0), (6 (6, 6, 0)], 6, 0)]

[(1, 14), (2, 1), (3, 1), (3, 2), (4, 2), (4, 3), (5, 2), (5, 4), (6, 2), (6, 3), (6, 4), (6, 5), (7, 4), (7, 5), (7, 6), (8, 5), (8, 7), (9, 3), (9, 6), (10, 4), (10, 6), (10, 7), (10, 9), (11, 5), (11, 6), (11, 7), (11, 8), (11, 10), (12, 7), (12, 8), (12, 11), (13, 8), (13, 12)]
neighbor: neighbor: [(1, 14), (2, 1), (3, 1), (3, 2), (4, 2), (4, 3), (5, 2), (5, 4), (6, 2), (6, 3), (6, 4), (6, 5), (7, 4), (7, 5), (7, 6), (8, 5), (8, 7), (9, 3), (9, 6), (10, 4), (10, 6), (10, 7), (10, 9), (11, 5), (11, 6), (11, 7), (11, 8), (11, 10), (12, 7), (12, 8), (12, 11), (13, 8), (13, 12)]
[(1, 14), (2, 1), (3, 1), (3, 2), (4, 2), (4, 3), (5, 2), (5, 4), (6, 2), (6, 3), (6, 4), (6, 5), (7, 4), (7, 5), (7, 6), (8, 5), (8, 7), (9, 3), (9, 6), (10, 4), (10, 6), (10, 7), (10, 9), (11, 5), (11, 6), (11, 7), (11, 8), (11, 10), (12, 7), (12, 8), (12, 11), (13, 8), (13, 12)]
[(1, 14), (2, 1), (3, 1), (3, 2), (4, 2), (4, 3), (5, 2), (5, 4), (6, 2), (6, 3), (6, 4), (6, 5), (7, 4), (7, 5), (7, 6), (8, 5), (8, 7), (9, 3), (9, 6), (10, 4), (10, 6), (10, 7), (10, 9), (11, 5), (11, 6), (11, 7), (11, 8), (11, 10), (12, 7), (12, 8), (12, 11), (13, 8), (13, 12)]
[(2, 2, 0), (3, 3, 0), (4, 2, 0), (4, 3, 0), (4, 4, 0), (5, 3, 0), (5, 4, 0), (5, 5, 0), (6, 2, 0), (6, 3, 0), (6, 4, 0), (6, 5, 0), (6, 6, 0)]
[(1, 14), (2, 1), (3, 1), (3, 2), (4, 2), (4, 3), (5, 2), (5, 4), (6, 2), (6, 3), (6, 4), (6, 5), (7, 4), (7, 5), (7, 6), (8, 5), (8, 7), (9, 3), (9, 6), [(1,(10, 4), (10, 6), ( 14), (2, 1), (3,10, 7), (10, 9) 1), (3, 2), (11, 5), (11, (4, 2), (, 6), (11, 7),4, 3), (5, 2 (11, 8), (11, 10), (), (5, 4), (6, 2)12, 7), (12, 8, (6, 3), (6), (12, 11), (, 4), (6, 5)13, 8), (13, 12)]
, (7, 4), (7, 5), (7, 6), (8, 5), (8, 7), (9, 3), (9, 6), (10, 4), (10, 6), (10, 7), (10, 9), (11, 5), (11, 6), (11, 7), (11, 8), (11, 10), (12, 7), (12, 8), (12, 11), (13, 8), (13, 12)]
neighbor: [(2, 2, 0), (3, 3, 0), (4, 2, 0), (4, 3, 0), (4, 4, 0), (5, 3, 0), (5, 4, 0), (5, 5, 0), (6, 2, 0), (6, 3, 0), (6, 4, 0), (6, 5, 0), (6, 6, 0)]
[(1, 14), (2, 1), (3, 1), (3, 2), (4, 2), (4, 3), (5, 2), (5, 4), (6, 2), (6, 3), (6, 4), (6, 5), (7, 4), (7, 5), (7, 6), (8, 5), (8, 7), (9, 3), (9, 6), (10, 4), (10, 6), (10, 7), (10, 9), (11, 5), (11, 6), (11, 7), (11, 8), (11, 10), (12, 7), (12, 8), (12, 11), (13, 8), (13, 12)]
[(2, 2, 0), (3, 3, 0), (4, 2, 0), [(2, 2, 0), (3, 3, 0), (4, (4, 3, 0), (4, 4, 0), (5, 3, 0), (5, 4, 0), 2, 0), (4, 3, (5, 5, 0), (6, 2, 0),0), (4, 4, 0), (5, 3 (6, 3, 0), (6, 0), (5, 4, , 4, 0), (6, 50), (5, 5, 0), 0), (6, 6, 0, (6, 2, 0), )]
(6, 3, 0), (6, 4, 0), (6, 5, 0), (6, 6, 0)]
[(2, 2, 0), (3, 3, 0), (4, 2, 0), (4, 3, 0), (4, 4, 0), (5, 3, 0), (5, 4, 0), (5, 5, 0), (6, 2, 0), (6, 3, 0), (6, 4, 0), (6, 5, 0), (6, 6, 0)]
neighbor: [(2, 2, 0), (3, 3, 0), (4, 2, 0), (4, 3, 0), (4, 4, 0), (5, 3, 0), (5, 4, 0), (5, 5, 0), (6, 2, 0), (6, 3, 0), (6, 4, 0), (6, 5, 0), (6, 6, 0)]
[(1, 14), (2, 1), (3, 1), (3, 2), (4, 2), (4, 3), (5, 2), (5, 4), (6, 2), (6, 3), (6, 4), (6, 5), (7, 4), (7, 5), (7, 6), (8, 5), (8, 7), (9, 3), (9, 6), (10, 4), (10, 6), (10, 7), (10, 9), (11, 5), (11, 6), (11, 7), (11, 8), (11, 10), (12, 7), (12, 8), (12, 11), (13, 8), (13, 12)]
neighbor: neighbor: neighbor: neighbor: [(1, 14), (2, 1), (3, 1), (3, 2), (4, 2), (4, 3), (5, 2), (5, 4), (6, 2), (6, 3), (6, 4), (6, 5), (7, 4), (7, 5), (7, 6), (8, 5), (8, 7), (9, 3), (9, 6), (10, 4), (10, 6), (10, 7), (10, 9), (11, 5), (11, 6), (11, 7), (11, 8), (11, 10), (12, 7), (12, 8), (12, 11), (13, 8), (13, 12)]
[(2, 2, 0), (3, 3, 0), (4, 2, 0), (4, 3, 0), (4, 4, 0), (5, 3, 0), (5, 4, 0), (5, 5, 0), (6, 2, 0), (6, 3, 0), (6, 4, 0), (6, 5, 0), (6, 6, 0)]
neighbor: [(2, 2, 0), (3, 3, 0), (4, 2, 0), (4, [(1, 14), (2, 1), (3, 1), (3, 2), (4, 3, 0), (4, 4, 0), (5, 3, 0), (5, 4, 0), (5, 5, 0), (6, 2), (4, 3), (5, 2), (5, 4), (6, 2), (62, 0), (6, 3, , 3), (6, 4), 0), (6, 4, 0),(6, 5), (7,  (6, 5, 0), (64), (7, 5), (, 6, 0)]
7, 6), (8, 5), (8, 7), (9, 3), (9, 6), (10, 4), (10, 6), (10, 7), (10, 9), (11, 5), (11, 6), (11, 7), (11, 8), (11, 10), (12, 7), (12, 8), (12, 11), (13, 8), (13, 12)]
[(1, 14), (2, 1), (3, 1), (3, 2), (4, 2), (4, 3), (5, 2), (5, 4), (6, 2), (6, 3), (6, 4), (6, 5), (7, 4), (7, 5), (7, 6), (8, 5), (8, 7), (9, 3), (9, 6), (10, 4), (10, 6), (10, 7), (10, 9), (11, 5), (11, 6), (11, 7), (11, 8), (11, 10), (12, 7), (12, 8), (12, 11), (13, 8), (13, 12)]
[(2, 2, 0), (3, 3, 0), (4, 2, 0), (4, 3, 0), (4, 4, 0), (5, 3, 0), (5, 4, 0), (5, 5, 0), (6, 2, 0), (6, 3, 0), (6, 4, 0), (6, 5, 0), (6, 6, 0)]
neighbor: [(2, 2, 0), (3, 3, 0), (4, 2, 0), (4, 3, 0), (4, 4, 0), (5, 3, 0), (5, 4, 0), (5, 5, 0), (6, 2, 0), (6, 3, 0), (6, 4, 0), (6, 5, 0), (6, 6, 0)]
neighbor: neighbor: [(1, 14), (2, 1), (3, 1), (3, 2), (4, 2), (4, 3), (5, 2), (5, 4), (6, 2), (6, 3), (6, 4), (6, 5), (7, 4), (7, 5), (7, 6), (8, 5), (8, 7), (9, 3), (9, 6), (10, 4), (10, 6), (10, 7), (10, 9), (11, 5), (11, 6), (11, 7), (11, 8), (11, 10), (12, 7), (12, 8), (12, 11), (13, 8), (13, 12)]
[(2, 2, 0), (3, 3, 0), (4, 2, 0), (4, 3, 0), (4, 4, 0), (5, 3, 0), (5, 4, 0), (5, 5, 0), (6, 2, 0), (6, 3, 0), (6, 4, 0), (6, 5, 0), (6, 6, 0)]
partition: [(1, 14), (2, 1), (3, 1), (3, 2), (4, 2), (4, 3), (5, 2), (5, 4), (6, 2), (6, 3), (6, 4), (6, 5), (7, 4), (7, 5), (7, 6), (8, 5), (8, 7), (9, 3), (9, 6), (10, 4), (10, 6), (10, 7), (10, 9), (11, 5), (11, 6), (11, 7), (11, 8), (11, 10), (12, 7), (12, 8), (12, 11), (13, 8), (13, 12)]
[(1, 14), (2, 1), (3, 1), (3, 2), (4, 2), (4, 3), (5, 2), (5, 4), (6, 2), (6, 3), (6, 4), (6, 5), (7, 4), (7, 5), (7, 6), (8, 5), (8, 7), (9, 3), (9, 6), (10, 4), (10, 6), (10, 7), (10, 9), (11, 5), (11, 6), (11, 7), (11, 8), (11, 10), (12, 7), (12, 8), (12, 11), (13, 8), (13, 12)]
neighbor: [(1, 14), (2, 1), (3, 1), (3, 2), (4, 2), (4, 3), (5, 2), (5, 4), (6, 2), (6, 3), (6, 4), (6, 5), (7, 4), (7, 5), (7, 6), (8, 5), (8, 7), (9, 3), (9, 6), (10, 4), (10, 6), (10, 7), (10, 9), (11, 5), (11, 6), (11, 7), (11, 8), (11, 10), (12, 7), (12, 8), (12, 11), (13, 8), (13, 12)]
partition: [(1, 14), (2, 1), (3, 1), (3, 2), (4, 2), (4, 3), (5, 2), (5, 4), (6, 2), (6, 3), (6, 4), (6, 5), (7, 4), (7, 5), (7, 6), (8, 5), (8, 7), (9, 3), (9, 6), (10, 4), (10, 6), (10, 7), (10, 9), (11, 5), (11, 6), (11, 7), (11, 8), (11, 10), (12, 7), (12, 8), (12, 11), (13, 8), (13, 12)]
[(1, 14), (2, 1), (3, 1), (3, 2), (4, 2), (4, 3), (5, 2), (5, 4), (6, 2), (6, 3), (6, 4), (6, 5), (7, 4), (7, 5), (7, 6), (8, 5), (8, 7), (9, 3), (9, 6), (10, 4), (10, 6), (10, 7), (10, 9), (11, 5), (11, 6), (11, 7), (11, 8), (11, 10), (12, 7), (12, 8), (12, 11), (13, 8), (13, 12)]
[(1, 14), (2, 1), (3, 1), (3, 2), (4, 2), (4, 3), (5, 2), (5, 4), (6, 2), (6, 3), (6, 4), (6, 5), (7, 4), (7, 5), (7, 6), (8, 5), (8, 7), (9, 3), (9, 6), (10, 4), (10, 6), (10, 7), (10, 9), (11, 5), (11, 6), (11, 7), (11, 8), (11, 10), (12, 7), (12, 8), (12, 11), (13, 8), (13, 12)]
partition: [(1, 14), (2, 1), (3, 1), (3, 2), (4, 2), (4, 3), (5, 2), (5, 4), (6, 2), (6, 3), (6, 4), (6, 5), (7, 4), (7, 5), (7, 6), (8, 5), (8, 7), (9, 3), (9, 6), (10, 4), (10, 6), (10, 7), (10, 9), (11, 5), (11, 6), (11, 7), (11, 8), (11, 10), (12, 7), (12, 8), (12, 11), (13, 8), (13, 12)]
[(1, 14), (2, 1), (3, 1), (3, 2), (4, 2), (4, 3), (5, 2), (5, 4), (6, 2), (6, 3), (6, 4), (6, 5), (7, 4), (7, 5), (7, 6), (8, 5), (8, 7), (9, 3), (9, 6), (10, 4), (10, 6), (10, 7), (10, 9), (11, 5), (11, 6), (11, 7), (11, 8), (11, 10), (12, 7), (12, 8), (12, 11), (13, 8), (13, 12)]
partition: [(1, 14), (2, 1), (3, 1), (3, 2), (4, 2), (4, 3), (5, 2), (5, 4), (6, 2), (6, 3), (6, 4), (6, 5), (7, 4), (7, 5), (7, 6), (8, 5), (8, 7), (9, 3), (9, 6), (10, 4), (10, 6), (10, 7), (10, 9), (11, 5), (11, 6), (11, 7), (11, 8), (11, 10), (12, 7), (12, 8), (12, 11), (13, 8), (13, 12)]
[(1, 14), (2, 1), (3, 1), (3, 2), (4, 2), (4, 3), (5, 2), (5, 4), (6, 2), (6, 3), (6, 4), (6, 5), (7, 4), (7, 5), (7, 6), (8, 5), (8, 7), (9, 3), (9, 6), (10, 4), (10, 6), (10, 7), (10, 9), (11, 5), (11, 6), (11, 7), (11, 8), (11, 10), (12, 7), (12, 8), (12, 11), (13, 8), (13, 12)]
[(1, 14), (2, 1), (3, 1), (3, 2), (4, 2), (4, 3), (5, 2), (5, 4), (6, 2), (6, 3), (6, 4), (6, 5), (7, 4), (7, 5), (7, 6), (8, 5), (8, 7), (9, 3), (9, 6), (10, 4), (10, 6), (10, 7), (10, 9), (11, 5), (11, 6), (11, 7), (11, 8), (11, 10), (12, 7), (12, 8), (12, 11), (13, 8), (13, 12)]
partition: [(1, 14), (2, 1), (3, 1), (3, 2), (4, 2), (4, 3), (5, 2), (5, 4), (6, 2), (6, 3), (6, 4), (6, 5), (7, 4), (7, 5), (7, 6), (8, 5), (8, 7), (9, 3), (9, 6), (10, 4), (10, 6), (10, 7), (10, 9), (11, 5), (11, 6), (11, 7), (11, 8), (11, 10), (12, 7), (12, 8), (12, 11), (13, 8), (13, 12)]
[(2, 2, 0), (3, 3, 0), (4, 2, 0), (4, 3, 0), (4, 4, 0), (5, 3, 0), (5, 4, 0), (5, 5, 0), (6, 2, 0), (6, 3, 0), (6, 4, 0), (6, 5, 0), (6, 6, 0)]
neighbor: [(2, 2, 0), (3, 3, 0), (4, 2, 0), (4, 3, 0), (4, 4, 0), (5, 3, 0), (5, 4, 0), (5, 5, 0), (6, 2, 0), (6, 3, 0), (6, 4, 0), (6, 5, 0), (6, 6, 0)]
[(2, 2, 0), (3, 3, 0), (4, 2, 0), (4, 3, 0), (4, 4, 0), (5, 3, 0), (5, 4, 0), (5, 5, 0), (6, 2, 0), (6, 3, 0), (6, 4, 0), (6, 5, 0), (6, 6, 0)]
neighbor: neighbor: [(2, 2, 0), (3, 3, 0), (4, 2, 0), (4, 3, 0), (4, 4, 0), (5, 3, 0), (5, 4, 0), (5, 5, 0), (6, 2, 0), (6, 3, 0), (6, 4, 0), (6, 5, 0), (6, 6, 0)]
neighbor: partition: partition: [(2, 2, 0), (3, 3, 0), (4, 2, 0), (4, 3, 0), (4, 4, 0), (5, 3, 0), (5, 4, 0), (5, 5, 0), (6, 2, 0), (6, 3, 0), (6, 4, 0), (6, 5, 0), (6, 6, 0)]
[(1, 14), (2, 1), (3, 1), (3, 2), (4, 2), (4, 3), (5, 2), (5, 4), (6, 2), (6, 3), (6, 4), (6, 5), (7, 4), (7, 5), (7, 6), (8, 5), (8, 7), (9, 3), (9, 6), (10, 4), (10, 6), (10, 7), (10, 9), (11, 5), (11, 6), (11, 7), (11, 8), (11, 10), (12, 7), (12, 8), (12, 11), (13, 8), (13, 12)]
neighbor: [(1, 14), (2, 1), (3, 1), (3, 2), (4, 2), (4, 3), (5, 2), (5, 4), (6, 2), (6, 3), (6, 4), (6, 5), (7, 4), (7, 5), (7, 6), (8, 5), (8, 7), (9, 3), (9, 6), (10, 4), (10, 6), (10, 7), (10, 9), (11, 5), (11, 6), (11, 7), (11, 8), (11, 10), (12, 7), (12, 8), (12, 11), (13, 8), (13, 12)]
[(1, 14), (2, 1), (3, 1), (3, 2), (4, 2), (4, 3), (5, 2), (5, 4), (6, 2), (6, 3), (6, 4), (6, 5), (7, 4), (7, 5), (7, 6), (8, 5), (8, 7), (9, 3), (9, 6), (10, 4), (10, 6), (10, 7), (10, 9), (11, 5), (11, 6), (11, 7), (11, 8), (11, 10), (12, 7), (12, 8), (12, 11), (13, 8), (13, 12)]
[(1, 14), (2, 1), (3, 1), (3, 2), (4, 2), (4, 3), (5, 2), (5, 4), (6, 2), (6, 3), (6, 4), (6, 5), (7, 4), (7, 5), (7, 6), (8, 5), (8, 7), (9, 3), (9, 6), (10, 4), (10, 6), (10, 7), (10, 9), (11, 5), (11, 6), (11, 7), (11, 8), (11, 10), (12, 7), (12, 8), (12, 11), (13, 8), (13, 12)]
[(1, 14), (2, 1), (3, 1), (3, 2), (4, 2), (4, 3), (5, 2), (5, 4), (6, 2), (6, 3), (6, 4), (6, 5), (7, 4), (7, 5), (7, 6), (8, 5), (8, 7), (9, 3), (9, 6), (10, 4), (10, 6), (10, 7), (10, 9), (11, 5), (11, 6), (11, 7), (11, 8), (11, 10), (12, 7), (12, 8), (12, 11), (13, 8), (13, 12)]
[(2, 2, 0), (3, 3, 0), (4, 2, 0), (4, 3, 0), (4, 4, 0), (5, 3, 0), (5, 4, 0), (5, 5, 0), (6, 2, 0), (6, 3, 0), (6, 4, 0), (6, 5, 0), (6, 6, 0)]
neighbor: [(2, 2, 0), (3, 3, 0), (4, 2, 0), (4, 3, 0), (4, 4, 0), (5, 3, 0), (5, 4, 0), (5, 5, 0), (6, 2, 0), (6, 3, 0), (6, 4, 0), (6, 5, 0), (6, 6, 0)]
neighbor: partition: [(1, 14), (2, 1), (3, 1), (3, 2), (4, 2), (4, 3), (5, 2), (5, 4), (6, 2), (6, 3), (6, 4), (6, 5), (7, 4), (7, 5), (7, 6), (8, 5), (8, 7), (9, 3), (9, 6), (10, 4), (10, 6), (10, 7), (10, 9), (11, 5), (11, 6), (11, 7), (11, 8), (11, 10), (12, 7), (12, 8), (12, 11), (13, 8), (13, 12)]
[(1, 14), (2, 1), (3, 1), (3, 2), (4, 2), (4, 3), (5, 2), (5, 4), (6, 2), (6, 3), (6, 4), (6, 5), (7, 4), (7, 5), (7, 6), (8, 5), (8, 7), (9, 3), (9, 6), (10, 4), (10, 6), (10, 7), (10, 9), (11, 5), (11, 6), (11, 7), (11, 8), (11, 10), (12, 7), (12, 8), (12, 11), (13, 8), (13, 12)]
[(2, 2, 0), (3, 3, 0), (4, 2, 0), (4, 3, 0), (4, 4, 0), (5, 3, 0), (5, 4, 0), (5, 5, 0), (6, 2, 0), (6, 3, 0), (6, 4, 0), (6, 5, 0), (6, 6, 0)]
neighbor: dof: dof: dof: dof: dof: dof: [(1, 14), (2, 1), (3, 1), (3, 2), (4, 2), (4, 3), (5, 2), (5, 4), (6, 2), (6, 3), (6, 4), (6, 5), (7, 4), (7, 5), (7, 6), (8, 5), (8, 7), (9, 3), (9, 6), (10, 4), (10, 6), (10, 7), (10, 9), (11, 5), (11, 6), (11, 7), (11, 8), (11, 10), (12, 7), (12, 8), (12, 11), (13, 8), (13, 12)]
dof: dof: dof: [[1, 1], [2, 2], [3, 1], [3, 2], [3, 3], [4, 2], [4, 3], [4, 4], [5, 1], [5, 2], [5, 3], [5, 4], [5, 5]]
[[1, 1], [2, 2], [3, 1], [3, 2], [3, 3], [4, 2], [4, 3], [4, 4], [5, 1], [5, 2], [5, 3], [5, 4], [5, 5]]
dof: dof: dof: dof: dof: dof: [[1, 1], [2, 2], [3, 1], [3, 2], [3, 3], [4, 2], [4, 3], [4, 4], [5, 1], [5, 2], [5, 3], [5, 4], [5, 5]]
dof: dof: [[1, 1], [2, 2], [3, 1], [3, 2], [3, 3], [4, 2], [4, 3], [4, 4], [5, 1], [5, 2], [5, 3], [5, 4], [5, 5]]
[[1, 1], [2, 2], [3, 1], [3, 2], [3, 3], [4, 2], [4, 3], [4, 4], [5, 1], [5, 2], [5, 3], [5, 4], [5, 5]]
dof: [[1, 1], [2, 2], [3, 1], [3, 2], [3, 3], [4, 2], [4, 3], [4, 4], [5, 1], [5, 2], [5, 3], [5, 4], [5, 5]]
dof: dof: [[1, 1], [2, 2], [3, 1], [3, 2], [3, 3], [4, 2], [4, 3], [4, 4], [5, 1], [5, 2], [5, 3], [5, 4], [5, 5]]
dof: [[1, 1], [2, 2], [3, 1], [3, 2], [3, 3], [4, 2], [4, 3], [4, 4], [5, 1], [5, 2], [5, 3], [5, 4], [5, 5]]
[[1, 1], [2, 2], [3, 1], [3, 2], [3, 3], [4, 2], [4, 3], [4, 4], [5, 1], [5, 2], [5, 3], [5, 4], [5, 5]]
[[1, 1], [2, 2], [3, 1], [3, 2], [3, 3], [4, 2], [4, 3], [4, 4], [5, 1], [5, 2], [5, 3], [5, 4], [5, 5]]
[[1, 1], [2, 2], [3, 1], [3, 2], [3, 3], [4, 2], [4, 3], [4, 4], [5, 1], [5, 2], [5, 3], [5, 4], [5, 5]]
[[1, 1], [2, 2], [3, 1], [3, 2], [3, 3], [4, 2], [4, 3], [4, 4], [5, 1], [5, 2], [5, 3], [5, 4], [5, 5]]
[[1, 1], [2, 2], [3, 1], [3, 2], [3, 3], [[1, 1], [2, 2], [3, 1], [3, 2], [3, 3], [4, 2], [4, 3], [4, 4], [5,[4, 2], [4, 3], [4, 4], [5, 1], [5, 2], [5, 3], [5, 4],  1], [5, 2], [5, 3], [5, 4], [5, 5]]
[5, 5]]
[[1, 1], [2, 2], [3, 1], [3, 2], [3, 3], [4, 2], [4, 3], [4, 4], [5, 1], [5, 2], [5, 3], [5, 4], [5, 5]]
[[1, 1], [2, 2], [3, 1], [3, 2], [3, 3], [4, 2], [4, 3], [4, 4], [5, 1], [5, 2], [5, 3], [5, 4], [5, 5]]
[[1, 1], [2, 2], [3, 1], [3, 2], [3, 3], [4, 2], [4, 3], [4, 4], [5, 1], [5, 2], [5, 3], [5, 4], [5, 5]]
dof: dof: [[1, 1], [2, 2], [3, 1], [3, 2], [3, 3], [4, 2], [4, 3], [4, 4], [5, 1], [5, 2], [5, 3], [5, 4], [5, 5]]
dof: [[1, 1], [2, 2], [3, 1], [3, 2], [3, 3], [4, 2], [4, 3], [4, 4], [5, 1], [5, 2], [5, 3], [5, 4], [5, 5]]
dof: dof: [[1, 1], [2, 2], [3, 1], [3, 2], [3, 3], [4, 2], [4, 3], [4, 4], [5, 1], [5, 2], [5, 3], [5, 4], [5, 5]]
[[1, 1], [2, 2], [3, 1], [3, 2], [3, 3], [4, 2], [4, 3], [4, 4], [5, 1], [5, 2], [5, 3], [5, 4], [5, 5]]
dof: dof: dof: [[1, 1], [2, 2], [3, 1], [3, 2], [3, 3], [4, 2], dof: [4, 3], [4, 4], [5, 1], [5, 2], [5, 3], [5, 4], [5, 5]]
dof: [[1, 1], [2, 2], [3, 1], [3, 2], [3, 3], [4, 2], [4, 3], [4, 4], [5, 1], [5, 2], [5, 3], [5, 4], [5, 5]]
[[1, 1], [2, 2], [3, 1], [3, 2], [3, 3], [4, 2], [4, 3], [4, 4], [5, 1], [5, 2], [5, 3], [5, 4], [5, 5]]
dof: dof: [[1, 1], [2, 2], [3, 1], [3, 2], [3, 3], [4, 2], [4, 3], [4, 4], [5, 1], [5, 2], [5, 3], [5, 4], [5, 5]]
dof: [[1, 1], [2, 2], [3, 1], [3, 2], [3, 3], [4, 2], [4, 3], [4, 4], [5, 1], [5, 2], [5, 3], [5, 4], [5, 5]]
dof: dof: dof: [[1, 1], [2, 2], [3, 1], [3, 2], [3, 3], [4, 2], [4, 3], [4, 4], [5, 1], [5, 2], [5, 3], [5, 4], [5, 5]]
[[1, 1], [2, 2], [3, 1], [3, 2], [3, 3], [4, 2], [4, 3], [4, 4], [5, 1], [5, 2], [5, 3], [5, 4], [5, 5]]
dof: dof: [[1, 1], [2, 2], [3, 1], [3, 2], [3, 3], [4, 2], [4, 3], [4, 4], [5, 1], [5, 2], [5, 3], [5, 4], [5, 5]]
[[1, 1], [2, 2], [3, 1], [3, 2], [3, 3], [4, 2], [4, 3], [4, 4], [5, 1], [5, 2], [5, 3], [5, 4], [5, 5]]
[[1, 1], [2, 2], [3, 1], [3, 2], [3, 3], [4, 2], [4, 3], [4, 4], [5, 1], [5, 2], [5, 3], [5, 4], [5, 5]]
dof: dof: dof: [[1, 1], [2, 2], [3, 1], [3, 2], [3, 3], [4, 2], [4, 3], [4, 4], [5, 1], [5, 2], [5, 3], [5, 4], [5, 5]]
[[1, 1], [2, 2], [3, 1], [3, 2], [3, 3], [4, 2], [4, 3], [4, 4], [5, 1], [5, 2], [5, 3], [5, 4], [5, 5]]
dof: [[1, 1], [2, 2], [3, 1], [3, 2], [3, 3], [4, 2], [4, 3], [4, 4], [5, 1], [5, 2], [5, 3], [5, 4], [5, 5]]
dof: dof: [[1, 1], [2, 2], [3, 1], [3, 2], [3, 3], [4, 2], [4, 3], [4, 4], [5, 1], [5, 2], [5, 3], [5, 4], [5, 5]]
[[1, 1], [2, 2], [3, 1], [3, 2], [3, 3], [4, 2], [4, 3], [4, 4], [5, 1], [5, 2], [5, 3], [5, 4], [5, 5]]
[[1, 1], [2, 2], [3, 1], [3, 2], [3, 3], [4, 2], [4, 3], [4, 4], [5, 1], [5, 2], [5, 3], [5, 4], [5, 5]]
[[1, 1], [2, 2], [3, 1], [3, 2], [3, 3], [4, 2], [4, 3], [4, 4], [5, 1], [5, 2], [5, 3], [5, 4], [5, 5]]
dof: dof: [[1, 1], [2, 2], [3, 1], [3, 2], [3, 3], [4, 2], [4, 3], [4, 4], [5, 1], [5, 2], [5, 3], [5, 4], [5, 5]]
[[1, 1], [2, 2], [3, 1], [3, 2], [3, 3], [4, 2], [4, 3], [4, 4], [5, 1], [5, 2], [5, 3], [5, 4], [5, 5]]
dof: dof: dof: dof: [[1, 1], [2, 2], [3, 1], [3, 2], [3, 3], [4, 2], [4, 3], [4, 4], [5, 1], [5, 2], [5, 3], [5, 4], [5, 5]]
dof: dof: [[1, 1], [2, 2], [3, 1], [3, 2], [3, 3], [4, 2], [4, 3], [4, 4], [5, 1], [5, 2], [5, 3], [5, 4], [5, 5]]
dof: [[1, 1], [2, 2], [3, 1], [3, 2], [3, 3], [4, 2], [4, 3], [4, 4], [5, 1], [5, 2], [5, 3], [5, 4], [5, 5]]
dof: dof: [[1, 1], [2, 2], [3, 1], [3, 2], [3, 3], [4, 2], [4, 3], [4, 4], [5, 1], [5, 2], [5, 3], [5, 4], [5, 5]]
dof: [[1, 1], [2, 2], [3, 1], [3, 2], [3, 3], [4, 2], [4, 3], [4, 4], [5, 1], [5, 2], [5, 3], [5, 4], [5, 5]]
dof: dof: [[1, 1], [2, 2], [3, 1], [3, 2], [3, 3], [4, 2], [4, 3], [4, 4], [5, 1], [5, 2], [5, 3], [5, 4], [5, 5]]
[[1, 1], [2, 2], [3, 1], [3, 2], [3, 3], [4, 2], [4, 3], [4, 4], [5, 1], [5, 2], [5, 3], [5, 4], [5, 5]]
dof: dof: [[1, 1], [2, 2], [3, 1], [3, 2], [3, 3], [4, 2], [4, 3], [4, 4], [5, 1], [5, 2], [5, 3], [5, 4], [5, 5]]
[[1, 1], [2, 2], [3, 1], [3, 2], [3, 3], [4, 2], [4, 3], [4, 4], [5, 1], [5, 2], [5, 3], [5, 4], [5, 5]]
[[1, 1], [2, 2], [3, 1], [3, 2], [3, 3], [4, 2], [4, 3], [4, 4], [5, 1], [5, 2], [5, 3], [5, 4], [5, 5]]
[[1, 1], [2, 2], [3, 1], [3, 2], [3, 3], [4, 2], [4, 3], [4, 4], [5, 1], [5, 2], [5, 3], [5, 4], [5, 5]]
dof: [[1, 1], [2, 2], [3, 1], [3, 2], [3, 3], [4, 2], [4, 3], [4, 4], [5, 1], [5, 2], [5, 3], [5, 4], [5, 5]]
[[1, 1], [2, 2], [3, 1], [3, 2], [3, 3], [4, 2], [4, 3], [4, 4], [5, 1], [5, 2], [5, 3], [5, 4], [5, 5]]
[[1, 1], [2, 2], [3, 1], [3, 2], [3, 3], [4, 2], [4, 3], [4, 4], [5, 1], [5, 2], [5, 3], [5, 4], [5, 5]]
dof: dof: dof: dof: dof: [[1, 1], [2, 2], [3, 1], [3, 2], [3, 3], [4, 2], [4, 3], [4, 4], [5, 1], [5, 2], [5, 3], [5, 4], [5, 5]]
[[1, 1], [2, 2], [3, 1], [3, 2], [3, 3], [4, 2], [4, 3], [4, 4], [5, 1], [5, 2], [5, 3], [5, 4], [5, 5]]
dof: dof: [[1, 1], [2, 2], [3, 1], [3, 2], [3, 3], [4, 2], [4, 3], [4, 4], [5, 1], [5, 2], [5, 3], [5, 4], [5, 5]]
dof: [[1, 1], [2, 2], [3, 1], [3, 2], [3, 3], [4, 2], [4, 3], [4, 4], [5, 1], [5, 2], [5, 3], [5, 4], [5, 5]]
dof: dof: dof: dof: dof: dof: dof: [[1, 1], [2, 2], [3, 1], [3, 2], [3, 3], [4, 2], [4, 3], [4, 4], [5, 1], [5, 2], [5, 3], [5, 4], [5, 5]]
dof: dof: [[1, 1], [2, 2], [3, 1], [3, 2], [3, 3], [4, 2], [4, 3], [4, 4], [5, 1], [5, 2], [5, 3], [5, 4], [5, 5]]
dof: dof: [[1, 1], [2, 2], [3, 1], [3, 2], [3, 3], [4, 2], [4, 3], [4, 4], [5, 1], [5, 2], [5, 3], [5, 4], [5, 5]]
dof: dof: dof: dof: dof: [[1, 1], [2, 2], [3, 1], [3, 2], [3, 3], [4, 2], [4, 3], [4, 4], [5, 1], [5, 2], [5, 3], [5, 4], [5, 5]]
[[1, 1], [2, 2], [3, 1], [3, 2], [3, 3], [4, 2], [4, 3], [4, 4], [5, 1], [5, 2], [5, 3], [5, 4], [5, 5]]
dof: [[1, 1], [2, 2], [3, 1], [3, 2], [3, 3], [4, 2], [4, 3], [4, 4], [5, 1], [5, 2], [5, 3], [5, 4], [5, 5]]
dof: [[1, 1], [2, 2], [3, 1], [3, 2], [3, 3], [4, 2], [4, 3], [4, 4], [5, 1], [5, 2], [5, 3], [5, 4], [5, 5]]
[[1, 1], [2, 2], [3, 1], [3, 2], [3, 3], [4, 2], [4, 3], [4, 4], [5, 1], [5, 2], [5, 3], [5, 4], [5, 5]]
[[1, 1], [2, 2], [3, 1], [3, 2], [3, 3], [4, 2], [4, 3], [4, 4], [5, 1], [5, 2], [5, 3], [5, 4], [5, 5]]
[[1, 1], [2, 2], [3, 1], [3, 2], [3, 3], [4, 2], [4, 3], [4, 4], [5, 1], [5, 2], [5, 3], [5, 4], [5, 5]]
dof: [[1, 1], [2, 2], [3, 1], [3, 2], [3, 3], [4, 2], [4, 3], [4, 4], [5, 1], [5, 2], [5, 3], [5, 4], [5, 5]]
[[1, 1], [2, 2], [3, 1], [3, 2], [3, 3], [4, 2], [4, 3], [4, 4], [5, 1], [5, 2], [5, 3], [5, 4], [5, 5]]
dof: dof: dof: [[1, 1], [2, 2], [3, 1], [3, 2], [3, 3], [4, 2], [4, 3], [4, 4], [5, 1], [5, 2], [5, 3], [5, 4], [5, 5]]
dof: [[1, 1], [2, 2], [3, 1], [3, 2], [3, 3], [4, 2], [4, 3], [4, 4], [5, 1], [5, 2], [5, 3], [5, 4], [5, 5]]
[[1, 1], [2, 2], [3, 1], [3, 2], [3, 3], [4, 2], [4, 3], [4, 4], [5, 1], [5, 2], [5, 3], [5, 4], [5, 5]]
[[1, 1], [2, 2], [3, 1], [3, 2], [3, 3], [4, 2], [4, 3], [4, 4], [5, 1], [5, 2], [5, 3], [5, 4], [5, 5]]
[[1, 1], [2, 2], [3, 1], [3, 2], [3, 3], [4, 2], [4, 3], [4, 4], [5, 1], [5, 2], [5, 3], [5, 4], [5, 5]]
[[1, 1], [2, 2], [3, 1], [3, 2], [3, dof: 3], [4, 2], [4, 3], [4, 4], [5, 1], [5, 2], [5, 3], [5, 4], [5, 5]]
[[1, 1], [2, 2], [3, 1], [3, 2], [3, 3], [4, 2], [4, 3], [4, 4], [5, 1], [5, 2], [5, 3], [5, 4], [5, 5]]
dof: [[1, 1], [2, 2], [3, 1], [3, 2], [3, 3], [4, 2], [4, 3], [4, 4], [5, 1], [5, 2], [5, 3], [5, 4], [5, 5]]
[[1, 1], [2, 2], [3, 1], [3, 2], [3, 3], [4, 2], [4, 3], [4, 4], [5, 1], [5, 2], [5, 3], [5, 4], [5, 5]]
[[1, 1], [2, 2], [3, 1], [3, 2], [3, 3],dof:  [4, 2], [4, 3], [4, 4], [5, 1], [5, 2], [5, 3], [5, 4], [5, 5]]
dof: dof: [[1, 1], [2, 2], [3, 1], [3, 2], [3, 3], [4, 2], [4, 3], [4, 4], [5, 1], [5, 2], [5, 3], [5, 4], [5, 5]]
dof: [[1, 1], [2, 2], [3, 1], [3, 2], [3, 3], [4, 2], [4, 3], [4, 4], [5, 1], [5, 2], [5, 3], [5, 4], [5, 5]]
dof: [[1, 1], [2, 2], [3, 1], [3, 2], [3, 3], [4, 2], [4, 3], [4, 4], [5, 1], [5, 2], [5, 3], [5, 4], [5, 5]]
dof: [[1, 1], [2, 2], [3, 1], [3, 2], [3, 3], [4, 2], [4, 3], [4, 4], [5, 1], [5, 2], [5, 3], [5, 4], [5, 5]]
dof: dof: [[1, 1], [2, 2], [3, 1], [3, 2], [3, 3], [4, 2], [4, 3], [4, 4], [5, 1], [5, 2], [5, 3], [5, 4], [5, 5]]
[[1, 1], [2, 2], [3, 1], [3, 2], [3, 3], [4, 2], [4, 3], [4, 4], [5, 1], [5, 2], [5, 3], [5, 4], [5, 5]]
[[1, 1], [2, 2], [3, 1], [3, 2], [3, 3], [4, 2], [4, 3], [4, 4], [5, 1], [5, 2], [5, 3], [5, 4], [5, 5]]
[[1, 1], [2, 2], [3, 1], [3, 2], [3, 3], [4, 2], [4, 3], [4, 4], [5, 1], [5, 2], [5, 3], [5, 4], [5, 5]]
dof: [[1, 1], [2, 2], [3, 1], [3, 2], [3, 3], [4, 2], [4, 3], [4, 4], [5, 1], [5, 2], [5, 3], [5, 4], [5, 5]]
dof: dof: [[1, 1], [2, 2], [3, 1], [3, 2], [3, 3], [4, 2], [4, 3], [4, 4], [5, 1], [5, 2], [5, 3], [5, 4], [5, 5]]
[[1, 1], [2, 2], [3, 1], [3, 2], [3, 3], [4, 2], [4, 3], [4, 4], [5, 1], [5, 2], [5, 3], [5, 4], [5, 5]]
[[1, 1], [2, 2], [3, 1], [3, 2], [3, 3], [4, 2], [4, 3], [4, 4], [5, 1], [5, 2], [5, 3], [5, 4], [5, 5]]
[[1, 1], [2, 2], [3, 1], [3, 2], [3, 3], [4, 2], [4, 3], [4, 4], [5, 1], [5, 2], [5, 3], [5, 4], [5, 5]]
[[1, 1], [2, 2], [3, 1], [3, 2], [3, 3], [4, 2], [4, 3], [4, 4], [5, 1], [5, 2], [5, 3], [5, 4], [5, 5]]
[[1, 1], [2, 2], [3, 1], [3, 2], [3, 3], [4, 2], [4, 3], [4, 4], [5, 1], [5, 2], [5, 3], [5, 4], [5, 5]]
[[1, 1], [2, 2], [3, 1], [3, 2], [3, 3], [4, 2], [4, 3], [4, 4], [5, 1], [5, 2], [5, 3], [5, 4], [5, 5]]
[[1, 1], [2, 2], [3, 1], [3, 2], [3, 3], [4, 2], [4, 3], [4, 4], [5, 1], [5, 2], [5, 3], [5, 4], [5, 5]]
dof: [[1, 1], [2, 2], [3, 1], [3, 2], [3, 3], [4, 2], [4, 3], [4, 4], [5, 1], [5, 2], [5, 3], [5, 4], [5, 5]]
[[1, 1], [2, 2], [3, 1], [3, 2], [3, 3], [4, 2], [4, 3], [4, 4], [5, 1], [5, 2], [5, 3], [5, 4], [5, 5]]
[[1, 1], [2, 2], [3, 1], [3, 2], [3, 3], [4, 2], [4, 3], [4, 4], [5, 1], [5, 2], [5, 3], [5, 4], [5, 5]]
[[1, 1], [2, 2], [3, 1], [3, 2], [3, 3], [4, 2], [4, 3], [4, 4], [5, 1], [5, 2], [5, 3], [5, 4], [5, 5]]
dof: dof: [[1, 1], [2, 2], [3, 1], [3, 2], [3, 3], [4, 2], [4, 3], [4, 4], [5, 1], [5, 2], [5, [[1, 1], [2, 2], [3, 3], [5, 4], 1], [3, 2], [3, 3], [4, 2][5, 5]]
, [4, 3], [4, 4], [5, 1], [5, 2], [5, 3], [5, 4], [5, 5]]
dof: dof: dof: dof: [[1, 1], [2, 2], [3, 1], [3, 2], [3, 3], [4, 2], [4, 3], [4, 4], [5, 1], [5, 2], [5, 3], [5, 4], [5, 5]]
dof: [[1, 1], [2, 2], [3, 1], [3, 2], [3, 3], [4, 2], [4, 3], [4, 4], [5, 1], [5, 2], [5, 3], [5, 4], [5, 5]]
[[1, 1], [2, 2], [3, 1], [3, 2], [3, 3], [4, 2], [4, 3], [4, 4], [5, 1], [5, 2], [5, 3], [5, 4], [5, 5]]
dof: dof: dof: dof: [[1, 1], [2, 2], [3, 1], [3, 2], [3, 3], [4, 2], [4, 3], [4, 4], [5, 1], [5, 2], [5, 3], [5, 4], [5, 5]]
[[1, 1], [2, 2], [3, 1], [3, 2], [3, 3], [4, 2], [4, 3], [4, 4], [5, 1], [5, 2], [5, 3], [5, 4], [5, 5]]
[[1, 1], [2, 2], [3, 1], [3, 2], [3, 3], [4, 2], [4, 3], [4, 4], [5, 1], [5, 2], [5, 3], [5, 4], [5, 5]]
[[1, 1], [2, 2], [3, 1], [3, 2], [3, 3], [4, 2], [4, 3], [4, 4], [5, 1], [5, 2], [5, 3], [5, 4], [5, 5]]
[[1, 1], [2, 2], [3, 1], [3, 2], [3, 3], [4, 2], [4, 3], [4, 4], [5, 1], [5, 2], [5, 3], [5, 4], [5, 5]]
[[1, 1], [2, 2], [3, 1], [3, 2], [3, 3], [4, 2], [4, 3], [4, 4], [5, 1], [5, 2], [5, 3], [5, 4], [5, 5]]
[[1, 1], [2, 2], [3, 1], [3, 2], [3, 3], [4, 2], [4, 3], [4, 4], [5, 1], [5, 2], [5, 3], [5, 4], [5, 5]]
[[1, 1], [2, 2], [3, 1], [3, 2], [3, 3], [4, 2], [4, 3], [4, 4], [5, 1], [5, 2], [5, 3], [5, 4], [5, 5]]
[[1, 1], [2, 2], [3, 1], [3, 2], [3, 3], [4, 2], [4, 3], [4, 4], [5, 1], [5, 2], [5, 3], [5, 4], [5, 5]]
[[1, 1], [2, 2], [3, 1], [3, 2], [3, 3], [4, 2], [4, 3], [4, 4], [5, 1], [5, 2], [5, 3], [5, 4], [5, 5]]
[[1, 1], [2, 2], [3, 1], [3, 2], [3, 3], [4, 2], [4, 3], [4, 4], [5, 1], [5, 2], [5, 3], [5, 4], [5, 5]]
[[1, 1], [2, 2], [3, 1], [3, 2], [3, 3], [4, 2], [4, 3], [4, 4], [5, 1], [5, 2], [5, 3], [5, 4], [5, 5]]
dof: dof: dof: dof: [[1, 1], [2, 2], [3, 1], [3, 2], [3, 3], [4, 2], [4, 3], [4, 4], [5, 1], [5, 2], [5, 3], [5, 4], [5, 5]]
[[1, 1], [2, 2], [3, 1], [3, 2], [3, 3], [4, 2], [4, 3], [4, 4], [5, 1], [5, 2], [5, 3], [5, 4], [5, 5]]
dof: dof: [[1, 1], [2, 2], [3, 1], [3, 2], [3, 3], [4, 2], [4, 3], [4, 4], [5, 1], [5, 2], [5, 3], [5, 4], [5, 5]]
[[1, 1], [2, 2], [3, 1], [3, 2], [3, 3], [4, 2], [4, 3], [4, 4], [5, 1], [5, 2], [5, 3], [5, 4], [5, 5]]
[[1, 1], [2, 2], [3, 1], [3, 2], [3, 3], [4, 2], [4, 3], [4, 4], [5, 1], [5, 2], [5, 3], [5, 4], [5, 5]]
dof: [[1, 1], [2, 2], [3, 1], [3, 2], [3, 3], [4, 2], [4, 3], [4, 4], [5, 1], [5, 2], [5, 3], [5, 4], [5, 5]]
dof: dof: [[1, 1], [2, 2], [3, 1], [3, 2], [3, 3], [4, 2], [4, 3], [4, 4], [5, 1], [5, 2], [5, 3], [5, 4], [5, 5]]
[[1, 1], [2, 2], [3, 1], [3, 2], [3, 3], [4, 2], [4, 3], [4, 4], [5, 1], [5, 2], [5, 3], [5, 4], [5, 5]]
dof: [[1, 1], [2, 2], [3, 1], [3, 2], [3, 3], [4, 2], [4, 3], [4, 4], [5, 1], [5, 2], [5, 3], [5, 4], [5, 5]]
[[1, 1], [2, 2], [3, 1], [3, 2], [3, 3], [4, 2], [4, 3], [4, 4], [5, 1], [5, 2], [5, 3], [5, 4], [5, 5]]
Total iterations * blocks 10:  20%|█▍     |  ETA: 0:28:52 ( 3.61  m/it)Total iterations * blocks 10:  30%|██▏    |  ETA: 0:29:51 ( 4.26  m/it)Total iterations * blocks 10:  40%|██▊    |  ETA: 0:28:17 ( 4.72  m/it)Total iterations * blocks 10:  50%|███▌   |  ETA: 0:24:38 ( 4.93  m/it)Total iterations * blocks 10:  60%|████▎  |  ETA: 0:20:18 ( 5.08  m/it)Total iterations * blocks 10:  70%|████▉  |  ETA: 0:15:39 ( 5.21  m/it)Total iterations * blocks 10:  80%|█████▋ |  ETA: 0:10:34 ( 5.28  m/it)Total iterations * blocks 10:  90%|██████▎|  ETA: 0:05:20 ( 5.33  m/it)Total iterations * blocks 10: 100%|███████| Time: 0:53:52 ( 5.39  m/it)
Lx_3_Ly_2_U_10.0_beta_1.0_dmu_0.0_mu_5.0_order_6
Lx_3_Ly_2_U_10.0_beta_1.0_dmu_0.0_mu_5.0_order_6
Lx_3_Ly_2_U_10.0_beta_1.0_dmu_0.0_mu_5.0_order_6
U=10.0, μ=5.0, β=1.0
Model Hilbert space: 4
Lx_3_Ly_2_U_10.0_beta_1.0_dmu_0.0_mu_5.0_order_6
U=10.0, μ=5.0, β=1.0
Model Hilbert space: 4
The lowest eigen energy per site:
[0.0, -5.0, -5.0, 0.0]U=10.0, μ=5.0, β=1.0
Model Hilbert space: 4
The lowest eigen energy per site:
[0.0, -5.0, -5.0, 0.0]
U=10.0, μ=5.0, β=1.0
Model Hilbert space: 4
The lowest eigen energy per site:
[0.0, -5.0, -5.0, 0.0]
The lowest eigen energy per site:
[0.0, -5.0, -5.0, 0.0]

Lx_3_Ly_2_U_10.0_beta_1.0_dmu_0.0_mu_5.0_order_6
U=10.0, μ=5.0, β=1.0
Model Hilbert space: 4
The lowest eigen energy per site:
[0.0, -5.0, -5.0, 0.0]
Lx_3_Ly_2_U_10.0_beta_1.0_dmu_0.0_mu_5.0_order_6
Lx_3_Ly_2_U_10.0_beta_1.0_dmu_0.0_mu_5.0_order_6
U=10.0, μ=5.0, β=1.0
Model Hilbert space: 4
The lowest eigen energy per site:
[0.0, -5.0, -5.0, 0.0]
U=10.0, μ=5.0, β=1.0
Model Hilbert space: 4
The lowest eigen energy per site:
[0.0, -5.0, -5.0, 0.0]
Lx_3_Ly_2_U_10.0_beta_1.0_dmu_0.0_mu_5.0_order_6Lx_3_Ly_2_U_10.0_beta_1.0_dmu_0.0_mu_5.0_order_6
Lx_3_Ly_2_U_10.0_beta_1.0_dmu_0.0_mu_5.0_order_6
Lx_3_Ly_2_U_10.0_beta_1.0_dmu_0.0_mu_5.0_order_6

U=10.0, μ=5.0, β=1.0
Model Hilbert space: 4
The lowest eigen energy per site:
[0.0, -5.0, -5.0, 0.0]
U=10.0, μ=5.0, β=1.0
Model Hilbert space: 4
The lowest eigen energy per site:
[0.0, -5.0, -5.0, 0.0]U=10.0, μ=5.0, β=1.0
Model Hilbert space: 4
The lowest eigen energy per site:
[0.0, -5.0, -5.0, 0.0]

U=10.0, μ=5.0, β=1.0Lx_3_Ly_2_U_10.0_beta_1.0_dmu_0.0_mu_5.0_order_6

Model Hilbert space: 4U=10.0, μ=5.0, β=1.0
Model Hilbert space: 4
The lowest eigen energy per site:
[0.0, -5.0, -5.0, 0.0]

The lowest eigen energy per site:
[0.0, -5.0, -5.0, 0.0]
Lx_3_Ly_2_U_10.0_beta_1.0_dmu_0.0_mu_5.0_order_6
Lx_3_Ly_2_U_10.0_beta_1.0_dmu_0.0_mu_5.0_order_6
Lx_3_Ly_2_U_10.0_beta_1.0_dmu_0.0_mu_5.0_order_6
Lx_3_Ly_2_U_10.0_beta_1.0_dmu_0.0_mu_5.0_order_6
Lx_3_Ly_2_U_10.0_beta_1.0_dmu_0.0_mu_5.0_order_6
U=10.0, μ=5.0, β=1.0
Model Hilbert space: 4
The lowest eigen energy per site:
[0.0, -5.0, -5.0, 0.0]
U=10.0, μ=5.0, β=1.0
Model Hilbert space: 4
The lowest eigen energy per site:
[0.0, -5.0, -5.0, 0.0]
U=10.0, μ=5.0, β=1.0
Model Hilbert space: 4
The lowest eigen energy per site:
[0.0, -5.0, -5.0, 0.0]
U=10.0, μ=5.0, β=1.0
Model Hilbert space: 4
The lowest eigen energy per site:
[0.0, -5.0, -5.0, 0.0]
U=10.0, μ=5.0, β=1.0
Model Hilbert space: 4
The lowest eigen energy per site:
[0.0, -5.0, -5.0, 0.0]
Lx_3_Ly_2_U_10.0_beta_1.0_dmu_0.0_mu_5.0_order_6
Lx_3_Ly_2_U_10.0_beta_1.0_dmu_0.0_mu_5.0_order_6
Lx_3_Ly_2_U_10.0_beta_1.0_dmu_0.0_mu_5.0_order_6
Lx_3_Ly_2_U_10.0_beta_1.0_dmu_0.0_mu_5.0_order_6
Lx_3_Ly_2_U_10.0_beta_1.0_dmu_0.0_mu_5.0_order_6
U=10.0, μ=5.0, β=1.0
Model Hilbert space: 4
Lx_3_Ly_2_U_10.0_beta_1.0_dmu_0.0_mu_5.0_order_6
U=10.0, μ=5.0, β=1.0
Model Hilbert space: 4
The lowest eigen energy per site:
[0.0, -5.0, -5.0, 0.0]
Lx_3_Ly_2_U_10.0_beta_1.0_dmu_0.0_mu_5.0_order_6
The lowest eigen energy per site:
[0.0, -5.0, -5.0, 0.0]
Lx_3_Ly_2_U_10.0_beta_1.0_dmu_0.0_mu_5.0_order_6
U=10.0, μ=5.0, β=1.0
Model Hilbert space: 4
U=10.0, μ=5.0, β=1.0
Model Hilbert space: 4
The lowest eigen energy per site:
[0.0, -5.0, -5.0, 0.0]
Lx_3_Ly_2_U_10.0_beta_1.0_dmu_0.0_mu_5.0_order_6
The lowest eigen energy per site:
[0.0, -5.0, -5.0, 0.0]
Lx_3_Ly_2_U_10.0_beta_1.0_dmu_0.0_mu_5.0_order_6
Lx_3_Ly_2_U_10.0_beta_1.0_dmu_0.0_mu_5.0_order_6
Lx_3_Ly_2_U_10.0_beta_1.0_dmu_0.0_mu_5.0_order_6
Lx_3_Ly_2_U_10.0_beta_1.0_dmu_0.0_mu_5.0_order_6
Lx_3_Ly_2_U_10.0_beta_1.0_dmu_0.0_mu_5.0_order_6
U=10.0, μ=5.0, β=1.0
Model Hilbert space: 4
Lx_3_Ly_2_U_10.0_beta_1.0_dmu_0.0_mu_5.0_order_6
U=10.0, μ=5.0, β=1.0
Model Hilbert space: 4
U=10.0, μ=5.0, β=1.0
Model Hilbert space: 4
The lowest eigen energy per site:
[0.0, -5.0, -5.0, 0.0]
The lowest eigen energy per site:
[0.0, -5.0, -5.0, 0.0]
U=10.0, μ=5.0, β=1.0
Model Hilbert space: 4
The lowest eigen energy per site:
[0.0, -5.0, -5.0, 0.0]
The lowest eigen energy per site:
[0.0, -5.0, -5.0, 0.0]
Lx_3_Ly_2_U_10.0_beta_1.0_dmu_0.0_mu_5.0_order_6
Lx_3_Ly_2_U_10.0_beta_1.0_dmu_0.0_mu_5.0_order_6
Lx_3_Ly_2_U_10.0_beta_1.0_dmu_0.0_mu_5.0_order_6
Lx_3_Ly_2_U_10.0_beta_1.0_dmu_0.0_mu_5.0_order_6
Lx_3_Ly_2_U_10.0_beta_1.0_dmu_0.0_mu_5.0_order_6
U=10.0, μ=5.0, β=1.0
Model Hilbert space: 4
U=10.0, μ=5.0, β=1.0
Model Hilbert space: 4
The lowest eigen energy per site:
[0.0, -5.0, -5.0, 0.0]
U=10.0, μ=5.0, β=1.0
Model Hilbert space: 4
The lowest eigen energy per site:
[0.0, -5.0, -5.0, 0.0]U=10.0, μ=5.0, β=1.0
Model Hilbert space: 4
U=10.0, μ=5.0, β=1.0
Model Hilbert space: 4
The lowest eigen energy per site:
[0.0, -5.0, -5.0, 0.0]
U=10.0, μ=5.0, β=1.0
Model Hilbert space: 4
The lowest eigen energy per site:
[0.0, -5.0, -5.0, 0.0]Lx_3_Ly_2_U_10.0_beta_1.0_dmu_0.0_mu_5.0_order_6
The lowest eigen energy per site:
[0.0, -5.0, -5.0, 0.0]
Lx_3_Ly_2_U_10.0_beta_1.0_dmu_0.0_mu_5.0_order_6

Lx_3_Ly_2_U_10.0_beta_1.0_dmu_0.0_mu_5.0_order_6
Lx_3_Ly_2_U_10.0_beta_1.0_dmu_0.0_mu_5.0_order_6
Lx_3_Ly_2_U_10.0_beta_1.0_dmu_0.0_mu_5.0_order_6
Lx_3_Ly_2_U_10.0_beta_1.0_dmu_0.0_mu_5.0_order_6
Lx_3_Ly_2_U_10.0_beta_1.0_dmu_0.0_mu_5.0_order_6
Lx_3_Ly_2_U_10.0_beta_1.0_dmu_0.0_mu_5.0_order_6
Lx_3_Ly_2_U_10.0_beta_1.0_dmu_0.0_mu_5.0_order_6
Lx_3_Ly_2_U_10.0_beta_1.0_dmu_0.0_mu_5.0_order_6
The lowest eigen energy per site:
[0.0, -5.0, -5.0, 0.0]
Lx_3_Ly_2_U_10.0_beta_1.0_dmu_0.0_mu_5.0_order_6
Lx_3_Ly_2_U_10.0_beta_1.0_dmu_0.0_mu_5.0_order_6U=10.0, μ=5.0, β=1.0
Model Hilbert space: 4
The lowest eigen energy per site:
[0.0, -5.0, -5.0, 0.0]
Lx_3_Ly_2_U_10.0_beta_1.0_dmu_0.0_mu_5.0_order_6
U=10.0, μ=5.0, β=1.0
Model Hilbert space: 4
Lx_3_Ly_2_U_10.0_beta_1.0_dmu_0.0_mu_5.0_order_6
U=10.0, μ=5.0, β=1.0
Model Hilbert space: 4
Lx_3_Ly_2_U_10.0_beta_1.0_dmu_0.0_mu_5.0_order_6
U=10.0, μ=5.0, β=1.0
Model Hilbert space: 4
The lowest eigen energy per site:
[0.0, -5.0, -5.0, 0.0]

U=10.0, μ=5.0, β=1.0
Model Hilbert space: 4
The lowest eigen energy per site:
[0.0, -5.0, -5.0, 0.0]
Lx_3_Ly_2_U_10.0_beta_1.0_dmu_0.0_mu_5.0_order_6
U=10.0, μ=5.0, β=1.0
Model Hilbert space: 4
The lowest eigen energy per site:
[0.0, -5.0, -5.0, 0.0]
Lx_3_Ly_2_U_10.0_beta_1.0_dmu_0.0_mu_5.0_order_6
U=10.0, μ=5.0, β=1.0
Model Hilbert space: 4
The lowest eigen energy per site:
[0.0, -5.0, -5.0, 0.0]
Lx_3_Ly_2_U_10.0_beta_1.0_dmu_0.0_mu_5.0_order_6
Lx_3_Ly_2_U_10.0_beta_1.0_dmu_0.0_mu_5.0_order_6
Lx_3_Ly_2_U_10.0_beta_1.0_dmu_0.0_mu_5.0_order_6
The lowest eigen energy per site:
[0.0, -5.0, -5.0, 0.0]

The lowest eigen energy per site:
[0.0, -5.0, -5.0, 0.0]
U=10.0, μ=5.0, β=1.0
Model Hilbert space: 4
The lowest eigen energy per site:
[0.0, -5.0, -5.0, 0.0]
Lx_3_Ly_2_U_10.0_beta_1.0_dmu_0.0_mu_5.0_order_6
U=10.0, μ=5.0, β=1.0
Model Hilbert space: 4
The lowest eigen energy per site:
[0.0, -5.0, -5.0, 0.0]
Lx_3_Ly_2_U_10.0_beta_1.0_dmu_0.0_mu_5.0_order_6
U=10.0, μ=5.0, β=1.0
Model Hilbert space: 4
The lowest eigen energy per site:
[0.0, -5.0, -5.0, 0.0]
Lx_3_Ly_2_U_10.0_beta_1.0_dmu_0.0_mu_5.0_order_6
Lx_3_Ly_2_U_10.0_beta_1.0_dmu_0.0_mu_5.0_order_6
Lx_3_Ly_2_U_10.0_beta_1.0_dmu_0.0_mu_5.0_order_6
Lx_3_Ly_2_U_10.0_beta_1.0_dmu_0.0_mu_5.0_order_6
U=10.0, μ=5.0, β=1.0
Model Hilbert space: 4
Lx_3_Ly_2_U_10.0_beta_1.0_dmu_0.0_mu_5.0_order_6
U=10.0, μ=5.0, β=1.0
Model Hilbert space: 4
The lowest eigen energy per site:
[0.0, -5.0, -5.0, 0.0]
U=10.0, μ=5.0, β=1.0
Model Hilbert space: 4
The lowest eigen energy per site:
[0.0, -5.0, -5.0, 0.0]
U=10.0, μ=5.0, β=1.0
Model Hilbert space: 4
U=10.0, μ=5.0, β=1.0
Model Hilbert space: 4
The lowest eigen energy per site:
[0.0, -5.0, -5.0, 0.0]U=10.0, μ=5.0, β=1.0
Model Hilbert space: 4
The lowest eigen energy per site:
[0.0, -5.0, -5.0, 0.0]
Lx_3_Ly_2_U_10.0_beta_1.0_dmu_0.0_mu_5.0_order_6
U=10.0, μ=5.0, β=1.0
Model Hilbert space: 4
The lowest eigen energy per site:
[0.0, -5.0, -5.0, 0.0]
Lx_3_Ly_2_U_10.0_beta_1.0_dmu_0.0_mu_5.0_order_6
U=10.0, μ=5.0, β=1.0
Model Hilbert space: 4
Lx_3_Ly_2_U_10.0_beta_1.0_dmu_0.0_mu_5.0_order_6
U=10.0, μ=5.0, β=1.0
Model Hilbert space: 4
Lx_3_Ly_2_U_10.0_beta_1.0_dmu_0.0_mu_5.0_order_6
U=10.0, μ=5.0, β=1.0
Model Hilbert space: 4
The lowest eigen energy per site:
[0.0, -5.0, -5.0, 0.0]
U=10.0, μ=5.0, β=1.0
Model Hilbert space: 4
The lowest eigen energy per site:
[0.0, -5.0, -5.0, 0.0]
U=10.0, μ=5.0, β=1.0
Model Hilbert space: 4
U=10.0, μ=5.0, β=1.0
Model Hilbert space: 4
The lowest eigen energy per site:
[0.0, -5.0, -5.0, 0.0]
U=10.0, μ=5.0, β=1.0
Model Hilbert space: 4
U=10.0, μ=5.0, β=1.0
Model Hilbert space: 4
The lowest eigen energy per site:
[0.0, -5.0, -5.0, 0.0]
U=10.0, μ=5.0, β=1.0
Model Hilbert space: 4
U=10.0, μ=5.0, β=1.0
Model Hilbert space: 4
The lowest eigen energy per site:
[0.0, -5.0, -5.0, 0.0]
Lx_3_Ly_2_U_10.0_beta_1.0_dmu_0.0_mu_5.0_order_6
U=10.0, μ=5.0, β=1.0
Model Hilbert space: 4
The lowest eigen energy per site:
[0.0, -5.0, -5.0, 0.0]
The lowest eigen energy per site:
[0.0, -5.0, -5.0, 0.0]
The lowest eigen energy per site:
[0.0, -5.0, -5.0, 0.0]
The lowest eigen energy per site:
[0.0, -5.0, -5.0, 0.0]
The lowest eigen energy per site:
[0.0, -5.0, -5.0, 0.0]
U=10.0, μ=5.0, β=1.0
Model Hilbert space: 4
The lowest eigen energy per site:
[0.0, -5.0, -5.0, 0.0]
The lowest eigen energy per site:
[0.0, -5.0, -5.0, 0.0]
The lowest eigen energy per site:
[0.0, -5.0, -5.0, 0.0]
The lowest eigen energy per site:
[0.0, -5.0, -5.0, 0.0]
Lx_3_Ly_2_U_10.0_beta_1.0_dmu_0.0_mu_5.0_order_6

Lx_3_Ly_2_U_10.0_beta_1.0_dmu_0.0_mu_5.0_order_6
U=10.0, μ=5.0, β=1.0
Model Hilbert space: 4
The lowest eigen energy per site:
[0.0, -5.0, -5.0, 0.0]
Lx_3_Ly_2_U_10.0_beta_1.0_dmu_0.0_mu_5.0_order_6
U=10.0, μ=5.0, β=1.0
Model Hilbert space: 4
Lx_3_Ly_2_U_10.0_beta_1.0_dmu_0.0_mu_5.0_order_6
U=10.0, μ=5.0, β=1.0
Model Hilbert space: 4
Lx_3_Ly_2_U_10.0_beta_1.0_dmu_0.0_mu_5.0_order_6
The lowest eigen energy per site:
[0.0, -5.0, -5.0, 0.0]
Lx_3_Ly_2_U_10.0_beta_1.0_dmu_0.0_mu_5.0_order_6
U=10.0, μ=5.0, β=1.0
Model Hilbert space: 4
Lx_3_Ly_2_U_10.0_beta_1.0_dmu_0.0_mu_5.0_order_6
The lowest eigen energy per site:
[0.0, -5.0, -5.0, 0.0]
Lx_3_Ly_2_U_10.0_beta_1.0_dmu_0.0_mu_5.0_order_6The lowest eigen energy per site:
[0.0, -5.0, -5.0, 0.0]
Lx_3_Ly_2_U_10.0_beta_1.0_dmu_0.0_mu_5.0_order_6
Lx_3_Ly_2_U_10.0_beta_1.0_dmu_0.0_mu_5.0_order_6
Lx_3_Ly_2_U_10.0_beta_1.0_dmu_0.0_mu_5.0_order_6
Lx_3_Ly_2_U_10.0_beta_1.0_dmu_0.0_mu_5.0_order_6
U=10.0, μ=5.0, β=1.0
Model Hilbert space: 4
The lowest eigen energy per site:
[0.0, -5.0, -5.0, 0.0]
Lx_3_Ly_2_U_10.0_beta_1.0_dmu_0.0_mu_5.0_order_6
U=10.0, μ=5.0, β=1.0
Model Hilbert space: 4
The lowest eigen energy per site:
[0.0, -5.0, -5.0, 0.0]
Lx_3_Ly_2_U_10.0_beta_1.0_dmu_0.0_mu_5.0_order_6
U=10.0, μ=5.0, β=1.0
Model Hilbert space: 4
The lowest eigen energy per site:
[0.0, -5.0, -5.0, 0.0]
Lx_3_Ly_2_U_10.0_beta_1.0_dmu_0.0_mu_5.0_order_6
U=10.0, μ=5.0, β=1.0
Model Hilbert space: 4
The lowest eigen energy per site:
[0.0, -5.0, -5.0, 0.0]
Lx_3_Ly_2_U_10.0_beta_1.0_dmu_0.0_mu_5.0_order_6
U=10.0, μ=5.0, β=1.0
Model Hilbert space: 4
The lowest eigen energy per site:
[0.0, -5.0, -5.0, 0.0]
Lx_3_Ly_2_U_10.0_beta_1.0_dmu_0.0_mu_5.0_order_6

Lx_3_Ly_2_U_10.0_beta_1.0_dmu_0.0_mu_5.0_order_6
U=10.0, μ=5.0, β=1.0
Model Hilbert space: 4
The lowest eigen energy per site:
[0.0, -5.0, -5.0, 0.0]
Lx_3_Ly_2_U_10.0_beta_1.0_dmu_0.0_mu_5.0_order_6
U=10.0, μ=5.0, β=1.0
Model Hilbert space: 4
The lowest eigen energy per site:
[0.0, -5.0, -5.0, 0.0]
Lx_3_Ly_2_U_10.0_beta_1.0_dmu_0.0_mu_5.0_order_6
U=10.0, μ=5.0, β=1.0
Model Hilbert space: 4
The lowest eigen energy per site:
[0.0, -5.0, -5.0, 0.0]
Lx_3_Ly_2_U_10.0_beta_1.0_dmu_0.0_mu_5.0_order_6Lx_3_Ly_2_U_10.0_beta_1.0_dmu_0.0_mu_5.0_order_6

U=10.0, μ=5.0, β=1.0
Model Hilbert space: 4
The lowest eigen energy per site:
[0.0, -5.0, -5.0, 0.0]
Lx_3_Ly_2_U_10.0_beta_1.0_dmu_0.0_mu_5.0_order_6
U=10.0, μ=5.0, β=1.0
Model Hilbert space: 4
The lowest eigen energy per site:
[0.0, -5.0, -5.0, 0.0]
U=10.0, μ=5.0, β=1.0
Model Hilbert space: 4
U=10.0, μ=5.0, β=1.0
Model Hilbert space: 4
The lowest eigen energy per site:
[0.0, -5.0, -5.0, 0.0]
U=10.0, μ=5.0, β=1.0
Model Hilbert space: 4
The lowest eigen energy per site:
[0.0, -5.0, -5.0, 0.0]
U=10.0, μ=5.0, β=1.0
Model Hilbert space: 4
The lowest eigen energy per site:
[0.0, -5.0, -5.0, 0.0]
U=10.0, μ=5.0, β=1.0
Model Hilbert space: 4
U=10.0, μ=5.0, β=1.0
Model Hilbert space: 4
The lowest eigen energy per site:
[0.0, -5.0, -5.0, 0.0]
U=10.0, μ=5.0, β=1.0
Model Hilbert space: 4
The lowest eigen energy per site:
[0.0, -5.0, -5.0, 0.0]
U=10.0, μ=5.0, β=1.0
Model Hilbert space: 4
The lowest eigen energy per site:
[0.0, -5.0, -5.0, 0.0]
Lx_3_Ly_2_U_10.0_beta_1.0_dmu_0.0_mu_5.0_order_6
U=10.0, μ=5.0, β=1.0
Model Hilbert space: 4
The lowest eigen energy per site:
[0.0, -5.0, -5.0, 0.0]
Lx_3_Ly_2_U_10.0_beta_1.0_dmu_0.0_mu_5.0_order_6
Lx_3_Ly_2_U_10.0_beta_1.0_dmu_0.0_mu_5.0_order_6
Lx_3_Ly_2_U_10.0_beta_1.0_dmu_0.0_mu_5.0_order_6
Lx_3_Ly_2_U_10.0_beta_1.0_dmu_0.0_mu_5.0_order_6
Lx_3_Ly_2_U_10.0_beta_1.0_dmu_0.0_mu_5.0_order_6
U=10.0, μ=5.0, β=1.0
Model Hilbert space: 4
The lowest eigen energy per site:
[0.0, -5.0, -5.0, 0.0]
U=10.0, μ=5.0, β=1.0
Model Hilbert space: 4
The lowest eigen energy per site:
[0.0, -5.0, -5.0, 0.0]
Lx_3_Ly_2_U_10.0_beta_1.0_dmu_0.0_mu_5.0_order_6U=10.0, μ=5.0, β=1.0
Model Hilbert space: 4
The lowest eigen energy per site:
[0.0, -5.0, -5.0, 0.0]
Lx_3_Ly_2_U_10.0_beta_1.0_dmu_0.0_mu_5.0_order_6
U=10.0, μ=5.0, β=1.0
Model Hilbert space: 4
The lowest eigen energy per site:
[0.0, -5.0, -5.0, 0.0]
Lx_3_Ly_2_U_10.0_beta_1.0_dmu_0.0_mu_5.0_order_6
U=10.0, μ=5.0, β=1.0
Model Hilbert space: 4
The lowest eigen energy per site:
[0.0, -5.0, -5.0, 0.0]
Lx_3_Ly_2_U_10.0_beta_1.0_dmu_0.0_mu_5.0_order_6
The lowest eigen energy per site:
[0.0, -5.0, -5.0, 0.0]
U=10.0, μ=5.0, β=1.0
Model Hilbert space: 4
The lowest eigen energy per site:
[0.0, -5.0, -5.0, 0.0]
The lowest eigen energy per site:
[0.0, -5.0, -5.0, 0.0]
U=10.0, μ=5.0, β=1.0
Model Hilbert space: 4
The lowest eigen energy per site:
[0.0, -5.0, -5.0, 0.0]
U=10.0, μ=5.0, β=1.0
Model Hilbert space: 4
The lowest eigen energy per site:
[0.0, -5.0, -5.0, 0.0]

U=10.0, μ=5.0, β=1.0
Model Hilbert space: 4
The lowest eigen energy per site:
[0.0, -5.0, -5.0, 0.0]
Lx_3_Ly_2_U_10.0_beta_1.0_dmu_0.0_mu_5.0_order_6
U=10.0, μ=5.0, β=1.0
Model Hilbert space: 4
Lx_3_Ly_2_U_10.0_beta_1.0_dmu_0.0_mu_5.0_order_6
U=10.0, μ=5.0, β=1.0
Model Hilbert space: 4
Lx_3_Ly_2_U_10.0_beta_1.0_dmu_0.0_mu_5.0_order_6
The lowest eigen energy per site:
[0.0, -5.0, -5.0, 0.0]
Lx_3_Ly_2_U_10.0_beta_1.0_dmu_0.0_mu_5.0_order_6
The lowest eigen energy per site:
[0.0, -5.0, -5.0, 0.0]
Lx_3_Ly_2_U_10.0_beta_1.0_dmu_0.0_mu_5.0_order_6
Lx_3_Ly_2_U_10.0_beta_1.0_dmu_0.0_mu_5.0_order_6
U=10.0, μ=5.0, β=1.0
Model Hilbert space: 4
U=10.0, μ=5.0, β=1.0
Model Hilbert space: 4
U=10.0, μ=5.0, β=1.0
Model Hilbert space: 4
U=10.0, μ=5.0, β=1.0
Model Hilbert space: 4
U=10.0, μ=5.0, β=1.0
Model Hilbert space: 4
The lowest eigen energy per site:
[0.0, -5.0, -5.0, 0.0]
U=10.0, μ=5.0, β=1.0
Model Hilbert space: 4
The lowest eigen energy per site:
[0.0, -5.0, -5.0, 0.0]
U=10.0, μ=5.0, β=1.0
Model Hilbert space: 4
The lowest eigen energy per site:
[0.0, -5.0, -5.0, 0.0]
U=10.0, μ=5.0, β=1.0
Model Hilbert space: 4
The lowest eigen energy per site:
[0.0, -5.0, -5.0, 0.0]
Lx_3_Ly_2_U_10.0_beta_1.0_dmu_0.0_mu_5.0_order_6
The lowest eigen energy per site:
[0.0, -5.0, -5.0, 0.0]
Lx_3_Ly_2_U_10.0_beta_1.0_dmu_0.0_mu_5.0_order_6
U=10.0, μ=5.0, β=1.0
Model Hilbert space: 4
The lowest eigen energy per site:
[0.0, -5.0, -5.0, 0.0]
The lowest eigen energy per site:
[0.0, -5.0, -5.0, 0.0]
U=10.0, μ=5.0, β=1.0
Model Hilbert space: 4
The lowest eigen energy per site:
[0.0, -5.0, -5.0, 0.0]
The lowest eigen energy per site:
[0.0, -5.0, -5.0, 0.0]
Lx_3_Ly_2_U_10.0_beta_1.0_dmu_0.0_mu_5.0_order_6
The lowest eigen energy per site:
[0.0, -5.0, -5.0, 0.0]
U=10.0, μ=5.0, β=1.0
Model Hilbert space: 4
The lowest eigen energy per site:
[0.0, -5.0, -5.0, 0.0]
U=10.0, μ=5.0, β=1.0
Model Hilbert space: 4
U=10.0, μ=5.0, β=1.0
Model Hilbert space: 4
The lowest eigen energy per site:
[0.0, -5.0, -5.0, 0.0]
U=10.0, μ=5.0, β=1.0
Model Hilbert space: 4
The lowest eigen energy per site:
[0.0, -5.0, -5.0, 0.0]
U=10.0, μ=5.0, β=1.0
Model Hilbert space: 4
The lowest eigen energy per site:
[0.0, -5.0, -5.0, 0.0]
U=10.0, μ=5.0, β=1.0
Model Hilbert space: 4
The lowest eigen energy per site:
[0.0, -5.0, -5.0, 0.0]
U=10.0, μ=5.0, β=1.0
Model Hilbert space: 4
The lowest eigen energy per site:
[0.0, -5.0, -5.0, 0.0]
The lowest eigen energy per site:
[0.0, -5.0, -5.0, 0.0]
Lx_3_Ly_2_U_10.0_beta_1.0_dmu_0.0_mu_5.0_order_6
Lx_3_Ly_2_U_10.0_beta_1.0_dmu_0.0_mu_5.0_order_6
Lx_3_Ly_2_U_10.0_beta_1.0_dmu_0.0_mu_5.0_order_6
Lx_3_Ly_2_U_10.0_beta_1.0_dmu_0.0_mu_5.0_order_6
U=10.0, μ=5.0, β=1.0
Model Hilbert space: 4
The lowest eigen energy per site:
[0.0, -5.0, -5.0, 0.0]
Lx_3_Ly_2_U_10.0_beta_1.0_dmu_0.0_mu_5.0_order_6
U=10.0, μ=5.0, β=1.0
Model Hilbert space: 4
The lowest eigen energy per site:
[0.0, -5.0, -5.0, 0.0]Lx_3_Ly_2_U_10.0_beta_1.0_dmu_0.0_mu_5.0_order_6

Lx_3_Ly_2_U_10.0_beta_1.0_dmu_0.0_mu_5.0_order_6
Lx_3_Ly_2_U_10.0_beta_1.0_dmu_0.0_mu_5.0_order_6
Lx_3_Ly_2_U_10.0_beta_1.0_dmu_0.0_mu_5.0_order_6
Lx_3_Ly_2_U_10.0_beta_1.0_dmu_0.0_mu_5.0_order_6
U=10.0, μ=5.0, β=1.0
Model Hilbert space: 4
U=10.0, μ=5.0, β=1.0
Model Hilbert space: 4
The lowest eigen energy per site:
[0.0, -5.0, -5.0, 0.0]
U=10.0, μ=5.0, β=1.0
Model Hilbert space: 4
The lowest eigen energy per site:
[0.0, -5.0, -5.0, 0.0]
U=10.0, μ=5.0, β=1.0
Model Hilbert space: 4
The lowest eigen energy per site:
[0.0, -5.0, -5.0, 0.0]
The lowest eigen energy per site:
[0.0, -5.0, -5.0, 0.0]
U=10.0, μ=5.0, β=1.0
Model Hilbert space: 4
The lowest eigen energy per site:
[0.0, -5.0, -5.0, 0.0]
U=10.0, μ=5.0, β=1.0
Model Hilbert space: 4
U=10.0, μ=5.0, β=1.0
Model Hilbert space: 4
The lowest eigen energy per site:
[0.0, -5.0, -5.0, 0.0]
U=10.0, μ=5.0, β=1.0
Model Hilbert space: 4
The lowest eigen energy per site:
[0.0, -5.0, -5.0, 0.0]
The lowest eigen energy per site:
[0.0, -5.0, -5.0, 0.0]
Lx_3_Ly_2_U_10.0_beta_1.0_dmu_0.0_mu_5.0_order_6
Lx_3_Ly_2_U_10.0_beta_1.0_dmu_0.0_mu_5.0_order_6
U=10.0, μ=5.0, β=1.0
Model Hilbert space: 4
The lowest eigen energy per site:
[0.0, -5.0, -5.0, 0.0]
U=10.0, μ=5.0, β=1.0
Model Hilbert space: 4
The lowest eigen energy per site:
[0.0, -5.0, -5.0, 0.0]
Lx_3_Ly_2_U_10.0_beta_1.0_dmu_0.0_mu_5.0_order_6
U=10.0, μ=5.0, β=1.0
Model Hilbert space: 4
The lowest eigen energy per site:
[0.0, -5.0, -5.0, 0.0]
Lx_3_Ly_2_U_10.0_beta_1.0_dmu_0.0_mu_5.0_order_6
U=10.0, μ=5.0, β=1.0
Model Hilbert space: 4
The lowest eigen energy per site:
[0.0, -5.0, -5.0, 0.0]
Lx_3_Ly_2_U_10.0_beta_1.0_dmu_0.0_mu_5.0_order_6
U=10.0, μ=5.0, β=1.0
Model Hilbert space: 4
The lowest eigen energy per site:
[0.0, -5.0, -5.0, 0.0]
Lx_3_Ly_2_U_10.0_beta_1.0_dmu_0.0_mu_5.0_order_6
U=10.0, μ=5.0, β=1.0
Model Hilbert space: 4
The lowest eigen energy per site:
[0.0, -5.0, -5.0, 0.0]
================================================     Integral 1    ============================================================
[33m  iter                          integral                                        wgt average                        reduced chi2[0m
-------------------------------------------------------------------------------------------------------------------------------
ignore                0.3601542 ± 0.00048649294                           0.3601542 ± 0.00048649294                      0.0000
     2               0.36002793 ± 0.00077729413                           0.3601542 ± 0.00048649294                      0.0000
     3               0.36098584 ± 0.00092115811                          0.36042633 ± 0.00059405807                      0.6316
     4               0.35952367 ± 0.00068832105                          0.36004099 ± 0.00044972643                      0.8086
     5               0.36003933 ± 0.00082141045                          0.36004061 ± 0.00039447231                      0.5391
     6               0.35948628 ± 0.00082876088                          0.35993822 ± 0.0003561828                       0.4955
     7               0.36163717 ± 0.00084409103                          0.36019501 ± 0.00032816267                      1.0842
     8               0.35998201 ± 0.00090228088                          0.36017013 ± 0.00030839847                      0.9117
     9                0.3592038 ± 0.00079986945                          0.36004507 ± 0.0002877511                       0.9630
    10               0.35922015 ± 0.00076161392                          0.35994202 ± 0.00026917959                      0.9709
-------------------------------------------------------------------------------------------------------------------------------
================================================     Integral 2    ============================================================
[33m  iter                          integral                                        wgt average                        reduced chi2[0m
-------------------------------------------------------------------------------------------------------------------------------
ignore             3.422347e-06 ± 6.6832542e-05                        3.422347e-06 ± 6.6832542e-05                      0.0000
     2            3.0496619e-06 ± 4.7856328e-05                        3.422347e-06 ± 6.6832542e-05                      0.0000
     3           -2.6009096e-05 ± 5.2224067e-05                      -1.0213939e-05 ± 3.5282856e-05                      0.1683
     4            0.00010273431 ± 4.755469e-05                        2.9886875e-05 ± 2.8335515e-05                      1.9033
     5            5.0706845e-05 ± 4.721122e-05                        3.5400539e-05 ± 2.4295523e-05                      1.3165
     6           -2.8012819e-06 ± 4.7127104e-05                       2.7379369e-05 ± 2.1594767e-05                      1.1172
     7           -1.1524592e-05 ± 5.1251419e-05                       2.1513888e-05 ± 1.9900392e-05                      0.9916
     8            -5.487692e-05 ± 4.5389855e-05                       9.1973789e-06 ± 1.822565e-05                       1.2223
     9            2.3649675e-05 ± 5.1727297e-05                       1.0793404e-05 ± 1.718985e-05                       1.0576
    10            1.1961016e-05 ± 4.4944209e-05                       1.0942409e-05 ± 1.6055584e-05                      0.9255
-------------------------------------------------------------------------------------------------------------------------------
================================================     Integral 3    ============================================================
[33m  iter                          integral                                        wgt average                        reduced chi2[0m
-------------------------------------------------------------------------------------------------------------------------------
ignore              0.027993579 ± 0.0001598236                          0.027993579 ± 0.0001598236                       0.0000
     2              0.028164031 ± 0.00011207529                         0.027993579 ± 0.0001598236                       0.0000
     3               0.02829238 ± 0.00012628208                         0.028220583 ± 8.382399e-05                       0.5778
     4              0.028167673 ± 0.00011432844                         0.028202084 ± 6.7600861e-05                      0.3586
     5               0.02815514 ± 0.00012093067                         0.028190908 ± 5.9007179e-05                      0.2773
     6              0.028171248 ± 0.00010903419                         0.028186454 ± 5.1895112e-05                      0.2143
     7              0.028317245 ± 0.00012486686                         0.028205718 ± 4.7921253e-05                      0.3585
     8                0.0280652 ± 0.00011834133                         0.028185922 ± 4.4417691e-05                      0.5007
     9              0.028056927 ± 0.00011669073                         0.028169597 ± 4.1512042e-05                      0.5816
    10              0.028105075 ± 0.00012233135                         0.028162935 ± 3.9310361e-05                      0.5401
-------------------------------------------------------------------------------------------------------------------------------
================================================     Integral 4    ============================================================
[33m  iter                          integral                                        wgt average                        reduced chi2[0m
-------------------------------------------------------------------------------------------------------------------------------
ignore              0.014396565 ± 0.00014589185                         0.014396565 ± 0.00014589185                      0.0000
     2              0.014516108 ± 0.00014091494                         0.014396565 ± 0.00014589185                      0.0000
     3              0.014677553 ± 0.00015731962                         0.014587977 ± 0.00010496421                      0.5843
     4              0.014431369 ± 0.00014367493                         0.014533478 ± 8.4755342e-05                      0.6795
     5              0.014400026 ± 0.00013902936                          0.01449732 ± 7.2368117e-05                      0.6769
     6              0.014582369 ± 0.00012567507                         0.014518499 ± 6.2713746e-05                      0.5937
     7              0.014747836 ± 0.00013525775                         0.014559078 ± 5.6895505e-05                      0.9482
     8              0.014421102 ± 0.00013844451                         0.014539142 ± 5.2624883e-05                      0.9318
     9              0.014350484 ± 0.00012475569                         0.014510644 ± 4.8487582e-05                      1.0760
    10              0.014306207 ± 0.0001344294                          0.014487109 ± 4.5611294e-05                      1.1973
-------------------------------------------------------------------------------------------------------------------------------
================================================     Integral 5    ============================================================
[33m  iter                          integral                                        wgt average                        reduced chi2[0m
-------------------------------------------------------------------------------------------------------------------------------
ignore            -0.0061088247 ± 8.417072e-05                        -0.0061088247 ± 8.417072e-05                       0.0000
     2            -0.0061872853 ± 5.802708e-05                        -0.0061088247 ± 8.417072e-05                       0.0000
     3            -0.0062952131 ± 6.3629205e-05                       -0.0062362898 ± 4.2875422e-05                      1.5707
     4            -0.0062084436 ± 5.9416814e-05                       -0.0062267549 ± 3.476843e-05                       0.8576
     5            -0.0061440412 ± 5.5933613e-05                       -0.0062037025 ± 2.9528596e-05                      1.0975
     6              -0.00626502 ± 5.4926971e-05                       -0.0062174506 ± 2.6008462e-05                      1.0648
     7            -0.0064359589 ± 6.1282771e-05                       -0.0062508005 ± 2.3941558e-05                      3.0064
     8            -0.0063592361 ± 6.3152475e-05                       -0.0062644267 ± 2.238681e-05                       2.9350
     9            -0.0063022376 ± 5.5517591e-05                       -0.0062697149 ± 2.0762372e-05                      2.5727
    10            -0.0062154437 ± 6.3736015e-05                       -0.0062645083 ± 1.9741336e-05                      2.3331
-------------------------------------------------------------------------------------------------------------------------------
================================================     Integral 6    ============================================================
[33m  iter                          integral                                        wgt average                        reduced chi2[0m
-------------------------------------------------------------------------------------------------------------------------------
ignore           -4.1394714e-05 ± 6.2207611e-05                      -4.1394714e-05 ± 6.2207611e-05                      0.0000
     2            2.5582472e-06 ± 3.5440317e-05                      -4.1394714e-05 ± 6.2207611e-05                      0.0000
     3           -4.6039626e-06 ± 3.279807e-05                       -1.2997684e-06 ± 2.4071773e-05                      0.0220
     4            1.6813526e-05 ± 3.660628e-05                        4.1682583e-06 ± 2.0112839e-05                      0.0965
     5             4.877747e-06 ± 3.2291463e-05                       4.3665672e-06 ± 1.707212e-05                       0.0644
     6            2.7628918e-06 ± 3.5330575e-05                       4.0630025e-06 ± 1.5371611e-05                      0.0487
     7            7.7498832e-06 ± 3.3420263e-05                       4.7067767e-06 ± 1.396524e-05                       0.0410
     8            1.8412447e-06 ± 3.7347271e-05                       4.3552609e-06 ± 1.3080665e-05                      0.0350
     9            4.9637884e-06 ± 3.2759823e-05                       4.4389385e-06 ± 1.214807e-05                       0.0301
    10             3.260871e-05 ± 3.6860779e-05                       7.1987945e-06 ± 1.1537647e-05                      0.0922
-------------------------------------------------------------------------------------------------------------------------------
================================================     Integral 7    ============================================================
[33m  iter                          integral                                        wgt average                        reduced chi2[0m
-------------------------------------------------------------------------------------------------------------------------------
ignore           -5.0287396e-05 ± 6.4565904e-05                      -5.0287396e-05 ± 6.4565904e-05                      0.0000
     2            5.0758582e-05 ± 2.5976235e-05                      -5.0287396e-05 ± 6.4565904e-05                      0.0000
     3           -1.8892761e-06 ± 2.9317751e-05                       2.7604671e-05 ± 1.9442583e-05                      1.8065
     4           -4.7058606e-06 ± 2.7702409e-05                       1.6941692e-05 ± 1.5914255e-05                      1.3590
     5           -5.1649366e-05 ± 2.650768e-05                        -1.230859e-06 ± 1.3644184e-05                      2.5465
     6           -9.4080867e-06 ± 2.6745331e-05                      -2.9195268e-06 ± 1.2153984e-05                      1.9284
     7           -1.5268257e-06 ± 2.8998698e-05                       -2.711436e-06 ± 1.1209274e-05                      1.5431
     8            4.3059452e-06 ± 2.7193936e-05                      -1.6923007e-06 ± 1.0363395e-05                      1.2954
     9            2.3726922e-05 ± 2.7448038e-05                       1.4791942e-06 ± 9.695356e-06                       1.2176
    10           -3.7341741e-05 ± 2.6626772e-05                       -3.065276e-06 ± 9.1102182e-06                      1.3000
-------------------------------------------------------------------------------------------------------------------------------
================================================     Integral 8    ============================================================
[33m  iter                          integral                                        wgt average                        reduced chi2[0m
-------------------------------------------------------------------------------------------------------------------------------
ignore           -3.2299687e-05 ± 4.7561765e-05                      -3.2299687e-05 ± 4.7561765e-05                      0.0000
     2            2.0903853e-06 ± 1.8735398e-05                      -3.2299687e-05 ± 4.7561765e-05                      0.0000
     3           -4.2464626e-06 ± 1.9015434e-05                      -1.0310346e-06 ± 1.3345904e-05                      0.0564
     4           -3.5208381e-06 ± 1.682445e-05                       -1.9926289e-06 ± 1.045579e-05                       0.0349
     5            1.0582625e-06 ± 1.8251196e-05                      -1.2387656e-06 ± 9.072493e-06                       0.0303
     6            8.7840676e-06 ± 1.7632284e-05                       8.5929493e-07 ± 8.0672367e-06                      0.0866
     7            2.2837374e-06 ± 1.8559254e-05                       1.0856597e-06 ± 7.3985196e-06                      0.0703
     8            -2.065011e-06 ± 1.6631941e-05                       5.6519797e-07 ± 6.7598716e-06                      0.0635
     9            3.1986843e-05 ± 1.9332955e-05                       3.9882403e-06 ± 6.3810503e-06                      0.3907
    10            1.6194422e-05 ± 1.8686168e-05                       5.2629671e-06 ± 6.0386692e-06                      0.3896
-------------------------------------------------------------------------------------------------------------------------------
================================================     Integral 9    ============================================================
[33m  iter                          integral                                        wgt average                        reduced chi2[0m
-------------------------------------------------------------------------------------------------------------------------------
ignore            -0.0027782419 ± 3.6722662e-05                       -0.0027782419 ± 3.6722662e-05                      0.0000
     2            -0.0027463117 ± 1.3164194e-05                       -0.0027782419 ± 3.6722662e-05                      0.0000
     3            -0.0027651543 ± 1.4056245e-05                       -0.0027551161 ± 9.6084555e-06                      0.9573
     4            -0.0027372147 ± 1.3683891e-05                       -0.0027492046 ± 7.8635373e-06                      1.0518
     5             -0.002738167 ± 1.3179852e-05                        -0.002746307 ± 6.7529508e-06                      0.8736
     6            -0.0027515947 ± 1.4213871e-05                       -0.0027472807 ± 6.0995699e-06                      0.6834
     7            -0.0027581935 ± 1.578511e-05                        -0.0027486985 ± 5.6895779e-06                      0.6299
     8            -0.0027482983 ± 1.4783562e-05                       -0.0027486468 ± 5.3099147e-06                      0.5250
     9            -0.0027373627 ± 1.2632425e-05                       -0.0027469525 ± 4.8950576e-06                      0.5469
    10            -0.0027266952 ± 1.3391267e-05                       -0.0027445648 ± 4.5975281e-06                      0.7309
-------------------------------------------------------------------------------------------------------------------------------
================================================     Integral 10    ============================================================
[33m  iter                          integral                                        wgt average                        reduced chi2[0m
-------------------------------------------------------------------------------------------------------------------------------
ignore             -0.016893625 ± 0.00015774833                        -0.016893625 ± 0.00015774833                      0.0000
     2             -0.017337929 ± 8.9606006e-05                        -0.016893625 ± 0.00015774833                      0.0000
     3             -0.017447402 ± 0.0001013003                         -0.017385985 ± 6.7116568e-05                      0.6552
     4             -0.017268812 ± 8.3362446e-05                        -0.017339903 ± 5.2278499e-05                      0.9269
     5             -0.017246606 ± 9.2969115e-05                        -0.017317489 ± 4.5568155e-05                      0.8730
     6             -0.017374577 ± 9.656615e-05                         -0.017327886 ± 4.1210308e-05                      0.7262
     7             -0.017461372 ± 0.00010014998                        -0.017347215 ± 3.8110014e-05                      0.8848
     8             -0.017399228 ± 9.4284183e-05                         -0.01735452 ± 3.5332817e-05                      0.7809
     9             -0.017430354 ± 9.4828439e-05                        -0.017363764 ± 3.3109232e-05                      0.7496
    10             -0.017285923 ± 9.4139197e-05                        -0.017355195 ± 3.1233788e-05                      0.7320
-------------------------------------------------------------------------------------------------------------------------------
================================================     Integral 11    ============================================================
[33m  iter                          integral                                        wgt average                        reduced chi2[0m
-------------------------------------------------------------------------------------------------------------------------------
ignore            -0.0070554515 ± 0.00011456569                       -0.0070554515 ± 0.00011456569                      0.0000
     2            -0.0070973435 ± 6.8784984e-05                       -0.0070554515 ± 0.00011456569                      0.0000
     3            -0.0072147899 ± 6.6678806e-05                       -0.0071578923 ± 4.7876389e-05                      1.5030
     4            -0.0070565416 ± 6.6391921e-05                       -0.0071232193 ± 3.8832762e-05                      1.5181
     5            -0.0071400868 ± 7.1212144e-05                       -0.0071270855 ± 3.4093179e-05                      1.0265
     6            -0.0071722591 ± 6.7570415e-05                       -0.0071362521 ± 3.0438181e-05                      0.8589
     7            -0.0072752606 ± 7.4399563e-05                       -0.0071561829 ± 2.8171706e-05                      1.2852
     8            -0.0072182894 ± 7.6372436e-05                       -0.0071636214 ± 2.6430856e-05                      1.1680
     9            -0.0072340972 ± 7.1282444e-05                       -0.0071721397 ± 2.4782114e-05                      1.1239
    10            -0.0072004344 ± 6.2706705e-05                        -0.007175962 ± 2.3047517e-05                      1.0054
-------------------------------------------------------------------------------------------------------------------------------
================================================     Integral 12    ============================================================
[33m  iter                          integral                                        wgt average                        reduced chi2[0m
-------------------------------------------------------------------------------------------------------------------------------
ignore           -0.00080329059 ± 5.5215979e-05                      -0.00080329059 ± 5.5215979e-05                      0.0000
     2           -0.00079556634 ± 2.3656276e-05                      -0.00080329059 ± 5.5215979e-05                      0.0000
     3           -0.00078879499 ± 2.335838e-05                       -0.00079213776 ± 1.6621261e-05                      0.0415
     4           -0.00077389532 ± 2.3041294e-05                      -0.00078589402 ± 1.3479992e-05                      0.2269
     5           -0.00077251493 ± 2.018711e-05                       -0.00078176812 ± 1.1210428e-05                      0.2525
     6           -0.00078221265 ± 2.2095113e-05                      -0.00078185913 ± 9.9972698e-06                      0.1895
     7           -0.00078638009 ± 1.9263929e-05                      -0.00078281837 ± 8.8735184e-06                      0.1603
     8           -0.00077213616 ± 2.3579243e-05                      -0.00078149321 ± 8.3049082e-06                      0.1635
     9           -0.00078667667 ± 2.2652652e-05                      -0.00078210737 ± 7.7974041e-06                      0.1467
    10           -0.00076803881 ± 2.1636895e-05                       -0.0007804903 ± 7.3356053e-06                      0.1752
-------------------------------------------------------------------------------------------------------------------------------
================================================     Integral 13    ============================================================
[33m  iter                          integral                                        wgt average                        reduced chi2[0m
-------------------------------------------------------------------------------------------------------------------------------
ignore            6.5865837e-05 ± 1.1099143e-05                       6.5865837e-05 ± 1.1099143e-05                      0.0000
     2            7.5354393e-05 ± 1.9380843e-06                       6.5865837e-05 ± 1.1099143e-05                      0.0000
     3            7.4760901e-05 ± 1.7266687e-06                       7.5023525e-05 ± 1.2893013e-06                      0.0523
     4            7.3221682e-05 ± 1.7760374e-06                       7.4401722e-05 ± 1.0433845e-06                      0.3631
     5            7.1885183e-05 ± 1.6701111e-06                       7.3695313e-05 ± 8.8490673e-07                      0.7864
     6            7.5319199e-05 ± 1.6350465e-06                       7.4063172e-05 ± 7.7825031e-07                      0.7805
     7            7.4418404e-05 ± 1.9715843e-06                       7.4111056e-05 ± 7.2389937e-07                      0.6300
     8            7.3173112e-05 ± 1.804956e-06                        7.3981104e-05 ± 6.718825e-07                       0.5638
     9            7.4516059e-05 ± 2.059271e-06                        7.4032569e-05 ± 6.3874688e-07                      0.4920
    10            7.3119976e-05 ± 1.6222937e-06                       7.3910096e-05 ± 5.9434266e-07                      0.4647
-------------------------------------------------------------------------------------------------------------------------------

===========================  Configuration  =========================================
partition: [(2, 2, 0), (3, 3, 0), (4, 2, 0), (4, 3, 0), (4, 4, 0), (5, 3, 0), (5, 4, 0), (5, 5, 0), (6, 2, 0), (6, 3, 0), (6, 4, 0), (6, 5, 0), (6, 6, 0)]
neighbor: [(1, 14), (2, 1), (3, 1), (3, 2), (4, 2), (4, 3), (5, 2), (5, 4), (6, 2), (6, 3), (6, 4), (6, 5), (7, 4), (7, 5), (7, 6), (8, 5), (8, 7), (9, 3), (9, 6), (10, 4), (10, 6), (10, 7), (10, 9), (11, 5), (11, 6), (11, 7), (11, 8), (11, 10), (12, 7), (12, 8), (12, 11), (13, 8), (13, 12)]
[32m2025-11-17T15:36:43.349[0m
-------------------------------------------------------------------------------------
partition: [(2, 2, 0), (3, 3, 0), (4partition: [(2, 2, 0), (3, 3, 0), (4, , 2, 0), (4, 3, 0), (4, 4, 0), (5, 3, 02, 0), (4, 3, 0), (4, 4, 0), (5, 3, 0), (5, 4, ), (5, 4, 0), (50), (5, 5, 0), (6,, 5, 0), (6,  2, 0), (6, 3, 02, 0), (6, 3,), (6, 4, 0), (6 0), (6, 4, 0, 5, 0), (6, 6, 0), (6, 5, 0),)]
 (6, 6, 0)]neighbor: [(1, 14), (2
neighbor: [(, 1), (3, 1), (3,1, 14), (2, 1), (3, 1), ( 2), (4, 2), (4, 33, 2), (4, 2), (4, 3), (5, 2), (5, 2), (5, 4),), (5, 4), (6 (6, 2), (6, 3), (6, 2), (6, 3), (6, 4), (6, 5), 4), (6, 5), (7,, (7, 4), (7, 5 4), (7, 5), (7, 6), (7, 6), (8, 5), (8, 5), (8, 7),), (8, 7), (9 (9, 3), (9, 6), (10,, 3), (9, 6) 4), (10, 6), (10, , (10, 4), (10, 6), (10, 7), (10, 9)7), (10, 9), (11, , (11, 5), (11,5), (11, 6), (11, 7 6), (11, 7), ), (11, 8), (11, 10)(11, 8), (11, 10, (12, 7), (12, 8), (12), (12, 7), (12, 11), (13, 8), (13,, 8), (12, 11) 12)]
, (13, 8), (13, 12)]
partition: [(2, 2, 0), (3, 3, 0), (4, 2, 0), (4, 3, 0), (4, 4, 0), (5, 3, 0), (5, 4, 0), (5, 5, 0), (6, 2, 0), (6, 3, 0), (6, 4, 0), (6, 5, 0), (6, 6, 0)]
neighbor: [(1, 14), (2, 1), (3, 1), (3, 2), (4, 2), (4, 3), (5, 2), (5, 4), (6, 2), (6, 3), (6, 4), (6, 5), (7, 4), (7, 5), (7, 6), (8, 5), (8, 7), (9, 3), (9, 6), (10, 4), (10, 6), (10, 7), (10, 9), (11, 5), (11, 6), (11, 7), (11, 8), (11, 10), (12, 7), (12, 8), (12, 11), (13, 8), (13, 12)]
partition: [(2, 2, 0), (3, 3, 0), (4, 2, 0), (4, 3, 0), (4, 4, 0), (5, 3, 0), (5, 4, 0), (5, 5, 0), (6, 2, 0), (6, 3, 0), (6, 4, 0), (6, 5, 0), (6, 6, 0)]
neighbor: [(1, 14), (2, 1), (3, 1), (3, 2), (4, 2), (4, 3), (5, 2), (5, 4), (6, 2), (6, 3), (6, 4), (6, 5), (7, 4), (7, 5), (7, 6), (8, 5), (8, 7), (9, 3), (9, 6), (10, 4), (10, 6), (10, 7), (10, 9), (11, 5), (11, 6), (11, 7), (11, 8), (11, 10), (12, 7), (12, 8), (12, 11), (13, 8), (13, 12)]
partition: [(2, 2, 0), (3, 3, 0), (4, 2, 0), (4, 3, 0), (4, 4, 0), (5, 3, 0), (5, 4, 0), (5, 5, 0), (6, 2, 0), (6, 3, 0), (6, 4, 0), (6, 5, 0), (6, 6, 0)]
partition: neighbor: [(1, 14), (2, [(2,1), (3, 1), ( 2, 0), (33, 2), (4, 2), 3, 0), (4,, (4, 3), (5 2, 0), (4,, 2), (5, 4), 3, 0), (4,  (6, 2), (6, 3), 4, 0), (5, 3, 0)(6, 4), (6, , (5, 4, 0)5), (7, 4), (7, 5, (5, 5, 0), (6, ), (7, 6), (8, 52, 0), (6, 3,), (8, 7), (9 0), (6, 4, , 3), (9, 6),0), (6, 5, 0 (10, 4), (10, ), (6, 6, 0)6), (10, 7), (]
10, 9), (11, 5), (11, 6),neighbor: [(1, 14), ( (11, 7), (11, 2, 1), (3, 8), (11, 10), (1), (3, 2), (12, 7), (12, 8),4, 2), (4, 3 (12, 11), (13,), (5, 2),  8), (13, 12)]
(5, 4), (6, 2), (6, 3), (6, 4), (6, 5), (7, 4), (7, 5), (7, 6), (8, 5), (8, 7), (9, 3), (9, 6), (10, 4), (10, 6), (10, 7), (10, 9), (11, 5), (11, 6), (11, 7), (11, 8), (11, 10), (12, 7), (12, 8), (12, 11), (13, 8), (13, 12)]
partition: [(2, 2, 0), (3, 3, 0), (4, 2, 0), (4, 3, 0), (4, 4, 0), (5, 3, 0), (5, 4, 0), (5, 5, 0), (6, 2, 0), (6, 3, 0), (6, 4, 0), (6, 5, 0), (6, 6, 0)]
neighbor: [(1, 14), (2, 1), (3, 1), (3, 2), (4, 2), (4, 3), (5, 2), (5, 4), (6, 2), (6, 3), (6, 4), (6, 5), (7, 4), (7, 5), (7, 6), (8, 5), (8, 7), (9, 3), (9, 6), (10, 4), (10, 6), (10, 7), (10, 9), (11, 5), (11, 6), (11, 7), (11, 8), (11, 10), (12, 7), (12, 8), (12, 11), (13, 8), (13, 12)]
partition: [(2, 2, 0), (3, 3, 0), (4, 2, 0), (4, 3, 0), (4, 4, 0), (5, 3, 0), (5, 4, 0), (5, 5, 0), (6, 2, 0), (6, 3, 0), (6, 4, 0), (6, 5, 0), (6, 6, 0)]
neighbor: [(1, 14), (2, 1), (3, 1), (3, 2), (4, 2), (4, 3), (5, 2), (5, 4), (6, 2), (6, 3), (6, 4), (6, 5), (7, 4), (7, 5), (7, 6), (8, 5), (8, 7), (9, 3), (9, 6), (10, 4), (10, 6), (10, 7), (10, 9), (11, 5), (11, 6), (11, 7), (11, 8), (11, 10), (12, 7), (12, 8), (12, 11), (13, 8), (13, 12)]
partition: [(2, 2, 0), (3, 3, 0), (4, 2, 0), (4, 3, 0), (4, 4, 0), (5, 3, 0), (5, 4, 0), (5, 5, 0), (6, 2, 0), (6, 3, 0), (6, 4, 0), (6, 5, 0), (6, 6, 0)]
neighbor: [(1, 14), (2, 1), (3, 1), (3, 2), (4, 2), (4, 3), (5, 2), (5, 4), (6, 2), (6, 3), (6, 4), (6, 5), (7, 4), (7, 5), (7, 6), (8, 5), (8, 7), (9, 3), (9, 6), (10, 4), (10, 6), (10, 7), (10, 9), (11, 5), (11, 6), (11, 7), (11, 8), (11, 10), (12, 7), (12, 8), (12, 11), (13, 8), (13, 12)]
partition: [(2, 2, 0), (3, 3, 0), (4, 2, 0), (4, 3, 0), (4, 4, 0), (5, 3, 0), (5, 4, 0), (5, 5, 0), (6, 2, 0), (6, 3, 0), (6, 4, 0), (6, 5, 0), (6, 6, 0)]
neighbor: [(1, 14), (2, 1), (3, 1), (3, 2), (4, 2), (4, 3), (5, 2), (5, 4), (6, 2), (6, 3), (6, 4), (6, 5), (7, 4), (7, 5), (7, 6), (8, 5), (8, 7), (9, 3), (9, 6), (10, 4), (10, 6), (10, 7), (10, 9), (11, 5), (11, 6), (11, 7), (11, 8), (11, 10), (12, 7), (12, 8), (12, 11), (13, 8), (13, 12)]
partition: [(2, 2, 0), (3, 3,partition:  0), (4, 2, 0), (4, 3, 0), (4, 4, 0), ([(2, 2, 0), (5, 3, 0), (5,3, 3, 0), (4, 4, 0), (5, 5 2, 0), (4, 3, 0), (6, 2, 0),, 0), (4, 4, 0), (5, 3, 0), ( (6, 3, 0), (5, 4, 0), (5, 6, 4, 0), (65, 0), (6, 2, 0), (6, 5, 0), (6, 3, 0), (6, 4, , 6, 0)]
0), (6, 5, 0), (6, 6, 0)]
neighbor: [(1, 14), (2, 1), (3, 1), (3, 2), (4, 2), (4, 3), (5, 2), (5, 4), (6, 2)neighbor: [(1, , (6, 3), (6, 4),14), (2, 1), (3,  (6, 5), (7, 4),1), (3, 2), ( (7, 5), (7, 6),4, 2), (4,  (8, 5), (8, 7),3), (5, 2 (9, 3), (9, 6), (), (5, 4), (10, 4), (10, 6), (6, 2), (6, 310, 7), (10, 9), (), (6, 4), (11, 5), (11, 6), (6, 5), (7, 411, 7), (11, 8), (), (7, 5), (7, 6), (8, 5), (11, 10), (12, 7), (8, 7), (9, 3), 12, 8), (12, 11), ((9, 6), (10, 4)13, 8), (13, 12)]
, (10, 6), (10, 7), (10, 9), (11, 5), (11, 6), (11, 7), (11, 8), (11, 10), (12, 7), (12, 8), (12, 11), (13, 8), (13, 12)]
partition: [(2, 2, 0), (3, 3, 0), (4, 2, 0), (4, 3, 0), (4, 4, 0), (5, 3, 0), (5, 4, 0), (5, 5, 0), (6, 2, 0), (6, 3, 0), (6, 4, 0), (6, 5, 0), (6, 6, 0)]
neighbor: [(1, 14), (2, 1), (3, 1), (3, 2), (4, 2), (4, 3), (5, 2), (5, 4), (6, 2), (6, 3), (6, 4), (6, 5), (7, 4), (7, 5), (7, 6), (8, 5), (8, 7), (9, 3), (9, 6), (10, 4), (10, 6), (10, 7), (10, 9), (11, 5), (11, 6), (11, 7), (11, 8), (11, 10), (12, 7), (12, 8), (12, 11), (13, 8), (13, 12)]
partition: [(2, 2, 0), (3, 3, 0), (4, 2, 0), (4, 3, 0), (4, 4, 0), (5, 3, 0), (5, 4, 0), (5, 5, 0), (6, 2, 0), (6, 3, 0), (6, 4, 0), (6, 5, 0), (6, 6, 0)]
neighbor: [(1, 14), (2, 1), (3, 1), (3, 2), (4, 2), (4, 3), (5, 2), (5, 4), (6, 2), (6, 3), (6, 4), (6, 5), (partition: [(2, 2, 0), (3, 3, 0), 7, 4), (7, 5), (7, 6), (8, 5), ((4, 2, 0), (4, 3, 0), (4, 4, 0), (5, 3, 0), 8, 7), (9, 3), (9, 6), (10,(5, 4, 0), (5, 5 4), (10, 6), , 0), (6, 2, (10, 7), (10, 9)0), (6, 3, 0), (6, 4, (11, 5), (11, , 0), (6, 5, 06), (11, 7), (11), (6, 6, 0), 8), (11, 10), ]
(12, 7), (12, 8neighbor: [(1, 14),), (12, 11), (13, 8partition: ), (13, 12)]
 (2, 1), (3, 1), (3, 2[(2, 2,), (4, 2), (4, 0), (3, 3,  3), (5, 2), 0), (4, 2, 0),(5, 4), (6, 2 (4, 3, 0), (), (6, 3), (64, 4, 0), (5, 3, , 4), (6, 5), (7,0), (5, 4, 0), 4), (7, 5), ( (5, 5, 0), (67, 6), (8, 5), 2, 0), (6, , (8, 7), (9, 3, 0), (6, 4, 03), (9, 6), (10), (6, 5, 0),, 4), (10, 6), (6, 6, 0)]
 (10, 7), (10, 9), (11, 5), (11, 6)neighbor: [(1, 14), (2, (11, 7), (11, 8),, 1), (3, 1),  (11, 10), (12, (3, 2), (4, 2)7), (12, 8), (12, (4, 3), (5, , 11), (13, 8),2), (5, 4), (6, 2 (13, 12)]
), (6, 3), (6, 4), (6, 5), (7, 4), (7, 5), (7, 6), (8, 5), (8, 7), (9, 3), (9, 6), (10, 4), (10, 6), (10, 7), (10, 9), (11, 5), (11, 6), (11, 7), (11, 8), (11, 10), (12, 7), (12, 8), (12, 11), (13, 8), (13, 12)]
partition: [(2, 2, 0), (3, 3, 0), (4, 2, 0), (4, 3, 0), (4, 4, 0), (5, 3, 0), (5, 4, 0), (5, 5, 0), (6, 2, 0), (6, 3, 0), (6, 4, 0), (6, 5, 0), (6, 6, 0)]
neighbor: [(1, 14), (2, 1), (3,partition:  1), (3, 2), (4, 2), (4[(2, , 3), (5, 2), (5, 2, 0), (3, 3, 0), (4,4), (6, 2), (6, 3), (6,  2, 0), (4, 3, 0), (44), (6, 5), (7, 4), , 4, 0), (5, 3, 0), ((7, 5), (7, 6), (8, 55, 4, 0), (5, 5, 0), (), (8, 7), (9, 3), (96, 2, 0), (6, 3, 0), partition: [(2, 2, 0), (3, 3, 0), (, 6), (10, 4), (10, 6)(6, 4, 0), (6, 5, , (10, 7), (10, 9),4, 2, 0), (4, 3, 0), (4, 4, 0), (5, 3, 0), (5,0), (6, 6, 0)]
 (11, 5), (11, 6), (11, 7 4, 0), (5, 5,), (11, 8), (11, neighbor: [(1, 14), (2, 1), 0), (6, 2, 0), 10), (12, 7), (12, 8(6, 3, 0),  (3, 1), (3, 2), (4, (6, 4, 0), ), (12, 11), (13, 8), (13, (6, 5, 0),2), (4, 3), (5, 2), (5 (6, 6, 0)12)]
]
, 4), (6, 2), (6, neighbor: [(1, 14),3), (6, 4), (6, 5), (7, 4), (7, 5), (2, 1), (3, 1 (7, 6), (8, 5)), (3, 2), (, (8, 7), (9, 3),4, 2), (4, 3 (9, 6), (10, 4)), (5, 2),, (10, 6), (10, 7 (5, 4), (6), (10, 9), (11, 5, 2), (6, 3), (6, 4), ), (11, 6), (11, (6, 5), (77), (11, 8), (11, , 4), (7, 5), (7, 6), 10), (12, 7), (12, (8, 5), (8,8), (12, 11), (13, 7), (9, 3), (9, 6), (10 8), (13, 12)]
, 4), (10, 6), (10, 7), (10, 9), (11, 5), (11, 6), (11, 7), (11, 8), (11, 10), (12, 7), (12, 8), (12, 11), (13, 8), (13, 12)]
partition: [(2, 2, 0), (3, 3, 0), (4, 2, 0), (4, 3, 0), (4, 4, 0), (5, 3, 0), (5, 4, 0), (5, 5, 0), (6, 2, 0), (6, 3, 0), (6, 4, 0), (6, 5, 0), (6, 6, 0)]
neighbor: [(1, 14), (2, 1), (3, 1), (3, 2), (4, 2), (4, 3), (5, 2), (5, 4), (6, 2), (6, 3), (6, 4), (6, 5), (7, 4), (7, 5), (7, 6), (8, 5), (8, 7), (9, 3), (9, 6), (10, 4), (10, 6), (10, 7), (10, 9), (11, 5), (11, 6), (11, 7), (11, 8), (11, 10), (12partition: , 7), (12, 8), [(2(12, 11), (13, 8), (13,, 2, 0), (3, 3, 0 12)]
), (4, 2, 0), (4, 3, 0), (4, 4, 0), (5, 3, 0), (5, 4, 0), (5, 5, 0), (6, 2, 0), (6, 3, 0), (6, 4, 0), (6, 5, 0), (6, 6, 0)]
neighbor: [(1, 14), (2, 1), (3, 1), (3, 2), (4, 2), (4, 3), (5, 2), (5, 4), (6, 2), (6, 3), (6, 4), (6, 5), (7, 4), (7, 5), (7, 6), (8, 5), (8, 7), (9, 3), (9, 6), (10, 4), (10, 6), (10, 7), (10, 9), (11, 5), (11, 6), (11, 7), (11, 8), (11, 10), (12, 7), (12, 8), (12, 11), (13, 8), (13, 12)]
partition: [(2, 2, 0), (3, 3, 0), (4, 2, 0), (4, 3, 0), (4, 4, 0), (5, 3, 0), (5, 4, 0), (5, 5, 0), (6, 2, 0), (6, 3, 0), (6, 4, 0), (6, 5, 0), (6, 6, 0)]
neighbor: [(1, 14), (2, 1), (3, 1), (3, 2), (4, 2), (4, 3), (5, 2), (5, 4), (6, 2), (6, 3), (6, 4partition: [(2, 2, 0), (3, 3,), (6, 5), (7, 4), (7, 5),  0), (4, 2, 0), (4, 3, 0), (4, 4, 0), (5, 3, 0), (5, 4,(7, 6), (8, 5), (8, 7), ( 0), (5, 5, 0), (9, 3), (9, 6)6, 2, 0), (6, 3, (10, 4), (10, 6), (10,, 0), (6, 4, 0 7), (10, 9)), (6, 5, 0), (, (11, 5), (11, 6), (11, 76, 6, 0)]
), (11, 8), (11, 10), (12, 7), (12, 8neighbor: [(1, 14)), (12, 11), (13, 8), (13, , (2, 1), (3, 1),12)]
 (3, 2), (4, 2), (4, 3), (5, 2), (5, 4), (6, 2), (6, 3), (6, 4), (6, 5), (7, 4), (7, 5), (7, 6), (8, 5), (8, 7), (9, 3), (9, 6), (10, 4), (10, 6), (10, 7), (10, 9), (11, 5), (11, 6), (11, 7), (11, 8), (11, 10), (12, 7), (12, 8), (12, 11), (13, 8), (13, 12)]
partition: [(2, 2, 0), (3, 3, 0), (4, 2, 0), (4, 3, 0), (4, 4, 0), (5, 3, 0), (5, 4, 0), (5, 5, 0), (6, 2, 0), (6, 3, 0), (6, 4, 0), (6, 5, 0), (6, 6, 0)]
neighbor: [(1, 14), (2, 1), (3, 1), (3, 2), (4, 2), (4, 3), (5, 2), (5, 4), (6, 2), (6, 3), (6, 4), (6, 5), (7, 4), (7, 5), (7, 6), (8, 5), (8, 7), (9, 3), (9, 6), (10, 4), (10, 6), (10, 7), (10, 9), (11, 5), (11, 6), (11, 7), (11, 8), (11, 10), (12, 7), (12, 8), (12, 11),partition:  (13, 8), (13, 12)]
[(2, 2, 0), (3, 3, 0), (4, 2, 0), (4, 3, 0), (4, 4, 0), (5, 3, 0), (5, 4, 0), (5, 5, 0), (6, 2, 0), (6, 3, 0), (6, 4, partition: [(0), (6, 5, 0), (6, 62, 2, 0), (3,, 0)]
 3, 0), (4, 2, 0), (4, 3, 0), (4, 4, 0), (5, 3, 0), (5, 4, 0), (5, 5, 0), (6, partition: [(2, 2, 0), (3, 3, 0), 2, 0), (6, 3, 0),(4, 2, 0), (4, 3, 0), (4, 4, 0), (5, 3, 0), (5, 4 (6, 4, 0), (6, 5, 0), (6, 6, , 0), (5, 50)]
, 0), (6, neighbor: [(12, 0), (6, 3, 0), , 14), (2, 1),(6, 4, 0), (6neighbor: [(1, 14), (2, , 5, 0), ( (3, 1), (3, 2), (4, 6, 6, 0)]1), (3, 1), (3, 2), (42), (4, 3), (5, 2)
, 2), (4, 3), (5,, (5, 4), (6, 2), neighbor: [(1,  2), (5, 4), (6, 2)(6, 3), (6, 4), (14), (2, 1), (3, (6, 3), (6, 4),, 1), (3, 2)6, 5), (7, 4), (7, (4, 2), (4, 3) (6, 5), (7, 4), (7,, (5, 2), (, 5), (7, 6), (8, 5, 4), (6, 5), (7, 6), (8,  2), (6, 3)5), (8, 7), (9, , (6, 4), (5), (8, 7), (9, 6, 5), (7,3), (9, 6), (10,3), (9, 6), (10, 4), (7, 5), (7 4), (10, 6), (10,, 6), (8, 5) 4), (10, 6), (10, 7, (8, 7), (9 7), (10, 9), (11, 5), 3), (9,), (10, 9), (11, 5), ( 6), (10, 4), (11, 6), (11, 7), 11, 6), (11, 7), (11, , (10, 6), ((11, 8), (11, 10), (10, 7), (10, 8), (11, 10), (12, 9), (11, 5)12, 7), (12, 8), (, (11, 6), (7), (12, 8), (12, 11),12, 11), (13, 8), (1311, 7), (11,  (13, 8), (13, 12)]8), (11, 10),, 12)]
 (12, 7), (12, 8
), (12, 11), (13, 8), (13, 12)]
partition: [(2, 2, 0), (3, 3, 0), (4, 2, 0), (4, 3, 0), (4, 4, 0), (5, 3, 0), (5, 4, 0), (5, 5, 0), (6, 2, 0), (6, 3, 0), (6, 4, 0), (6, 5, 0), (6, 6, 0)]
neighbor: [(1, 14), (2, 1), (3, 1), (3, 2), (4, 2), (4, 3), (5, 2), (5, 4), (6, 2), (6, 3), (6, 4), (6, 5), (7, 4), (7, 5), (7, 6), (8, 5), (8, 7), (9, 3), (9, 6), (10, 4), (10, 6), (10, 7), (10, 9), (11, 5), (11, 6), (11, 7), (11, 8), (11, 10), (12, 7), (12, 8), (12, 11), (13, 8), (13, 12)]
partition: [(2, 2, 0), (3, 3, 0), (4, 2, 0), (4, 3, 0), (4, 4, 0), (5, 3, 0), (5, 4, 0), (5, 5, 0), (6, 2, 0), (6, 3, 0), (6, 4, 0), (6, 5, 0), (6, 6, 0)]
partition: [(2, 2, 0), (3, 3, 0), (4, 2, 0), (4, 3, 0), (4, 4, 0), (5, 3, 0), (5, neighbor: [(1, 14), (2, 1), (3, 14, 0), (5, 5, 0)), (3, 2), (4, , (6, 2, 0), 2), (4, 3), (5, 2)(6, 3, 0), (, (5, 4), (6, 2)6, 4, 0), (6, (6, 3), (6, 4), 5, 0), (6,, (6, 5), (7, 4) 6, 0)]
neighbor: [(1, 14), (7, 5), (7, 6), (8, 5), (8, , (2, 1), (3, 17), (9, 3), (9, ), (3, 2), (6), (10, 4), (10, 4, 2), (4, 3), (5, 6), (10, 7), (10, 2), (5, 4), (6, 2), (6, 9), (11, 5), (11, 3), (6, 4), (6), (11, 7), (11, 6, 5), (7, 4), (7, 5), 8), (11, 10), (12, 7(7, 6), (8, ), (12, 8), (12, 5), (8, 7), 11), (13, 8), (13, (9, 3), (9, 12)]
6), (10, 4), (10, 6), (10, 7), (10, 9), (11, 5), (11, 6), (11, 7), (11, 8), (11, 10), (12, 7), (12, 8), (12, 11), (13, 8), (13, 12)]
partition: [(2, 2, 0), (3, 3, 0), (4, 2, 0), (4, 3, 0), (4, 4, 0), (5, 3, 0), (5, 4, 0), (5, 5, 0), (6, 2, 0), (6, 3, 0), (6, 4, 0), (6, 5, 0), (6, 6, 0)]
neighbor: [(1, 14), (2, 1), (3, 1), (3, 2), (4, 2), (4, 3), (5, 2), (5, 4), (6, 2), (6, 3), (6, 4), (6, 5), (7, 4), (7, 5), (7, 6), (8, 5), (8, 7), (9, 3), (9, 6), (10, 4), (10, 6), (10, 7), (10, 9), (11, 5), (11, 6), (11, 7), (11, 8), (11, 10), (12, 7), (12, 8), (12, 11), (13, 8), (13, 12)]
partition: partition: [(2, 2, 0), (3, 3, 0), (4, 2, 0), (4, 3, 0), (4, 4, 0), (5, 3, 0), (5[(2, 2, 0), (3, 3, , 4, 0), (5, 5, 0)0), (4, 2, 0), (4, 3, , (6, 2, 0), (6, 30), (4, 4, , 0), (6, 4, 0), 0), (5, 3, 0), (5, 4, 0), ((6, 5, 0), (6, 6, 0)]
5, 5, 0), (6, 2neighbor: [(, 0), (6, 3, 0), (6, 4, 0),1, 14), (2, 1), (3, (6, 5, 0), 1), (3, 2), (4,  (6, 6, 0)]
2), (4, 3), (5, neighbor: [(1, 14),2), (5, 4), (6, 2), ( (2, 1), (3, 16, 3), (6, 4), (), (3, 2), (4, 6, 5), (7, 4), (72), (4, 3),, 5), (7, 6), (8,  (5, 2), (5, 5), (8, 7), (9, 34), (6, 2), (6, 3), (), (9, 6), (10, 46, 4), (6, 5), (7, 4), ), (10, 6), (10, 7)(7, 5), (7,, (10, 9), (11, 5), 6), (8, 5), (8, 7), (9 (11, 6), (11, 7), , 3), (9, 6), ((11, 8), (11, 10), (12, 7), (12, 8), (12, 10, 4), (10, 6), (10, 7), (10,11), (13, 8), (13, 12 9), (11, 5), (11, 6), (11, 7), ()]
11, 8), (11, 10), (12, 7), (12, 8), (12, 11), (13, 8), (13, 12)]
partition: [(2, 2, 0), (3, 3, 0), (4, 2, 0), (4, 3, 0), (4, 4, 0), (5, 3, 0), (5, 4, 0), (5, 5, 0), (6, 2, 0), (6, 3, 0), (6, 4, 0), (6, 5, 0), (6, 6, 0)]
partition: [(2, 2, 0), (3, 3, 0), (4, 2, 0), (4, 3, 0), (4, 4, 0), (5, 3, 0), (5, 4,neighbor: [(1,  0), (5, 5, 0), (6, 2, 0), (6, 3, 014), (2, 1), (3, ), (6, 4, 0), (1), (3, 2), 6, 5, 0), (6, 6(4, 2), (4, , 0)]
3), (5, 2), neighbor: [(1(5, 4), (6, , 14), (2, 1), (32), (6, 3), (6, 4), (6, 5), 1), (3, 2), (4, , (7, 4), (7, 5), (7, 62), (4, 3), (5, 2), (8, 5), (), (5, 4), (6, 2)8, 7), (9, 3, (6, 3), (6, 4),), (9, 6), (10, 4), (10, 6) (6, 5), (7, 4), , (10, 7), (10(7, 5), (7, 6), (, 9), (11, 5), (11, 6), (11, 7), 8, 5), (8, 7), (9, 3), (9, 6), (10, (11, 8), (11, 10), (12,4), (10, 6), (10,  7), (12, 8), 7), (10, 9), (11, 5(12, 11), (13, 8), (11, 6), (11, 7), (13, 12)]), (11, 8), (11, 10
), (12, 7), (12, 8),partition:  (12, 11), (13, 8), (13, 12)]
[(2, 2, 0), (3, 3, 0), (4, 2, 0), (4, 3, 0), (4, 4, 0), (5, 3, 0), (5, 4, 0), (5, 5, 0), (6, 2, 0), (6, 3, 0), (6, 4, 0), (6, 5, 0), (6, 6, 0)]
neighbor: [(1, 14), (2, 1), (3, 1), (3, 2), (4, 2), (4, 3), (5, 2), (5, 4), (6, 2), (6, 3), (6, 4), (6, 5), (7, 4), (7, 5), (7, 6), (8, 5), (8, 7), (9, 3), (9, 6), (10, 4), (10, 6), (10, 7), (10, 9), (11, 5), (11, 6), (11, 7), (11, 8), (11, 10), (12, 7), (12, 8), (12, 11), (13, 8), (13, 12)]
partition: [(2, 2, 0), (3, 3, 0), (4, 2, 0), (4, 3, 0), (4, 4, 0), (5, 3, 0), (5, 4, 0), (5, 5, 0), (6, 2, 0), (6, 3, 0), (6, 4, 0), (6, 5, 0), (6, 6, 0)]
neighbor: [(1, 14), (2, 1), (3, 1), (3, 2), (partition: [(2, 2, 0), (3, 3, 0), (4,4, 2), (4, 3), (5, 2), (5, 4), (6 2, 0), (4, 3, 0), (4, 4, 0), (5, 3, 0), (5, 4, , 2), (6, 3), (0), (5, 5, 0), (6, 4), (6, 6, 2, 0), (6, 3,5), (7, 4), ( 0), (6, 4, 0), 7, 5), (7(6, 5, 0), (6, 6, 6), (8, 5, 0)]
), (8, 7), neighbor: [(1, 14)(9, 3), (9, (2, 1), (3, 1),, 6), (10, 4 (3, 2), (4, 2), (4), (10, 6), (10, 7), (10, 3), (5, 2), (5, 9), (11, , 4), (6, 2), (65), (11, 6), 3), (6, 4), (6, (11, 7), (11, 8), (11,, 5), (7, 4), (7 10), (12, 7), (12, 8),, 5), (7, 6), (8, (12, 11), (13, 8), (13,  5), (8, 7), (912)]
, 3), (9, 6), (10, 4), (10, 6), (10, 7), (10, 9), (11, 5), (11, 6), (11, 7), (11, 8), (11, 10), (12, 7), (12, 8), (12, 11), (13, 8), (13, 12)]
partition: [(2, 2, 0), (3, 3, 0)[33mIntegral num = 13, dof = [[1, 1], [2, 2], [3, 1], [3, 2], [3, 3], [4, 2], [4, 3], [4, 4], [5, 1], [5, 2], [5, 3], [5, 4], [5, 5], [0, 0]], with variables:[0m, (4, 2, 0), (4, 3, 0), (4, 4, 0), (5, 3, 0), (5, 4, 0), 
(5, 5, 0), (6, 2, 0), (6, 3, 0), (6, 4, 0), (6, 5, 0), (6, 6, 0)]
neighbor: [(1, 14), (2, 1), (3, 1), (3, 2), (4, 2), (4, 3), (5, 2), (5, 4), (6, 2), (6, 3), (6, 4), (6, 5), (7, 4), (7, 5), (7, 6), (8, 5), partition: [(2, 2, 0), (3, 3, 0), (8, 7), (9, 3), (9,(4, 2, 0), (4, 3, 0), (4, 4, 0), (5, 6), (10, 4), (10, 6), (10, 7), (10, 3, 0), (5, 4, 0), (5, 5,  9), (11, 5), (11, 0), (6, 2, 0), (6, 3, 0), (6), (11, 7), (11, 6, 4, 0), (68), (11, 10), (12, , 5, 0), (67), (12, 8), (12, , 6, 0)]
11), (13, 8), (13, 12neighbor: [(1, )]
14), (2, 1), (3, 1), (3, 2), (4, 2), (4, 3), (5, 2), (5, 4), (6, 2), (6, 3), (6, 4), (6, 5), (7, 4), (7, 5), (7, 6), (8, 5), (8, 7), (9, 3), (9, 6), (10, 4), (10, 6), (10, 7), (10, 9), (11, 5), (11, 6), (11, 7), (11, 8), (11, 10), (12, 7), (12, 8), (12, 11), (13, 8), (13, 12)]
partition: [(2, 2, 0), (3, 3, 0), (4, 2, 0), (4, 3, 0), (4, 4, 0), (5, 3, 0), (5, 4, 0), (5, 5, 0), (6, 2, 0), (6, 3, 0), (6, 4, 0), (6, 5, 0), (6, 6, 0)]
neighbor: [(1, 14), (2, 1), (3, 1), (3, 2), (4, 2), (4, 3), (5, 2), (5, 4), (6, 2), (6, 3), (partition: [(2, 2, 06, 4), (6, 5), (7, 4), (7, 5)), (3, 3, 0), (4, 2, 0), (4, 3, 0), (4, 4, 0), (5,, (7, 6), ( 3, 0), (5, 4, 08, 5), (8, 7), (), (5, 5, 0), (69, 3), (9, 6), , 2, 0), (6, 3, (10, 4), (10, 6), (10, 7), 0), (6, 4, 0), ((10, 9), (116, 5, 0), (6, 6,, 5), (11, 6 0)]
), (11, 7), (11, 8), (11, 10), (12, 7), (12, 8), (12, 11), (13, 8), partition: (13, 12)]
[(2, 2, 0), (3, 3, 0), (4, 2, 0), (4, 3, 0), (4, 4, 0), (5, 3, 0), (5, 4, 0), (5, 5, 0), (6, neighbor: [(1,2, 0), (6, 3,  14), (2, 1), (3, 1),0), (6, 4,  (3, 2), (4, 2)0), (6, 5, 0), (6, 6,, (4, 3), (5, 2 0)]
), (5, 4), (6, 2neighbor: [(1, ), (6, 3), (6, 4), (6, 5), (7, 414), (2, 1), (3), (7, 5), (7, 6),, 1), (3,  (8, 5), (8, 72), (4, 2), (4, 3), (5, 2), (9, 3), (9, 6), (5, 4),), (10, 4), (10,  (6, 2), (6, 3), (6,6), (10, 7), (10,  4), (6, 59), (11, 5), (11, ), (7, 4), (7, 5), (7, 6),6), (11, 7), (11, (8, 5),  8), (11, 10), (12,(8, 7), (9, 7), (12, 8), (12 3), (9, 6), 11), (13, 8), (13,, (10, 4), 12)]
 (10, 6), (10, 7), (10, 9), (11, 5), partition: (11, 6), (11, 7), (11, [(2, 2, 0)8), (11, 10),, (3, 3, 0) (12, 7), (12, , (4, 2, 0)8), (12, 11), (13, , (4, 3, 0), (4, 8), (13, 12)]
4, 0), (5, 3, 0), (5, 4, 0), (5, 5, 0), (6, 2, 0), (6, 3, 0), (6, 4, 0), (6, 5, 0), (6, 6, 0)]
neighbor: [(1, 14), (2, 1), (3, 1), (3, 2), (4, 2), (4, 3), (5, 2), (5, 4), (6, 2), (6, 3), (6, 4), (6, 5), (7, 4), (7, 5), (7, 6), (8, 5), (8, 7), (9, 3), (9, 6), (10, 4), (10, 6), (10, 7), (10, 9), (11, 5), (11, 6), (11, 7), (11, 8), (11, 10), (12, 7), (12, 8), (12, 11), (13, 8), (13, 12)]
partition: [(2, 2, 0), (3, 3, 0), (4, 2, 0), (4,partition: [(2, 2, 0), (3, 3, 0), (4, 2, 0),  3, 0), (4, 4, 0), (4, 3, 0), (4, 4, 0(5, 3, 0), (5, 4, 0), (), (5, 3, 0), (5, 4, 0)5, 5, 0), (6, 2, 0, (5, 5, 0), (6, 2,), (6, 3, 0), (6, 4, 0), (6, 3, 0), (6, 4, 0), (6, 5, 0), (6, 0), (6, 5, 0), (6 6, 0)]
, 6, 0)]
neighbor: [(1, 14), (2,neighbor: [(1, 14), (2, 1), ( 1), (3, 1), (3, 2),3, 1), (3, 2), (4, (4, 2), (4, 3), (5,  2), (4, 3), (5, 2), (2), (5, 4), (6, 2),5, 4), (6, 2), (6, 3), (6, 3), (6, 4), (6 (6, 4), (6, 5), (7, 5), (7, 4), (7, 5), (, 4), (7, 5), (7, 6), (87, 6), (8, 5), (8,, 5), (8, 7), (9,  7), (9, 3), (9, 6), 3), (9, 6), (10, 4), (10,(10, 4), (10, 6), (10, 6), (10, 7), (10, 9) 7), (10, 9), (11, 5),, (11, 5), (11, 6), (11, 7 (11, 6), (11, 7), (11), (11, 8), (11, 10), (, 8), (11, 10), (12, 7),12, 7), (12, 8), (12, 11), (12, 8), (12, 11), ( (13, 8), (13, 12)]
13, 8), (13, 12)]
partition: [(2, 2, 0), (3, 3, 0), (4, 2, 0), (4, 3, 0), (4, 4, 0), (5, 3, 0), (5, 4, 0), (5, 5, 0), (6, 2, 0), (6, 3, 0), (6, 4, 0), (6, 5, 0), (6, 6, 0)]
neighbor: [(1, 14), (2, 1), (3, 1), (3, 2), (4, 2), (4, 3), (5, 2), (5, 4), (6, 2), (6, 3), (6, 4), (6, 5), (7, 4), (7, 5), (7, 6), (8, 5), (8, 7), (9, 3), (9, 6), (10, 4), (10, 6), (10, 7), (10, 9), (11, 5), (11, 6), (11, 7), (11, 8), (11, 10), (12, 7), (12, 8), (12, 11), (13, 8), (13, 12)]
partition: [(2, 2, 0), (3, 3, 0), (4, 2, 0), (4, 3, 0), (4, 4, 0), (5, 3, 0), (5partition: [(2, 2, 0), (3, 3, 0),, 4, 0), (5, 5,  (4, 2, 0), (4, 3, 0), (4, 4, 0), (5, 3, 0),0), (6, 2, 0), (6 (5, 4, 0), (5, , 3, 0), (6, 4, 0), (6, 5, 0), (5, 0), (6, 2, 0), (6, 6, 0)]
6, 3, 0), (6, 4, 0), (6neighbor: [(1, 14, 5, 0), (6,), (2, 1), (3, 1) 6, 0)]
, (3, 2), (4, 2), (4, 3), (5, 2), (5, 4), (6, 2), (6, 3), (6, 4), (6, 5), (7, 4), (7, 5), (7, 6), (8, 5), (8, 7), (9, 3), (9, 6), (10, 4)neighbor: [(1,, (10, 6), (10, 7),  14), (2, 1), (3, (10, 9), (11, 5), 1), (3, 2), ((11, 6), (11, 7), (11, 8), (11, 10),4, 2), (4,  (12, 7), (12, 83), (5, 2), ), (12, 11), (13, 8)(5, 4), (6, 2, (13, 12)]
), (6, 3), (6, 4), (6, 5), (7, 4), (7, 5), (7, 6), (8, 5), (8, 7), (9, 3), (9, 6), (10, 4), (10, 6), (10, 7), (10, 9), (11, 5), (11, 6), (11, 7), (11, 8), (11, 10), (12, 7), (12, 8), (12, 11), (13, 8), (13, 12)]
partition: [(2, 2, 0), (3, 3, 0), (4, 2, 0), (4, 3, 0), (4, 4, 0), (5, 3, 0), (5, 4, 0), (5, 5, 0), (6, 2, 0), (6, 3, 0), (6, 4, 0), (6, 5, 0), (6, 6, 0)]
neighbor: [(1, 14), (2, 1), (3, 1), (3, 2), (4, 2), (4, 3), (5, 2), (5, 4), (6, 2), (6, 3), (6, 4), (6, 5), (7, 4), (7, 5), (7, 6), (8, 5), (8, 7), (9, 3), (9, 6), (10, 4)partition: [(2, 2, 0), (3, 3, 0), (4, 2, 0), (4, 3, 0, (10, 6), (10, 7),), (4, 4, 0), (5, 3, 0), (5, 4, 0), (5, 5,  (10, 9), (11, 5), (11, 6), (11, 7), (110), (6, 2, 0), (, 8), (11, 10), (126, 3, 0), (6, 7), (12, 8), (12, 4, 0), (6, , 11), (13, 8), (13,5, 0), (6, 6, 12)]
 0)]
neighbor: [(1, 14), (2, 1), (3, 1), (3, 2), (4, 2), (4, 3), (5, 2), (5, 4), (6, 2), (6, 3), (6, 4), (6, 5), (7, 4), (7, 5), (7, 6), (8, 5), (8, 7), (9, 3), (9, 6), (10, 4), (10, 6), (10, 7), (10, 9), (11, 5), (11, 6), (11, 7), (11, 8), (11, 10), (12, 7), (12, 8), (12, 11), (13, 8), (13, 12)]
partition: [(2, 2, 0), (3, 3, 0), (4, 2, 0), (4, 3, 0), (4, 4, 0), (5, 3, 0), (5, 4, 0), (5, 5, 0), (6, 2, 0), (6, 3, 0), (6, 4, 0), (6, 5, 0), (6, 6, 0)]
neighbor: [(1, 14), (2, 1), (3, 1), (3, 2), (4, 2), (4, 3), (5, 2), (5, 4), (6, 2), (6, 3), (6, 4), (6, 5), (7, 4), (7, 5), (7, 6), (8, 5), (8, 7), (9, 3), (9, 6), (10, 4), (10, 6), (10, 7), (10, 9), (11, 5), (11, 6), (11, 7), (11, 8), (11, 10), (12, 7), (12, 8), (12, 11), (13, 8), (13, 12)]
partition: [(2, 2, 0), (3,partition: [(2, 2, 0), (3, 3, 0), (4, 2, 0), (4, 3, 0), partition: (4, 4, 0), (5, [(23, 0), (5, 4, 2, 0), (3, , 0), (5, 5, 0), (6, 2, 0),3, 0), (4, 2,  (6, 3, 0)0), (4, 3, 0), , (6, 4, 0)(4, 4, 0), (5,, (6, 5, 0) 3, 0), (5, 4,, (6, 6, 0 0), (5, 5, )]
0), (6, 2, 0), (neighbor: [(1, 14), 6, 3, 0), (6, (2, 1), (3,4, 0), (6, 5,  1), (3, 2)0), (6, 6, 0)], (4, 2), (4
, 3), (5, 2), (5, 4), (6, 2), (6,neighbor: [ 3), (6, 4)(1, , (6, 5), (7, 4), (7,14), (2, 1), (3 5), (7, 6, 1), (3, 2), (4), (8, 5), , 2), (4, 3), ((8, 7), (9,5, 2), (5, 4),  3), (9, 6), partition: [(6, 2), (6, 3),(10, 4), ( (6, 4), (6, 5(2, 2, ), (7, 4), (7, 10, 6), (10, 7), 5), (7, 6), (8,0), (3, 3, (10, 9), (11, 5 5), (8, 7), (0), (4, 2, 09, 3), (9, 6), ), (11, 6), (11), (4, 3, 0),(10, 4), (10, 6),, 7), (11, 8 (10, 7), (10 (4, 4, 0), , 9), (11, 5), (), (11, 10), (11, 6), (11, 7), (5, 3, 0), ((11, 8), (11, 10)12, 7), (12, 5, 4, 0), (, (12, 7), (12, 8)8), (12, 11), , (12, 11), (13, 5, 5, 0), (68), (13, 12)]
(13, 8), (13, , 2, 0), (6, 12)]
3, 0), (6, 4, 0), (6, 5, 0), (6, 6, 0)]
neighbor: [(1, 14), ( 2, 1), (3, 1), (3, 2), (4, 2), (4, 3), (5, 2), (5, 4), (6, 2), (6, 3), (6, 4), (6, 5), (7, 4), (7, 5), (7, 6), (8, 5), (8, 7), (9, 3), (9, 6), (10partition: , 4), (10, 6)[(2, , (10, 7), (102, 0), (3, 3, 9), (11, 5), 0), (4, 2, 0),, (11, 6), (11, 7), (11, 8), (11 (4, 3, 0), (4, , 10), (12, 74, 0), (5, 3, 0),), (12, 8), (12, 11), (13, 8) (5, 4, 0), (5, , (13, 12)]
5, 0), (6, 2, 0)3, (6, 3, 0), (6, 4, 0), (6, 5, ,0), (6, 6, 0)]
 0neighbor: [(1, 14), (2, 1), (3, 1)), (3, 2), (4, 2), (4, 3), (5, 2,), (5, 4), (6, 2), ( 6, 3), (6, 4), (6(, 5), (7, 4), (7, 5), (7, 6), (8, 45), (8, 7), (9, 3),, (9, 6), (10, 4),  (10, 6), (10, 7), (10, 9), (11, 5)2, (11, 6), (11, 7,), (11, 8), (11, 10), (12, 7), (12, 8 ), (12, 11), (13, 8),0 (13, 12)]
), (4, 3, 0), (4, 1. Adaptive Continuous variable ∈ [0.0, 1.0). Learning rate = 3.0. Offset = 1.
4, 0), (5, 3, 0), (5, 4, 0), (5, 5, partition: [(2, 2, 0), (3, 3, 0), (4, 2, 0), (4, 3, 0), (4, 4, 0), (5, 3, 0), (5, 4, 0), (5, 5, 0), (6, 2, 0), (6, 3, 0), (6, 4, 0), (6, 5, 0), (6, 6, 0)]
neighbor: [(1, 14), (2, 1), (3, 1), (3, 2), (4, 2), (4, 3), (5, 2), (5, 4), (6, 2), (6, 3), (6, 4), (6, 5), (7, 4), (7, 5), (7, 6), (8, 5), (8, 7), (9, 3), (9, 6), (10, 4), (10, 6), (10, 7), (10, 9), (11, 5), (11, 6), (11, 7), (11, 8), (11, 10), (12, 7), (12, 8), (12, 11), (13, 8), (13, 12)]
partition: [(2, 2, 0), (3, 3, 0), (4, 2, 0), (4, 3, 0), (4, 4, 0), (5, 3, 0), (5, 4, 0), (5, 5, 0), (6, 2, 0), (6, 3, 0), (6, 4, 0), (6, 5, 0), (6, 6, 0)]
neighbor: [(1, 14), (2, 1), (3, 1), (3, 2), (4, 2), (4, 3), (5, 2), (5, 4), (6, 2), (6, 3), (6, 4), (6, 5), (7, 4), (7, 5), (7, 6), (8, 5), (8, 7), (9, 3), (9, 6), (10, 4), (10, 6), (10, 7), (10, 9), (11, 5), (11, 6), (11, 7), (11, 8), (11, 10), (12, 7), (12, 8), (12, 11), (13, 8), (13, 12)]
partition: [(2, 2, 0), (3, 3, 0), (4, 2, 0), (4, 3, 0), (4, 4, 0), (5, 3, 0), (5, 4, 0), (5, 5, 0), (6, 2, 0), (6, 3, 0), (6, 4, 0), (6, 5, 0), (6, 6, 0)]
neighbor: [(1, 14), (2, 1), (3, 1), (3, 2), (4, 2), (4, 3), (5, 2), (5, 4), (6, 2), (6, 3), (6, 4), (6, 5), (7, 4), (7, 5), (7, 6), (8, 5), (8, 7), (9, 3), (9, 6), (10, 4), (10, 6), (10, 7), (10, 9), (11, 5), (11, 6), (11, 7), (11, 8), (11, 10), (12, 7), (12, 8), (12, 11), (13, 8), (13, 12)]
partition: [(2, 2, 0), (3, 3, 0), (4, 2, 0), (4, 3, 0), (4, 4, 0), (5, 3, 0), (5, 4, 0), (5, 5, 0), (6, 2, 0), (6, 3, 0), (6, 4, 0), (6, 5, 0), (6, 6, 0)]
neighbor: [(1, 14), (2, 1), (3, 1), (3, 2), (4, 2), (4, 3), (5, 2), (5, 4), (6, 2), (6, 3), (6, 4), (6, 5), (7, 4), (7, 5), (7, 6), (8, 5), (8, 7), (9, 3), (9, 6), (10, 4), (10, 6), (10, 7), (10, 9), (11, 5)partition: [(2, 2, 0), (3, 3, 0), (4, 2, 0), (4, 3, 0), (4, 4, 0), (5, 3, 0), (5, 4, 0), (5, 5, 0), (6, 2, 0), (6, 3, 0), (6, 4, 0), (6, 5, 0), (6, 6, 0)]
neighbor: [(1, 14), (2, 1), (3, 1), (3, 2), (4, 2), (4, 3), (5, 2), (5, 4), (6, 2), (6, 3), (6, 4), (6, 5), (7, 4), (7, 5), (7, 6), (8, 5), (8, 7), (9, 3), (9, 6), (10, 4), (10, 6), (10, 7), (10, 9), (11, 5), (11, 6), (11, 7), (11, 8), (11, 10), (12, 7), (12, 8), (12, 11), (13, 8), (13, 12)]
0), (6, 2, 0), (6, 3, 0), (6, 4, 0), (6, 5, 0), (6, 6, 0)]
neighbor: [(1, 14), (2, 1), (3, 1), (3, 2), (4, 2), (4, 3), (5, 2), (5, 4), (6, 2), (6, 3), (6, 4), (6, 5), (7, 4), (7, 5), (7, 6), (8, 5), (8, 7), (9, 3), (9, 6), (10, 4), (10, 6), (10, 7), (10, 9), (11, 5), (11, 6), (11, 7), (11, 8), (11, 10), (12, 7), (12, 8), (12, 11), (13, 8), (13, 12)]
partition: [(2, 2, 0), (3, 3, 0), (4, 2, 0), (4, 3, 0), (4, 4, 0), (5, 3, 0), (5, 4, 0), (5, 5, 0), (6, 2, 0), (6, 3, 0), (6, 4, 0), (6, 5, 0), (6, 6, 0)]
neighbor: [(1, 14), (2, 1), (3, 1), (3, partition: [(2, 2, 0), (3, 3, 0), (4, 2, 0), (4, 3, 0), (4, 4, 0), (5, 3, 0), (5, 4, 0), (5, 5, 0), (6, 2, 0), (6, 3, 0), (6, 4, 0), (6, 5, 0), (6, 6, 0)]
neighbor: [(1, 14), (2, 1), (3, 1), (3, 2), (4, 2), (4, 3), (5, 2), (5, 4), (6, 2), (6, 3), (6, 4), (6, 5), (7, 4), (7, 5), (7, 6), (8, 5), (8, 7), (9, 3), (9, 6), (10, 4), (10, 6), (10, 7), (10, 9), (11, 5), (11, 6), (11, 7), (11, 8), (11, 10), (12, 7), (12, 8), (12, 11), (13, 8), (13, 12)]
, (11, 6), (11, 7), (11, 8), (11, 102), (4, 2), (4, 3), (5, 2), (12, 7), (12, 8)), (5, 4), (6, 2, (12, 11), (13), (6, 3), (6, 4),, 8), (13, 12)]
 (6, 5), (7, 4), (7, 5), (7, 6), (8, 5), (8, 7), (9, 3), (9, 6), (10, 4), (10, 6), (10, 7), (10, 9), (11, 5), (11, 6), (11, 7), (11, 8), (11, 10), (12, 7), (12, 8), (12, 11), (13, 8), (13, 12)]
partition: [(2, 2, 0), (3, 3, 0), (4, 2, 0), (4, 3, 0), (4, 4, 0), (5, 3, 0), (5, 4, 0), (5, 5, 0), (6, 2, 0), (6, 3, 0), (6, 4, 0), (6, 5, 0), (6, 6, 0)]
neighbor: [(1, 14), (2, 1), (3, 1), (3, 2), (4, 2), (4, 3), (5, 2), (5, 4), (6, 2), (6, 3), (6, 4), (6, 5), (7, 4), (7, 5), (7, 6), (8, 5), (8, 7), (9, 3), (9, 6), (10, 4), (10, 6), (10, 7), (10, 9), (11, 5), (11, 6), (11, 7), (11, 8), (11, 10), (12, 7), (12, 8), (12, 11), (13, 8), (13, 12)]
partition: [(2, 2, 0), (3, 3, 0), (4, 2, 0), (partition: 4, 3, 0), (4, 4, 0), (5, 3, 0), (5, 4[(2, 2, 0), (3, 3, 0), (4, 2,, 0), (5, 5, 0), (6,  0), (4, 3, 0), (4, 42, 0), (6, 3, 0), (6,, 0), (5, 3, 0), (5, 4 4, 0), (6, 5, 0), (, 0), (5, 5, 0), (6, 6, 6, 0)]
2, 0), (6, 3, 0), (6, 4, 0), (6, 5, 0neighbor: [(1, 14), (2,), (6, 6, 0)]
 1), (3, 1), (3, 2), (4, 2), (4, 3), neighbor: [(1, 14), (2, 1), (3, 1(5, 2), (5, 4), (6,), (3, 2), (4, 2), (4 2), (6, 3), (6, 4), , 3), (5, 2), (5, 4), (6, 5), (7, 4), (7, (6, 2), (6, 3), (6, 5), (7, 6), (8, 5), (4), (6, 5), (7, 4), (78, 7), (9, 3), (9, 6), 5), (7, 6), (8, 5), (, (10, 4), (10, 6), (10,8, 7), (9, 3), (9, 6), 7), (10, 9), (11, 5), (10, 4), (10, 6), (10,  (11, 6), (11, 7), (11, 7), (10, 9), (11, 5), (11partition: [(2, 2, 0), (3, 3, 0), (4, 2, 0)8), (11, 10), (12, 7),, 6), (11, 7), (11, 8, (4, 3, 0), (4, 4, 0), (5, 3, 0), (5, 4, 0) (12, 8), (12, 11), (), (11, 10), (12, 7), (5, 5, 0), (613, 8), (13, 12)]
, (12, 8), (12, 11), (13, 2, 0), (6, 8), (13, 12)]
partition: , 3, 0), (6, 4, 0), (6, 5, 0), (6,[(2, 2, 6, 0)]
 0), (3, 3, 0), (4, 2, 0), (4, 3, 0)neighbor: [(1, 14), (2, , (4, 4, 0)1), (3, 1), (3, , (5, 3, 0), (5,2), (4, 2), ( 4, 0), (5,4, 3), (5, 2 5, 0), (6, ), (5, 4), 2, 0), (6, 3, 0(6, 2), (6, 3), (6,), (6, 4, 0), ( 4), (6, 5), (6, 5, 0), (7, 4), (7, 6, 6, 0)]
5), (7, 6), (8, 5), (8, 7), (9, 3), (9, 6), (10, 4), (10, 6), (10, 7), (10, 9), (11, 5), (11, 6), (11, 7), (11, 8), (11, 10), (12, 7), (12, 8), (12, 11), (neighbor: [(1,13, 8), (13,  14), (2, 1)12)]
, (3, 1), (3, 2), (4, 2), (4, 3), (5, 2), (5, 4), (6, 2), (6, 3), (6, 4), (6, 5), (7, 4), (7, 5), (7, 6), (8, 5), (8, 7), (9, 3), (9, 6), (10, 4), (10, 6), (10, 7), (10, 9), (11, 5), (11, 6), (11, 7), (11, 8), (11, 10), (12, 7), (12, 8), (12, 11), (13, 8), (13, 12)]partition: 
[(2, 2, 0), (3, 3, 0), (4, 2, 0), (4,partition: [( 3, 0), (4, 4, 0), (2, 2, 0), (3, 3, 0), (4, 2, 5, 3, 0), (50), (4, 3, 0), (4,, 4, 0), (5, 4, 0), (5, 3, 0), (5, 4, 0), (5, 5, 5, 0), (6, 2,  0), (6, 2, 0), (partition: 0), (6, 3, 06, 3, 0), (6, 4, 0), (6, 4, 0[(2, 2, 0),), (6, 5, 0), (6,), (6, 5, 0), 6, 0)]
 (3, 3, 0 (6, 6, 0)]), (4, 2, 0
), (4, 3,neighbor: [(1, 14) 0), (4, 4, (2, 1), (3, 1), (3, , 0), (5, 2), (4, 2), (4, 3), neighbor: [(1, 14), (3, 0), (5, (5, 2), (5, 4), (2, 1), (3, 4, 0), (5, 6, 2), (6, 3), (6,1), (3, 2),5, 0), (6, 4), (6, 5), (7, 4 (4, 2), (4), (7, 5), (7, 6), 2, 0), (6 (8, 5), (8, 7), (9, 3), (5, , 3, 0), (, 3), (9, 6), (10, 2), (5, 4),6, 4, 0), 4), (10, 6), (10, 7) (6, 2), (6, (6, 5, 0), (6, (10, 9), (11, 5), 3), (6, 4), , 6, 0)]
(11, 6), (11, 7), ((6, 5), (7, 4), (7, 511, 8), (11, 10), (12), (7, 6), (, 7), (12, 8), (12, neighbor: [(1, 14), (2,8, 5), (8, 711), (13, 8), (13, 12 1), (3, 1))]
), (9, 3), , (3, 2), ((9, 6), (10,4, 2), (4,  4), (10, 6), (3), (5, 2), (10, 7), (10, 5, 4), (69), (11, 5),, 2), (6, 3 (11, 6), (11,), (6, 4),  7), (11, 8),(6, 5), (7 (11, 10), (12,, 4), (7, 5 7), (12, 8), (7, 6), (8), (12, 11), (13,, 5), (8,  8), (13, 12)7), (9, 3),]
 (9, 6), (10, 4), (10, 6), (10, 7), (10, 9), (11, 5), (11, 6), (11, 7), (11, 8), (11, 10), (12, 7), (12, 8), (12, 11), (13, 8), (13, 12)]
partition: partition: [([(2, 2, 0), 2, 2, 0), (3, 3, 2. Adaptive Discrete variable ∈ [1, ..., 6]. Learning rate = 3.0. Offset = 1.
-------------------------------------------------------------------------------------
[33mChangeIntegrand          Proposed     Accepted      Ratio  [0m
(3, 3, 0), (4, 2, 0), (4, 3,0), (4, 2, 0), (4, 3, 0), (4 0), (4, 4, 0), (, 4, 0), (5, 3, 0), (5, 3, 0), (5, 4, 0), (55, 4, 0), (5, 5, 0), (, 5, 0), (6, 2, 0)6, 2, 0), (6, 3, 0, (6, 3, 0), (6, 4, 0), (6, 4, 0), (6, 5, 0), (6, 5, 0), (6, ), (6, 6, 0)]
6, 0)]
neighbor: [(1, 14), (2neighbor: [(1, 14), (2, 1), (3, 1), (3, 2),, 1), (3, 1), (3, 2 (4, 2), (4, 3), (), (4, 2), (4, 3), (5, 25, 2), (5, 4), (6, 2), ), (5, 4), (6, 2), (6, 3), (6, 4), (6,(6, 3), (6, 4), (6,  5), (7, 4), (7, 5), (5), (7, 4), (7, 57, 6), (8, 5), (8), (7, 6), (8, 5),, 7), (9, 3), (9, 6 (8, 7), (9, 3), (), (10, 4), (10, 6), 9, 6), (10, 4), (10, 6(10, 7), (10, 9), (11, 5), (10, 7), (10, 9),), (11, 6), (11, 7),  (11, 5), (11, 6), (11,(11, 8), (11, 10), (12, 7 7), (11, 8), (11, 10), (12, 8), (12, 11),), (12, 7), (12, 8), ( (13, 8), (13, 12)]
12, 11), (13, 8), (13, 12)]
partition: [(2, 2, 0), (partition: [(2, 2, 0), (3, 3, 0), (4, 2, 0), 3, 3, 0), (4, 2(4, 3, 0), (4, 4, 0), (5, 3, 0), (5, 4, 0), (5, 0), (4, 3, partition: 0), (4, 4, , 5, 0), (6,0), (5, 3, 0)[(2, (5, 4, 0),  2, 0), (6,(5, 5, 0), (, 2, 0), 6, 2, 0), (6 3, 0), (6,, 3, 0), (6, 4, 0),(3, 3, 0), (4 (6, 5, 0), ( 4, 0), (6, 5, 6, 6, 0)]
, 2, 0), (40), (6, 6, 0, 3, 0), (4)]
neighbor: [(1, , 4, 0), (514), (2, 1), (3,, 3, 0),  1), (3, 2), (5, 4, 0), ((4, 2), (4, 3)neighbor: [(1, 14), (, (5, 2), (5,5, 5, 0), 4), (6, 2), (2, 1), (3, 6, 3), (6, 4) (6, 2, 0), (6, 5), (7, 1), (3, 2),4), (7, 5), (7, (6, 3, 0), 6), (8, 5),  (4, 2), (4(8, 7), (9, 3), (6, 4, 0partition: , 3), (5, , (9, 6), (10, 4), (10), (6, 5, , 6), (10, 7), (2), (5, 4), [(2, 2, 0), (3, 3, 0), (6, 6, 010, 9), (11, 5), (11, 6(6, 2), (60), (4, 2, 0), ()]
), (11, 7), (11, 8, 3), (6, 4, 3, 0), (4, 44), (6, 5), ), (11, 10), (12, 7(7, 4), (7, , 0), (5, 3, 0),neighbor: [(1, 14),), (12, 8), (12, 11),5), (7, 6), ( (5, 4, 0), (5, 5 (2, 1), (3, (13, 8), (13, 12)]8, 5), (8, 7), 0), (6, 2, 0), 1), (3, 2), 
, (9, 3), (9 (6,(4, 2), (4 3, 0), (6, 4, , 6), (10, 40), (6, 5, 0), (, 3), (5, 2)6, 6, 0)]
), (10, 6), (, (5, 4), (10, 7), (10,6, 2), (6, 9), (11, 5), 3), (6, 4)neighbor: [(1, 14) (11, 6), (11, (6, 5), (7,, (2, 1), (3, 1),, 7), (11, 8), 4), (7, 5) (3, 2), (4, 2) (11, 10), (12,, (7, 6), ( 7), (12, 8), (12, 11, (4, 3), (5, 2),8, 5), (8, 7), (9,), (13, 8), ( (5, 4), (6, 2), 3), (9, 6)13, 12)]
, (10, 4), ( (6, 3), (6, 4)10, 6), (10, 7), (10, 9), (11, 5), (, (6, 5), (7, 411, 6), (11, 7), (11, ), (7, 5), (7, 8), (11, 10), (12, 7), (126), (8, 5), (8,, 8), (12, 11), (13, 8), (13, 12)] 7), (9, 3), (9, 
6), (10, 4), (10, 6), (10, 7), (10, 9), (11, 5), (11, 6), (11, 7), (11, 8), (11, 10), (12, 7), (12, 8), (12, 11), (13, 8), (13, 12)]
partition: [(2, 2, 0), (3, 3, 0), (4, 2, 0), (4, 3, 0), (4, 4, 0), (5, 3, 0), (5, 4, 0), (5, 5, 0), (6, 2, 0), (6, 3, 0), (6, 4, 0), (6, 5, 0), (6, 6, 0)]
neighbor: [(1, 14), (2, 1), (3, 1), (3, 2), (4, 2), (4, 3), (5, 2), (5, 4), (6, 2), (6, 3), (6, 4), (6, 5), (7, 4), (7, 5), (7, 6), (8, 5), (8, 7), (9, 3partition: [), (9, 6), ((2, 2, 0), 10, 4), (10, 6), (10,(3, 3, 0) 7), (10, 9, (4, 2, 0),), (11, 5), (11 (4, 3, 0), 6), (11, 7), (4, 4, 0), (11, 8), (, (5, 3, 0)11, 10), (12, , (5, 4, 07), (12, 8), (12,), (5, 5, 0), ( 11), (13, 8), (6, 2, 0), (613, 12)]
, 3, 0), (6, 4, 0), (6, 5, 0), (6, 6, 0)]
neighbor: [(1, 14), (2, 1), (3, 1), (3, 2), (4, 2), (partition: 4, 3), (5, 2), (5, 4), (6,[(2, 2, 0), (3, 3, 2), (6, 3) 0), (4, 2,, (6, 4), (6, 0), (4, 3, 0 5), (7, 4), (), (4, 4, 0), (7, 5), (7, 5, 3, 0), (56), (8, 5, 4, 0), (5), (8, 7),, 5, 0), (6 (9, 3), (, 2, 0), (6, 3, 9, 6), (10, 4), (0), (6, 4, 0)10, 6), (10, , (6, 5, 0), (67), (10, 9), (11, 6, 0)]
, 5), (11, 6), (11, 7), (11, neighbor: [(1, 14), (28), (11, 10), (12, , 1), (3, 1)7), (12, 8),, (3, 2), (4 (12, 11), (13,, 2), (4, 3) 8), (13, 12), (5, 2), (]
partition: [(2, 2, 0), (3, 3, 5, 4), (6, 2), (6, 3), (6, 4),0), (4, 2, 0), (4, 3, 0), (4, 4, 0), (5, 3, 0), (5, 4,  (6, 5), (0), (5, 5, 0), (7, 4), (7, 5), (7, 6), (8,6, 2, 0), (6, 3, 5), (8, 7), 0), (6, 4, 0), ( (9, 3), (partition: [(9, 6), (10, 6, 5, 0), (6, 6, 0)]
4), (10, 62, 2, 0), (3,), (10, 7),  3, 0), (4, 2, 0)(10, 9), (neighbor: [(1, 14), (11, 5), (11,, (4, 3, 0), (4,  6), (11, 7)2, 1), (3, 1), (3, 2, (11, 8), (4, 0), (5, 3, 0), (511, 10), (), (4, 2), (4, 3), (512, 7), (12, , 4, 0), (5, 5, 0), (partition: [(, 2), (5, 4), (6, 8), (12, 11),6, 2, 0), (6, 3, 2, 2, 02), (6, 3), (6, 4 (13, 8), (130), (6, 4, 0), (6), (3, 3, 0)), (6, 5), (7, 4), , 12)]
, 5, 0), (6, 6, 0, (4, 2, 0(7, 5), (7, 6), (8), (4, 3, 0), )]
(4, 4, 0), (, 5), (8, 7), (9,5, 3, 0), (5neighbor: [(1, 14), , 4, 0), (5, 3), (9, 6), (10, 4 5, 0), (6, 2(2, 1), (3, 1), (, 0), (6, 3, ), (10, 6), (10, 7)0), (6, 4, 03, 2), (4, 2), (4), (6, 5, 0), (10, 9), (11, 5), , (6, 6, 0)], 3), (5, 2), (5,(11, 6), (11, 7), (
 4), (6, 2), (6, 11, 8), (11, 10), (12neighbor: [(1, 14),3), (6, 4), (6, , 7), (12, 8), (12,5), (7, 4), (7, 5) (2, 1), (3, 1), ( 11), (13, 8), (13, 12), (7, 6), (8, 5),3, 2), (4, 2]
), (4, 3), ( (8, 7), (9, 3), (5, 2), (5, 4), (69, 6), (10, 4), (10, 6), (10,, 2), (6, 3), (6, 7), (10, 9), (11, 5), (11, 6), (11 4), (6, 5), , 7), (11, 8), (7, 4), (7, (11, 10), (12, 75), (7, 6), (8), (12, 8), (, 5), (8, 7), (912, 11), (13, 8), 3), (9, 6), (13, 12)]
, (10, 4), (10,partition: [(2, 2, 0), (3, 3, 0), ( 6), (10, 7), 4, 2, 0), (4, 3, 0), (4, 4, 0), (5, 3, 0), (5, 4, 0), (10, 9), (11, 5), (11(5, 5, 0), (6, 2, , 6), (11, 7), 0), (6, 3, 0), ((11, 8), (11, 6, 4, 0), (6, 510), (12, 7), , 0), (6, 6, 0)](12, 8), (12, 
11), (13, 8), (neighbor: [(113, 12)]
, 14), (2, 1), (3, 1), (3, 2), (4, 2), (4, 3), (5, 2), (5, 4), (6, 2), (6, 3), (6, 4), (6, 5), (7, 4), (7, 5), (7, 6), (8, 5), (8, 7), (9, 3), (9, 6), (10, 4), (10, 6), (10, 7), (10, 9), (11, 5), (11, 6), (11, 7), (11, 8), (11, 10), (12, 7), (12, 8), (12, 11), (13, 8), (13, 12)]
partition: [(2, 2, 0), (3, 3, 0), (4, 2, 0), (4, 3, 0), (4, 4, 0), (5, 3, 0), (5, 4, 0), (5, 5, 0), (6, 2, 0), (6, 3, 0), (6, 4, 0), (6, 5, 0), (6, 6, 0)]
neighbor: [(1, 14), (2, 1), (3, 1), (3, 2), (4, 2), (4, 3), (partition: [(2, 2, 0), (3, 3, 0), (4, 2, 0), (4, 5, 2), (5, 4), (6, 2), (6, 3, 0), (4, 4, 0), (5, 3, 0), (5, 4, 0), (5, 5,3), (6, 4), ( 0), (6, 2, 0), (66, 5), (7, 4), (7, 5), (7, 6), (8, 5, 3, 0), (6, 4, 0), (8, 7), (9, 3), (9, 6),), (6, 5, 0),  (10, 4), (10, (6, 6, 0)]
6), (10, 7), (10, 9)neighbor: [(1, 14),, (11, 5), (11, 6), (11, 7), ( (2, 1), (3, 1), 11, 8), (11, 10),(3, 2), (4, 2) (12, 7), (12, 8), (12, 11), (13,, (4, 3), (5, 2), 8), (13, 12)]
 (5, 4), (6, 2), (6, 3), (6, 4), (6, 5), (7, 4), (7, 5), (7, 6), (8, 5), (8, 7), (9, 3), (9, 6), (10, 4), (10, 6), (10, 7), (10, 9), (11, 5), (11, 6), (11, 7), (11, 8), (11, 10), (12, 7), (12, 8), (12, 11), (13, 8), (13, 12)]
partition: [(2, 2, 0), (3, 3, 0), (4, 2, 0), (4, 3, 0), (4, 4, 0), (5, 3, 0), (5, 4, 0), (5, 5, 0), (6, 2, 0), (6, 3, 0), (6, 4, 0), (6, 5, 0), (6, 6, 0)]
neighbor: [(1, 14), (2, 1), (3, 1), (3, 2), (4, 2), (4, 3), (5, 2), (5, 4), (6, 2), (6, 3), (6, 4), (6, 5), (7, 4), (7, 5), (7, 6), (8, partition: [(2, 2, 0), (3, 3, 0), (45), (8, 7), (9, 3), (9, 6), (10, 2, 0), (4, 3, 0), (4, 4, 0), (5, 3, 0), (5, 4, 0),, 4), (10, 6), (10, 7), (10,  (5, 5, 0), (6, 2, 0)9), (11, 5), (11, 6, (6, 3, 0), (6, ), (11, 7), (11,4, 0), (6, 5, 0),  8), (11, 10), (12, 7(6, 6, 0)]
), (12, 8), (neighbor: [(1,12, 11), (13, 8) 14), (2, 1), (3, , (13, 12)]
partition: 1), (3, 2), (4, 2), (4, 3), (5, 2),[( (5, 4), (6, 2), 2, 2, 0), ((6, 3), (6, 4), (3, 3, 0), (4,6, 5), (7, 4), (7 2, 0), (4, 3, 0), (4, 4, , 5), (7, 6), (8,0), (5, 3, 0) 5), (8, 7), (9, , (5, 4, 0), (3), (9, 6), (10, 45, 5, 0), (6,), (10, 6), (10, 7), 2, 0), (6, 3, (10, 9), (11, 5),  0), (6, 4, 0), (6, 5, 0),(11, 6), (11, 7), ( (6, 6, 0)]
11, 8), (11, 10), (12neighbor: [(1, 14),, 7), (12, 8), (12, 11), (13, 8), (13,  (2, 1), (3, 1), (12)]
3, 2), (4, 2),partition: [( (4, 3), (5, 2),2, 2, 0),  (5, 4), (6, 2(3, 3, 0), (partition: ), (6, 3), (6,4, 2, 0), (4, 3[(2,  4), (6, 5), (7, 4)2, 0), (3, , 0), (4, 4, 0), 3,, (7, 5), (7, (5, 3, 0), (56), (8, 5), (8, 4, 0), (5, 5, 7), (9, 3), (9, 6, 0), (6, 2, 0), (6), (10, 4), (10, , 3, 0), (6, 46), (10, 7), (10,, 0), (6, 5, 0) 9), (11, 5), (, (6, 6, 0)]
11, 6), (11, 7), (11, 8), (11, neighbor: [(10), (12, 7), (12, 1, 14), (2, 1),8), (12, 11), (13 (3, 1), (3, 2, 8), (13, 12)]
 0), (4, 2, 0), (4, 2), (4, ), (4, 3, 0), (4,3), (5, 2), ( 4, 0), (5, 3, 5, 4), (6, 2)0), (5, 4, 0),, (6, 3), (6, 4), ( (5, 5, 0), (66, 5), (7, 4), 2, 0), (6, 3, (7, 5), (7, , 0), (6, 4, 06), (8, 5), (), (6, 5, 0), 8, 7), (9, 3),(6, 6, 0)]
 (9, 6), (10, 4), (10, 6), (10, 7), (10, 9), (neighbor: [(1, 1411, 5), (11, 6), ), (2, 1), (3, 1),(11, 7), (11, 8 (3, 2), (4, 2), (11, 10), (12, 7),), (4, 3), (5, (12, 8), (12,  2), (5, 4), (11), (13, 8), (136, 2), (6, 3, 12)]
), (6, 4), (6, 5), (7, 4), (7, 5), (7, 6), (8, 5), (8, 7), (partition: [9, 3), (9, 6), (10, 4(2, 2, 0),), (10, 6), (10, 7), (10, 9) (3, 3, 0), (4, 2, 0),, (11, 5), (11, 6), (11, (4, 3, 0), (4, 4,  7), (11, 8), (11, 10), (partition: [(2, 0), (5, 3, 0), (5, 4, 0), (512, 7), (12, 8), (12, 11), (13, 2, 0), (3, 3, 0), (4, 2,, 5, 0), (6, 2, 0), (6, 3, 0)8), (13, 12)]
 0), (4, 3, 0), (4, 4, 0), (6, 4, 0), (6, 5, 0), (, (5, 3, 0), (5, 46, 6, 0)]
, 0), (5, 5, 0), (6, 2, 0), (6, 3, 0), (6, 4, 0), (6, 5, 0), (6, 6, 0)]
neighbor: [(1, 14), (2, 1), (3, neighbor: [(1, 14), (1), (3, 2), (4, 2), (42, 1), (3, 1), (3, , 3), (5, 2), (5, 4), 2), (4, 2), (4, 3), ((6, 2), (6, 3), (6, 45, 2), (5, 4), (6, 2)), (6, 5), (7, 4), (7,, (6, 3), (6, 4), (6 5), (7, 6), (8, 5), (, 5), (7, 4), (7, 5)8, 7), (9, 3), (9, 6), (7, 6), (8, 5), (8, (10, 4), (10, 6), (10, partition: , 7), (9, 3), (9, 6), (10, 47), (10, 9), (11, 5), (11, [(2, 2, 0), (), (10, 6), (10, 7), (10, 96), (11, 7), (11, 8), (11, 10), (3, 3, 0), (4, 2, 0), (4, 3, ), (11, 5), (11, 6), (11, 7), 12, 7), (12, 8), (12, 11), (13,0), (4, 4, 0), (5, 3,(11, 8), (11, 10), (12,  8), (13, 12)]
 0), (5, 4, 0), (5, 5, 07), (12, 8), (12, 11), (13, 8),), (6, 2, 0), (6, 3, 0), ( (13, 12)]
6, 4, 0), (6, 5, 0), (6, 6, 0)]
neighbor: [(1, 14), (2, 1), (3, 1), (3, 2), (4, 2), (4, 3), (5, 2), (5, 4), (6, 2), (6, 3), (6, 4), (6, 5), (7, 4), (7, 5), (7, 6), (8, 5), (8, 7), (9, 3), (9, 6), (10, 4), (10, 6), (10, 7), (10, 9), (11, 5), (11, 6), (11, 7), (11, 8), (11, 10), (12, 7), (12, 8), (12, 11), (13, 8), (13, 12)]
partition: [(2, 2, 0), (3, 3, 0), (4, 2, 0), (4, 3, 0), (4, 4, 0), (5, 3, 0), (5, 4, 0), (5, 5, 0), (6, 2, 0), (6, 3, 0), (6, 4, 0), (6, 5, 0), (6, 6, 0)]
neighbor: [(1, 14), (2, 1), (3, 1), (3, 2), (4, 2), (4, 3), (5, 2), (5, 4), (6, 2), (6, 3), (6, 4), (6, 5), (7, 4), (7, 5), (7, 6), (8, 5), (8, 7), (9, 3), (9, 6), (10, 4), (10, 6), (10, 7), (10, 9), (11, 5), (11, 6), (11, 7), (11, 8), (11, 10), (12, 7), (12, 8), (12, 11), (13, 8), (13, 12)]
partition: [(2, 2, 0), (3, 3, 0), (4, 2, 0), (4, 3, 0), (4, 4, 0), (5, 3, 0), (5, 4, 0), (5, 5, 0), (6, 2, 0), (6, 3, 0), (6, 4, 0), (6, 5, 0), (6, 6, 0)]
neighbor: [(1, 14partition: ), (2, 1), (3, 1), (3, 2)[(2, 2, , (4, 2), (4, 3), (50), (3, 3, 0), (4, 2, 0partition: [(2, 2, 0), (3, 3, 0), (4, 2, 0), (4,, 2), (5, 4), (6, 2), (6partition: [(2, 2, 0), (3, 3, 0), (4, 2, 0), (4, 3, 0), (4, 4, 0), (5), (4, 3, 0), (4, 4, 0 3, 0), (4, 4, 0), (5, 3, 0), (5, 4, 0), (5, 5, 3), (6, 4), (6, 5), 3, 0), (5, 4, 0), (5, ), (5, 3, 0), (5, , 0), (6, 2, 0), , (7, 4), (7, 5), 5, 0), (6, 2, 04, 0), (5, 5, 0), (6, 3, 0), (6(7, 6), (8, 5), (8), (6, 3, 0), (6, 2, 0), (6, 3, 0, 4, 0), (6, 5, 7), (9, 3), (9, 6(6, 4, 0), (6, 5, 0), (6, 4, 0), (6, 5,, 0), (6, 6, 0)]
), (10, 4), (10, 6), (), (6, 6, 0)]
 0), (6, 6, 0)]
neighbor: [(1, 1410, 7), (10, 9), (11, 5), (11, 6), (11, ), (2, 1), (3, 1)neighbor: [(1, 14), (2,7), (11, 8), (11, 10), (neighbor: [(1, 14), (2, 1), (3 1), (3, 1), (3, 2, (3, 2), (4, 2),12, 7), (12, 8), (12, 1), (3, 2), (4, 2), (), (4, 2), (4, 3),  (4, 3), (5, 2), (5, , 11), (13, 8), (13, 4, 3), (5, 2),(5, 2), (5, 4), (6,4), (6, 2), (612)]
 (5, 4), (6,  2), (6, 3), (6, 4), 3), (6, 4), , (6, 5), (7, 4)2), (6, 3), (, (7, 5), (7,(6, 5), (7, 4) 6), (8, 5), (8,6, 4), (6, 5),  7), (9, 3), (9, , (7, 5), (7, 6), (10, 4), (10, 6), (10, 7), (7, 4), (7, 56), (8, 5), ((10, 9), (11, 5), ), (7, 6), (8(11, 6), (11, 7), (8, 7), (9, 3),, 5), (8, 7)11, 8), (11, 10), (12 (9, 6), (10,, (9, 3), (9,, 7), (12, 8), (12, 4), (10, 6), ( 11), (13, 8), (13,  6), (10, 4), (10, 7), (10, 9),12)]
10, 6), (10, 7), (11, 5), (11, 6 (10, 9), (11, 5), (11, 7), (11, ), (11, 6), (11,8), (11, 10), (12 7), (11, 8), (, 7), (12, 8), (11, 10), (12, 7),12, 11), (13, 8) (12, 8), (12, 11, (13, 12)]
), (13, 8), (13, 12)]
partition: [(2, 2, 0), (3, 3, 0), (4, 2, 0), (4, 3, 0), (4, 4, 0), (5, 3, 0), (5, 4, 0), (5, 5, 0), (6, 2, 0), (6, 3, 0), (6, 4, 0), (6, 5, 0), (6, 6, 0)]
neighbor: [(1, 14), (2, 1), (3, 1), (3, 2), (4, 2), (4, 3), (5, 2), (5, 4), (6, 2), (6, 3), (6, 4), (6, 5), (7, 4), (7, 5), (7, 6), (8, 5), (8, 7), (9, 3), (9, 6), (10, 4), (10, 6), (10, 7), (10, 9), (11, 5), (11, 6), (11, 7), (11, 8), (11, 10), (12, 7), (12, 8), (12, 11), (13,partition:  8), (13, 12)]
[(2, 2, 0), (3, 3, 0), (4, 2, 0), (4, 3, 0), (4, 4, 0), (5, 3, 0), (5, 4, 0), (5, 5, 0), (6, 2, 0), (6, 3, 0), (6, 4, 0), (6, 5, 0), (6, 6, 0)]
neighbor: [(1, 14), (2, 1), (3, 1), (3, 2), (4, 2), (4, 3), (5, 2), (5, 4), (6, 2), (6, 3), (6, 4), (6, 5), (7, 4), (7, 5), (7, 6), (8, 5), (8, 7), (9, 3), (9, 6), (10, 4), (10, 6), (10, 7), (10, 9), (11, 5), (11, 6), (11, 7), (11, 8), (11, 10), (12, 7), (12, 8), (12, 11), (13, 8), (13, 12)]
partition: [(2, 2, 0), (3, 3, 0), (4, 2, 0), (4, 3, 0), (4, 4, 0), (5, 3, 0), (5, 4, 0), (5, 5, 0), (6, 2, 0), (6, 3, 0), (6, 4, 0), (6, 5, 0), (6, 6, 0)]
neighbor: [(1, 14), (2, 1), (3, 1), (3, 2), (4, 2), (4, 3), (5, 2), (5, 4), (6, 2), (6, 3), (6, 4), (6, 5), (7, 4), (7, 5), (7, 6), (8, 5), (8, 7), (9, 3), (9, 6), (10, 4), (10, 6), (10, 7), (10, 9), (11, 5), (11, 6), (11, 7), (11, 8), (11, 10), (12, 7), (12, 8), (12, 11), (13, 8), (13, 12)]
partition: [(2, 2, 0), (3, 3, 0), (4, 2, 0), (4, 3, 0), (4, 4, 0), (5,partition: [(2, 2, 0), (3 3, 0), (5, , 3, 0), (4, 2, 0), (4, 3, 0), (4, 44, 0), (5, 5,, 0), (5, 3 0), (6, 2, ,0), (6, 3,  0), (5, 0), (6, 4, 0), (6, 5, 4, 0), (5, 50), (6, 6, 0), 0), (6,]
 2, 0), (6, 3, neighbor: [(1,0), (6, 4, 0 14), (2, 1), (3, 1), (3,), (6, 5 2), (4, 2, 0), (6,), (4, 3), ( 6, 0)]5, 2), (5, 4)
, (6, 2), (neighbor: [(1, 14)6, 3), (6, 4), (2, 1), (, (6, 5), (7, 4), (7, 5), (7, 6), (83, 1), (3, 2),, 5), (8, 7), (9, 3), (9, (4, 2),  6), (10, 4), (4, 3), ((10, 6), (10, 5, 2), (57), (10, 9), , 4), (6,(11, 5), (11,  2), (6, 6), (11, 7), 3), (6, (11, 8), (11, 4), (6, 510), (12, 7), ), (7, 4),(12, 8), (12,  (7, 5), 11), (13, 8), ((7, 6), (13, 12)]
8, 5), (8, 7), (9, 3), (9, 6), (10, 4), (10, 6), (10, 7), (10, 9), (11, 5), (11, 6), (11, 7), (11, 8), (11, 10), (12, 7), (12, 8), (12, 11), (13, 8), (13, 12)]
partition: [(2, 2, 0), (3, 3, 0), (4, 2, 0), (4, 3, 0), (4, 4, 0), (5, 3, 0), (5, 4, 0), (5, 5, 0), (6, 2, 0), (6, 3, 0), (6, 4, 0), (6, 5, 0), (6, 6, 0)]
neighbor: [(1, 14), (2, 1), (3, 1), (3, 2), (4, 2), (4, 3), (5, 2), (5, 4), (6, 2), (6, 3), (6, 4), (6, 5), (7, 4), (7, 5), (7, 6), (8, 5), (8, 7), (9, 3), (9, 6), (10, 4), (10, 6), (10, 7), (10, 9), (11, 5), (11, partition: [(2, 2, 0), (3, 36), (11, 7), (11, 8, 0), (4, 2, 0), (4, 3, 0), (4, 4, ), (11, 10), (12, 0), (5, 3, 0)7), (12, 8), (12, 11), , (5, 4, 0), ((13, 8), (13, 12)]5, 5, 0), (6, 2
, 0), (6, 3, 0), (6, 4, 0), (6, 5, 0), (6, 6, 0)]
neighbor: [(1, 14), (2, 1), (3, 1), (3, 2), (4, 2), (4, 3), (5, 2), (5, 4), (6, 2), (6, 3), (6, 4), (6, 5), (7, 4), (7, 5), (7, 6), (8, 5), (8, 7), (9, 3), (9, 6), (10, 4), (10, 6), (10, 7), (10, 9), (11, 5), (11, 6), (11, 7), (11, 8), (11, 10), (12, 7), (12, 8), (12, 11), (13, 8), (13, 12)]
partition: [(2, 2, 0), (3, 3, 0), (4, 2, 0), (4, 3, 0), (4, 4, 0), (5, 3, 0), (5, 4, 0), (5, 5, 0), (6, 2, 0), (6, 3, 0), (6, 4, 0), (6, 5, 0), (6, 6, 0)]
neighbor: [(1, 14), (2, 1), (3, 1), (3, 2), (4, 2), (4, 3), (5, 2), (5, 4), (6, 2), (6, 3), (6, 4), (6, 5), (7, 4), (7, 5), (7, 6), (8, 5), (8, 7), (9, 3), (9, 6), (10, 4), (10, 6), (10, 7), (10, 9), (11, 5), (11, 6), (11, 7), (11, 8), (11, 10), (12, 7), (12, 8), (12, 11), (13, 8), (13, 12)]
partition: [(2, 2, 0), (3, 3, 0), (4, 2, 0), (4, 3, 0), (4, 4, 0), (5, 3, 0), (5, 4, 0), (5, 5, 0), (6, 2, 0), (6, 3, 0), (6, 4, 0), (6, 5, 0), (6, 6, 0)]
neighbor: [(1, 14), (2, 1), (3, 1), (3, 2), (4, 2), (4, 3), (5, 2), (5, 4), (6, 2), (6, 3), (6, 4), (6, 5), (7, 4), (7, 5), (7, 6), (8, 5), (8, 7), (9, 3), (9, 6), (10, 4), (10, 6), (10, 7), (10, 9), (11, 5), (11, 6), (11, 7), (11, 8), (11, 10), (12, 7), (12, 8), (12, 11), (13, 8), (13, 12)]
partition: [(2, 2, 0), (3, 3, 0), (4, 2, 0), (4, 3, 0), (4, 4, 0), (5, 3, 0), (5, 4, 0), (5, 5, 0), (6, 2, 0), (6, 3, 0), (6, 4, 0), (6, 5, 0), (6, 6, 0)]
neighbor: [(1, 14), (2, 1), (3, 1), (3, 2), (4, 2), (4, 3), (5, 2), (5, 4), (6, 2), (6, 3), (6, 4), (6, 5), (7, 4), (7, 5), (7, 6), (8, 5), (8, 7), (9, 3), (9, 6), (10, 4), (10, 6), (10, 7), (10, 9), (11, 5), (11, 6), (11, 7), (11, 8), (11, 10), (12, 7), (12, 8), (12, 11), (13, 8), (13, 12)]
partition: [(2, 2, 0), (3, 3, 0), (4, 2, 0), (4, 3, 0), (4, 4, 0), (5, 3, 0), (5, 4, 0), (5, 5, 0), (6, 2, 0), (6, 3, 0), (6, 4, 0), (6, 5, 0), (6, 6, 0)]
neighbor: [(1, 14), (2, 1), (3, 1), (3, 2), (4, 2), (4, 3), (5, 2), (5, 4), (6, 2), (6, 3), (6, 4), (6, 5), (7, 4), (7, 5), (7, 6), (8, 5), (8, 7), (9, 3), (9, 6), (10, 4), (10, 6), (10, 7), (10, 9), (11, 5), (11, 6), (11, 7), (11, 8), (11, 10), (12, 7), (12, 8), (12, 11), (13, 8), (13, 12)]
partition: [(2, 2, 0), (3, 3, 0), (4, 2, 0), (4, 3, 0), (4, 4, 0), (5, 3, 0), (5, 4, 0), (5, 5, 0), (6, 2, 0), (6, 3, 0), (6, 4, 0), (6, 5, 0), (6, 6, 0)]
neighbor: [(1, 14), (2, 1), (3, 1), (3, 2), (4, 2), (4, 3), (5, 2), (5, 4), (6, 2), (6, 3), (6, 4), (6, 5), (7, 4), (7, 5), (7, 6), (8, 5), (8, 7), (9, 3), (9, 6), (10, 4), (10, 6), (10, 7), (10, 9), (11, 5), (11, 6), (11, 7), (11, 8), (11, 10), (12, 7), (12, 8), (12, 11), (13, 8), (13, 12)]
partition: [(2, 2, partition: [(2, 2, 0), (3, 3, 0), (4, 2, 0),0 (4, 3, 0), (4, 4, 0), (5, 3, 0), (5, 4, 0), (5, 5, )0), (6, 2, 0), (6, 3, 0), (6, ,4, 0), (6, 5, 0),partition:  (6, 6, 0)]
 neighbor: [(1, 14),( (2, 1), (3, 1)3, (3, 2), (4, 2), (4, 3),, (5, 2), (5, 4), (6, 2), (6, 3),  (6, 4), (6, 5), (7, 4), 3(7, 5), (7, 6), (8, 5), (,8, 7), (9, 3), (9, 6),  (10, 4), (10, 6), (10, 7), (10, 09), (11, 5), (11, 6), (11,) 7), (11, 8), (11, 10), (12,, 7), (12, 8[), (12, 11), (13, 8), (13,  12)]
((42, 2, 0), (3,, 3,  0), (4, 2, 02), (4, 3, 0), (4,, 4, 0) , (5, 3, 00), (5, 4, 0), ()5, 5, 0),, (6, 2, 0), (6,  3, 0)(, (64, 4, 0), (6, 5, 0), (6, 6,, 0)]
 3,neighbor: [(1 , 14), (2, 1), (03, 1), )(3, 2), (4,, 2), (4, 3), ( 5, 2),( (5,4 4), (6, 2), (,6, 3) , (6, 4), (6, 54), (7, 4),, (7, 5),  (7, 6), (8,0 5), (8, 7), )(9, 3), (9,, 6), (10, 4) , (10, 6), (10, (7), (105, 9), (11, 5),, (11, 6) , (11, 7), (311, 8), (11, 10),, (12, 7 ), (12, 8), 0(12, 11), (13, 8), ()13, 12)],
 (5, 4, 0), partition: [(2, 2, 0), (3, 3, 0), (4, 2, 0), (4, 3, 0), (4, 4, 0), (5, 3, 0), (5, 4, 0), (5, 5, 0), (6, 2, 0), (6, 3, 0), (6, 4, 0), (6, 5, 0), (6, 6, 0)]
neighbor: [(1, 14), (2, 1), (3, 1), (3, 2), (4, 2), (4, 3), (5, 2), (5, 4), (6, 2), (6, 3), (6, 4), (6, 5), (7, 4), (7, 5), (7, 6), (8, 5), (8, 7), (9, 3), (9, 6), (10, 4), (10, 6), (10, 7), (10, 9), (11, 5), (11, 6), (11, 7), (11, 8), (11, 10), (12, 7), (12, 8), (12, 11), (13, 8), (13, 12)]
(5, 5, 0), (6, 2, 0), (6, 3, 0), (6, 4, 0), (6, 5, 0), (6, 6, 0)]
neighbor: [(1, 14), (2, 1), (3, 1), (3, 2), (4, 2), (4, 3), (5, 2), (5, 4), (6, 2), (6, 3), (6, 4), (6, 5), (7, 4), (7, 5), (7, 6), (8, 5), (8, 7), (9, 3), (9, 6), (10, 4), (10, 6), (10, 7), (10, 9), (11, 5), (11, 6), (11, 7), (11, 8), (11, 10), (12, 7), (12, 8), (12, 11), (13, 8), (13, 12)]
partition: [(2, 2, 0), (3, 3, 0), (4, 2, 0), (4, 3, 0), (4, 4, 0), (5, 3, 0), (5, 4, 0), (5, 5, 0), (6, 2, 0), (6, 3, 0), (6, 4, 0), (6, 5, 0), (6, 6, 0)]
neighbor: [(1, 14), (2, 1), (3, 1), (3, 2), (4, 2), (4, 3), (5, 2), (5, 4), (6, 2), (6, 3), (6, 4), (6, 5), (7, 4), (7, 5), (7, 6), (8, 5), (8, 7), (9, 3), (9, 6), (10, 4), (10, 6), (10, 7), (10, 9), (11, 5), (11, 6), (11, 7), (11, 8), (11, 10), (12, 7), (12, 8), (12, 11), (13, 8), (13, 12)]
partition: [(2, 2, 0), (3, 3, 0), (4, 2, 0), (4, 3, 0), (4, 4, 0), (5, 3, 0), (5, 4, 0), (5, 5, 0), (6, 2, 0), (6, 3, 0), (6, 4, 0), (6, 5, 0), (6, 6, 0)]
neighbor: [(1, 14), (2, 1), (3, 1), (3, 2), (4, 2), (4, 3), (5, 2), (5, 4), (6, 2), (6, 3), (6, 4), (6, 5), (7, 4), (7, 5), (7, 6), (8, 5), (8, 7), (9, 3), (9, 6), (10, 4), (10, 6), (10, 7), (10, 9), (11, 5), (11, 6), (11, 7), (11, 8), (11, 10), (12, 7), (12, 8), (12, 11), (13, 8), (13, 12)]
partition: [(2, 2, 0), (3, 3, 0), (4, 2, 0), (4, 3, 0), (4, 4, 0), (5, 3, 0), (5, 4, 0), (5, 5, 0), (6, 2, 0), (6, 3, 0), (6, 4, 0), (6, 5, 0), (6, 6, 0)]
neighbor: [(1, 14), (2, 1), (3, 1), (3, 2), (4, 2), (4, 3), (5, 2), (5, 4), (6, 2), (6, 3), (6, 4), (6, 5), (7, 4), (7, 5), (7, 6), (8, 5), (8, 7), (9, 3), (9, 6), (10, 4), (10, 6), (10, 7), (10, 9), (11, 5), (11, 6), (11, 7), (11, 8), (11, 10), (12, 7), (12, 8), (12, 11), (13, 8), (13, 12)]
partition: [(2, 2, 0), (3, 3, 0), (4, 2, 0), (4, 3, 0), (4, 4, 0), (5, 3, 0), (5, 4, 0), (5, 5, 0), (6, 2, 0), (6, 3, 0), (6, 4, 0), (6, 5, 0), (6, 6, 0)]
neighbor: [(1, 14), (2, 1), (3, 1), (3, 2), (4, 2), (4, 3), (5, 2), (5, 4), (6, 2), (6, 3), (6, 4), (6, 5), (7, 4), (7, 5), (7, 6), (8, 5), (8, 7), (9, 3), (9, 6), (10, 4), (10, 6), (10, 7), (10, 9), (11, 5), (11, 6), (11, 7), (11, 8), (11, 10), (12, 7), (12, 8), (12, 11), (13, 8), (13, 12)]
partition: [(2, 2, 0), (3, 3, 0), (4, 2, 0), (4, 3, 0), (4, 4, 0), (5, 3, 0), (5, 4, 0), (5, 5, 0), (6, 2, 0), (6, 3, 0), (6, 4, 0), (6, 5, 0), (6, 6, 0)]
neighbor: [(1, 14), (2, 1), (3, 1), (3, 2), (4, 2), (4, 3), (5, 2), (5, 4), (6, 2), (6, 3), (6, 4), (6, 5), (7, 4), (7, 5), (7, 6), (8, 5), (8, 7), (9, 3), (9, 6), (10, 4), (10, 6), (10, 7), (10, 9), (11, 5), (11, 6), (11, 7), (11, 8), (11, 10), (12, 7), (12, 8), (12, 11), (13, 8), (13, 12)]
partition: [(2, 2, 0), (3, 3, 0), (4, 2, 0), (4, 3, 0), (4, 4, 0), (5, 3, 0), (5, 4, 0), (5, 5, 0), (6, 2, 0), (6, 3, 0), (6, 4, 0), (6, 5, 0), (6, 6, 0)]
neighbor: [(1, 14), (2, 1), (3, 1), (3, 2), (4, 2), (4, 3), (5, 2), (5, 4), (6, 2), (6, 3), (6, 4), (6, 5), (7, 4), (7, 5), (7, 6), (8, 5), (8, 7), (9, 3), (9, 6), (10, 4), (10, 6), (10, 7), (10, 9), (11, 5), (11, 6), (11, 7), (11, 8), (11, 10), (12, 7), (12, 8), (12, 11), (13, 8), (13, 12)]
partition: [(2, 2, 0), (3, 3, 0), (4, 2, 0), (4, 3, 0), (4, 4, 0), (5, 3, 0), (5, 4, 0), (5, 5, 0), (6, 2, 0), (6, 3, 0), (6, 4, 0), (6, 5, 0), (6, 6, 0)]
neighbor: [(1, 14), (2, 1), (3, 1), (3, 2), (4, 2), (4, 3), (5, 2), (5, 4), (6, 2), (6, 3), (6, 4), (6, 5), (7, 4), (7, 5), (7, 6), (8, 5), (8, 7), (9, 3), (9, 6), (10, 4), (10, 6), (10, 7), (10, 9), (11, 5), (11, 6), (11, 7), (11, 8), (11, 10), (12, 7), (12, 8), (12, 11), (13, 8), (13, 12)]
partition: [(2, 2, 0), (3, 3, 0), (4, 2, 0), (4, 3, 0), (4, 4, 0), (5, 3, 0), (5, 4, 0), (5, 5, 0), (6, 2, 0), (6, 3, 0), (6, 4, 0), (6, 5, 0), (6, 6, 0)]
neighbor: [(1, 14), (2, 1), (3, 1), (3, 2), (4, 2), (4, 3), (5, 2), (5, 4), (6, 2), (6, 3), (6, 4), (6, 5), (7, 4), (7, 5), (7, 6), (8, 5), (8, 7), (9, 3), (9, 6), (10, 4), (10, 6), (10, 7), (10, 9), (11, 5), (11, 6), (11, 7), (11, 8), (11, 10), (12, 7), (12, 8), (12, 11), (13, 8), (13, 12)]
partition: [(2, 2, 0), (3, 3, 0), (4, 2, 0), (4, 3, 0), (4, 4, 0), (5, 3, 0), (5, 4, 0), (5, 5, 0), (6, 2, 0), (6, 3, 0), (6, 4, 0), (6, 5, 0), (6, 6, 0)]
neighbor: [(1, 14), (2, 1), (3, 1), (3, 2), (4, 2), (4, 3), (5, 2), (5, 4), (6, 2), (6, 3), (6, 4), (6, 5), (7, 4), (7, 5), (7, 6), (8, 5), (8, 7), (9, 3), (9, 6), (10, 4), (10, 6), (10, 7), (10, 9), (11, 5), (11, 6), (11, 7), (11, 8), (11, 10), (12, 7), (12, 8), (12, 11), (13, 8), (13, 12)]
Norm ->  1:              2.745307%    0.459488%     0.167372
partition: [(2, 2, 0), (3, 3, 0), (4, 2, 0), (4, 3, 0), (4, 4, 0), (5, 3, 0), (5, 4, 0), (5, 5, 0), (6, 2, 0), (6, 3, 0), (6, 4, 0), (6, 5, 0), (6, 6, 0)]
neighbor: [(1, 14), (2, 1), (3, 1), (3, 2), (4, 2), (4, 3), (5, 2), (5, 4), (6, 2), (6, 3), (6, 4), (6, 5), (7, 4), (7, 5), (7, 6), (8, 5), (8, 7), (9, 3), (9, 6), (10, 4), (10, 6), (10, 7), (10, 9), (11, 5), (11, 6), (11, 7), (11, 8), (11, 10), (12, 7), (12, 8), (12, 11), (13, 8), (13, 12)]
dof: [[1, 1], [2, 2], [3, 1], [3, 2], [3, 3], [4, 2], [4, 3], [4, 4], [5, 1], [5, 2], [5, 3], [5, 4], [5, 5]]
dof: [[1, 1], [2, 2], [3, 1], [3, 2], [3, 3], [4, 2], [4, 3], [4, 4], [5, 1], [5, 2], [5, 3], [5, 4], [5, 5]]
dof: [[1, 1], [2, 2], [3, 1], [3, 2], [3, 3], [4, 2], [4, 3], [4, 4], [5, 1], [5, 2], [5, 3], [5, 4], [5, 5]]
dof: [[1, 1], [2, 2], [3, 1], [3, 2], [3, 3], [4, 2], [4, 3], [4, 4], [5, 1], [5, 2], [5, 3], [5, 4], [5, 5]]
dof: [[1, 1], [2, 2], [3, 1], [3, 2], [3, 3], [4, 2], [4, 3], [4, 4], [5, 1], [5, 2], [5, 3], [5, 4], [5, 5]]
dof: [[1, 1], [2, 2], [3, 1], [3, 2], [3, 3], [4, 2], [4, 3], [4, 4], [5, 1], [5, 2], [5, 3], [5, 4], [5, 5]]
dof: [[1, 1], [2, 2], [3, 1], [3, 2], [3, 3], [4, 2], [4, 3], [4, 4], [5, 1], [5, 2], [5, 3], [5, 4], [5, 5]]
dof: [[1, 1], [2, 2], [3, 1], [3, 2], [3, 3], [4, 2], [4, 3], [4, 4], [5, 1], [5, 2], [5, 3], [5, 4], [5, 5]]
  1 ->  2:               0.442442%    0.087713%     0.198249
  1 ->  3:               0.446781%    0.201462%     0.450919
  1 ->Norm:              0.459488%    0.459488%     1.000000
  2 ->  1:               0.290105%    0.086629%     0.298611
  2 ->  3:               0.286386%    0.052225%     0.182359
  2 ->  4:               0.274453%    0.076246%     0.277809
  2 ->  5:               0.284991%    0.000000%     0.000000
  2 ->  6:               0.286076%    0.140404%     0.490791
  3 ->  1:               0.258956%    0.202392%     0.781568
  3 ->  2:               0.264845%    0.053620%     0.202458
  3 ->  4:               0.266705%    0.087094%     0.326554
  3 ->  6:               0.271664%    0.054085%     0.199087
  3 ->  9:               0.259731%    0.186430%     0.717780
  4 ->  2:               0.219594%    0.071287%     0.324629
  4 ->  3:               0.215719%    0.088798%     0.411638
  4 ->  5:               0.220833%    0.011933%     0.054035
  4 ->  6:               0.227807%    0.058114%     0.255102
  4 ->  7:               0.223158%    0.023246%     0.104167
  4 -> 10:               0.214015%    0.130640%     0.610427
  5 ->  2:               0.213705%    0.000000%     0.000000
  5 ->  4:               0.222228%    0.013947%     0.062762
  5 ->  6:               0.216029%    0.000000%     0.000000
  5 ->  7:               0.213705%    0.000000%     0.000000
  5 ->  8:               0.218044%    0.010383%     0.047619
  5 -> 11:               0.208591%    0.095307%     0.456909
  6 ->  2:               0.176977%    0.142883%     0.807356
  6 ->  3:               0.174807%    0.047731%     0.273050
  6 ->  4:               0.175582%    0.056409%     0.321271
  6 ->  5:               0.165974%    0.000000%     0.000000
  6 ->  7:               0.179301%    0.000000%     0.000000
  6 ->  9:               0.181626%    0.065243%     0.359215
  6 -> 10:               0.180541%    0.077020%     0.426609
  6 -> 11:               0.197588%    0.022161%     0.112157
  7 ->  4:               0.204716%    0.021231%     0.103709
  7 ->  5:               0.196968%    0.000000%     0.000000
  7 ->  6:               0.213860%    0.000000%     0.000000
  7 ->  8:               0.195573%    0.000000%     0.000000
  7 -> 10:               0.194643%    0.022626%     0.116242
  7 -> 11:               0.203787%    0.014102%     0.069202
  7 -> 12:               0.194488%    0.000000%     0.000000
  8 ->  5:               0.265620%    0.011933%     0.044924
  8 ->  7:               0.255857%    0.000000%     0.000000
  8 -> 11:               0.272904%    0.017822%     0.065304
  8 -> 12:               0.262830%    0.055480%     0.211085
  8 -> 13:               0.269339%    0.012553%     0.046605
  9 ->  3:               0.436553%    0.193404%     0.443024
  9 ->  6:               0.433143%    0.066792%     0.154204
  9 -> 10:               0.441357%    0.132190%     0.299508
  10 ->  4:               0.257871%    0.129091%     0.500601
  10 ->  6:               0.244854%    0.069582%     0.284177
  10 ->  7:               0.256787%    0.022781%     0.088715
  10 ->  9:               0.264070%    0.140713%     0.532864
  10 -> 11:               0.244854%    0.054550%     0.222785
  11 ->  5:               0.218354%    0.095772%     0.438609
  11 ->  6:               0.219284%    0.022471%     0.102473
  11 ->  7:               0.229202%    0.011933%     0.052062
  11 ->  8:               0.227807%    0.020301%     0.089116
  11 -> 10:               0.209366%    0.054240%     0.259067
  11 -> 12:               0.219284%    0.003409%     0.015548
  12 ->  7:               0.343105%    0.000000%     0.000000
  12 ->  8:               0.349459%    0.054550%     0.156098
  12 -> 11:               0.348064%    0.004184%     0.012021
  12 -> 13:               0.349769%    0.000000%     0.000000
  13 ->  8:               0.639564%    0.012553%     0.019627
  13 -> 12:               0.619418%    0.000000%     0.000000
-------------------------------------------------------------------------------------
[33mChangeVariable           Proposed     Accepted      Ratio  [0m
dof: [[1, 1], [2, 2], [3, 1], [3, 2], [3, 3], [4, 2], [4, 3], [4, 4], [5, 1], [5, 2], [5, 3], [5, 4], [5, 5]]
dof: [[1, 1], [2, 2], [3, 1], [3, 2], [3, 3], [4, 2], [4, 3], [4, 4], [5, 1], [5, 2], [5, 3], [5, 4], [5, 5]]
dof: [[1, 1], [2, 2], [3, 1], [3, 2], [3, 3], [4, 2], [4, 3], [4, 4], [5, 1], [5, 2], [5, 3], [5, 4], [5, 5]]
dof: [[1, 1], [2, 2], [3, 1], [3, 2], [3, 3], [4, 2], [4, 3], [4, 4], [5, 1], [5, 2], [5, 3], [5, 4], [5, 5]]
dof: [[1, 1], [2, 2], [3, 1], [3, 2], [3, 3], [4, 2], [4, 3], [4, 4], [5, 1], [5, 2], [5, 3], [5, 4], [5, 5]]
dof: [[1, 1], [2, 2], [3, 1], [3, 2], [3, 3], [4, 2], [4, 3], [4, 4], [5, 1], [5, 2], [5, 3], [5, 4], [5, 5]]
dof: [[1, 1], [2, 2], [3, 1], [3, 2], [3, 3], [4, 2], [4, 3], [4, 4], [5, 1], [5, 2], [5, 3], [5, 4], [5, 5]]
dof: [[1, 1], [2, 2], [3, 1], [3, 2], [3, 3], [4, 2], [4, 3], [4, 4], [5, 1], [5, 2], [5, 3], [5, 4], [5, 5]]
dof: [[1, 1], [2, 2], [3, 1], [3, 2], [3, 3], [4, 2], [4, 3], [4, 4], [5, 1], [5, 2], [5, 3], [5, 4], [5, 5]]
dof: [[1, 1], [2, 2], [3, 1], [3, 2], [3, 3], [4, 2], [4, 3], [4, 4], [5, 1], [5, 2], [5, 3], [5, 4], [5, 5]]
dof: [[1, 1], [2, 2], [3, 1], [3, 2], [3, 3], [4, 2], [4, 3], [4, 4], [5, 1], [5, 2], [5, 3], [5, 4], [5, 5]]
dof: [[1, 1], [2, 2], [3, 1], [3, 2], [3, 3], [4, 2], [4, 3], [4, 4], [5, 1], [5, 2], [5, 3], [5, 4], [5, 5]]
dof: [[1, 1], [2, 2], [3, 1], [3, 2], [3, 3], [4, 2], [4, 3], [4, 4], [5, 1], [5, 2], [5, 3], [5, 4], [5, 5]]
dof: [[1, 1], [2, 2], [3, 1], [3, 2], [3, 3], [4, 2], [4, 3], [4, 4], [5, 1], [5, 2], [5, 3], [5, 4], [5, 5]]
dof: [[1, 1], [2, 2], [3, 1], [3, 2], [3, 3], [4, 2], [4, 3], [4, 4], [5, 1], [5, 2], [5, 3], [5, 4], [5, 5]]
dof: [[1, 1], [2, 2], [3, 1], [3, 2], [3, 3], [4, 2], [4, 3], [4, 4], [5, 1], [5, 2], [5, 3], [5, 4], [5, 5]]
dof: [[1, 1], [2, 2], [3, 1], [3, 2], [3, 3], [4, 2], [4, 3], [4, 4], [5, 1], [5, 2], [5, 3], [5, 4], [5, 5]]
dof: [[1, 1]dof: [, [2, 2], [3, 1], [3, [1, 1], [2, 2], 2], [3, 3], [4, 2], [4,[3, 1], [3, 2], [3, 3], [ 3], [4, 4], [5, 1]4, 2], [4, 3], [4, 4], [5, 2], [5, 3], [5,, [5, 1], [5, 2], [5, 3] 4], [5, 5]]
, [5, 4], [5, 5]]
dof: [[1, 1], [2, 2], [3, 1], [3, 2], [3, 3], [4, 2], [4, 3], [4, 4], [5, 1], [5, 2], [5, 3], [5, 4], [5, 5]]
dof: [[1, 1], [2, 2], [3, 1], [3, 2], [3, 3], [4, 2], [4, 3], [4, 4], [5, 1], [5, 2], [5, 3], [5, 4], [5, 5]]
dof: [[1, 1], [2, 2], [3, 1], [3, 2], [3, 3], [4, 2], [4, 3], [4, 4], [5, 1], [5, 2], [5, 3], [5, 4], [5, 5]]
dof: [[1, 1], [2, 2], [3, 1], [3, 2], [3, 3], [4, 2], [4, 3], [4, 4], [5, 1], [5, 2], [5, 3], [5, 4], [5, 5]]
dof: [[1, 1], [2, 2], [3, 1], [3, 2], [3, 3], [4, 2], [4, 3], [4, 4], [5, 1], [5, 2], [5, 3], [5, 4], [5, 5]]
dof: [[1, 1], [2, 2], [3, 1], [3, 2], [3, 3], [4, 2], [4, 3], [4, 4], [5, 1], [5, 2], [5, 3], [5, 4], [5, 5]]
dof: [[1, 1], [2, 2], [3, 1], [3, 2], [3, 3], [4, 2], [4, 3], [4, 4], [5, 1], [5, 2], [5, 3], [5, 4], [5, 5]]
dof: [[1, 1], [2, 2], [3, 1], [3, 2], [3, 3], [4, 2], [4, 3], [4, 4], [5, 1], [5, 2], [5, 3], [5, 4], [5, 5]]
dof: [[1, 1], [2, 2], [3, 1], [3, 2], [3, 3], [4, 2], [4, 3], [4, 4], [5, 1], [5, 2], [5, 3], [5, 4], [5, 5]]
dof: [[1, 1], [2, 2], [3, 1], [3, 2], [3, 3], [4, 2], [4, 3], [4, 4],dof: [ [5, 1], [5, 2], [5, 3][1, 1], [2, 2], , [5, 4], [5, 5]]
[3, 1], [3, 2], [3, 3], [4, 2], [4, 3], [4, 4], [5, 1], [5, 2], [5, 3], [5, 4], [5, 5]]
dof: [[1, 1], [2, 2], [3, 1], [3, 2], [3, 3], [4, 2], [4, 3], [4, 4], [5, 1], [5, 2], [5, 3], [5, 4], [5, 5]]
dof: [[1, 1], [2, 2], [3, 1], [3, 2], [3, 3], [4, 2], [4, 3], [4, 4], [5, 1], [5, 2], [5, 3], [5, 4], [5, 5]]
dof: [[1, 1dof: [[1, 1], [2, 2], [], [2, 2], [3, 1], [3, 2], [3, 3], 3, 1], [3, 2], [3, 3], [4, 2][4, 2], [4, [4, 3], [4, , 3], [4, 4], 4], [5, 1], [5, 1], [5, 2[5, 2], [5, 3]], [5, 3], [, [5, 4], [5, 5, 4], [5, 5]5]]
]
dof: [[1, 1], [2, 2], [3, 1], [3, 2], [3, 3], [4, 2], [4, 3], [4, 4], [5, 1], [5, 2], [5, 3], [5, 4], [5, 5]]
dof: [[1, 1], [2, 2], [3, 1], [3, 2], [3, 3], [4, 2], [4, 3], [4, 4], [5, 1], [5, 2], [5, 3], [5, 4], [5, 5]]
dof: [[1, 1], [2, 2], [3, 1], [3, 2], [3, 3], [4, 2], [4, 3], [4, 4], [5, 1], [5, 2], [5, 3], [5, 4], [5, 5]]
dof: [[1, 1], [2, 2], [3, 1], [3, 2], [3, 3], [4, 2], [4, 3], [4, 4], [5, 1], [5, 2], [5, 3], [5, 4], [5, 5]]
dof: [[1, 1], [2, 2], [3, 1], [3, 2], [3, 3], [4, 2], [4, 3], [4, 4], [5, 1], [5, 2], [5, 3], [5, 4], [5, 5]]
dof: [[1, 1], [2, 2], [3, 1], [3, 2], [3, 3], [4, 2], [4, 3], [4, 4], [5, 1], [5, 2], [5, 3], [5, 4], [5, 5]]
dof: [[1, 1], [2, 2], [3, 1], [3, 2], [3, 3], [4, 2], [4, 3], [4, 4], [5, 1], [5, 2], [5, 3], [5, 4], [5, 5]]
dof: [[1, 1], [2, 2], [3, 1], [3, 2], [3, 3], [4, 2], [4, 3], [4, 4], [5, 1], [5, 2], [5, 3], [5, 4], [5, 5]]
dof: [[1, 1], [2, 2], [3, 1], [3, 2], [3, 3], [4, 2], [4, 3], [4, 4], [5, 1], [5, 2], [5, 3], [5, 4], [5, 5]]
dof: [[1, 1], [2, 2], [3, 1], [3, 2], [3, dof: [[1, 1], [2, 2], [3, 1], [3, 23], [4, 2], [4, 3], [4, 4], [5, 1], [5], [3, 3], [4, 2], [4, 3], [4, 4], [5, 1], [5,dof: , 2], [5, 3], [5 2], [5, 3], [5, 4, 4], [5, 5][[1, 1], [2, 2], [5, 5]]
]
], [3, 1], [3, 2], [3, 3], [4, 2], [4, 3], [4, 4], [5, 1], [5, 2], [5, 3], [5, 4], [5, 5]]
dof: [[1, 1], [2, 2], [3, 1], [3, 2], [3, 3], [4, 2], [4, 3], [4, 4], [5, 1], [5, 2], [5, 3], [5, 4], [5, 5]]
dof: [[1, 1], [2, 2], [3, 1], [3, 2], [3, 3], [4, 2], [4, 3], [4, 4], [5, 1], [5, 2], [5, 3], [5, 4], [5, 5]]
dof: [[1, 1], [2, 2], [3, 1], [3, 2], [3, 3], [4, 2], [4, 3], [4, 4], [5, 1], [5, 2], [5, 3], [5, 4], [5, 5]]
dof: [[1, 1], [2, 2], [3, 1], [3, 2], [3, 3], [4, 2]dof: , [4, 3], [4, 4], [5,[[1, 1], [2 1], [5, 2], [5, 3], [, 2], [3, 1], [3, 2], [3,5, 4], [5, 5]]
 3], [4, 2], [4, 3], [4, 4], [5, 1], [5, 2], [5, 3], [5, 4], [5, 5]]
dof: [[1, 1], [2, 2], [3, 1], [3, 2]dof: [[1, 1], [2, 2], [3, 1], [3, 2], , [3, 3], [4, 2], [4, 3], [4, 4], [5, 1], [5, 2], [5,[3, 3], [4, 2], [4, 3], [4, 4], [5, 1] 3], [5, 4], [5, [5, 2], [5,, 5]]
 3], [5, 4], [5, 5]]
dof: dof: [[1, 1[[1, 1], [2, 2], ], [2, 2], [3, 1], [3, [3, 1], [3, 2], [3, 3], 2], [3, 3], [4, 2], [[4, 2], [4, 3], [4, 4]4, 3], [4, 4], [5, 1], [5, 1], [5, 2], [5,, [5, 2], [5, 3], [5, 3], [5, 4], [5, 5]]
 4], [5, 5]]
dof: [[1, 1], [2, 2], [3, 1], [3, 2], [3, 3], [4, 2], [4, 3], [4, 4], [5, 1], [5, 2], [5, 3], [5, 4], [5, 5]]
dof: [[1, 1], [2, 2], [3, 1], [3, 2], [3, 3], [4, 2], [4, 3], [4, 4], [5, 1], [5, 2], [5, 3], [5, 4], [5, 5]]
dof: [[1, 1], [2, 2], [3, 1], [3, 2], [3, 3], [4, 2], [4, 3], [4, 4], [5, 1], [5, 2], [5, 3], [5, 4], [5, 5]]
dof: [[1, 1], [2, 2], [3, 1], [3, 2], [3, 3], [4, 2], [4, 3], [4, 4], [5, 1], [5, 2], [5, 3], [5, 4], [5, 5]]
dof: [[1, 1], [2, 2], [3, 1], [3, 2], [3, 3], [4, 2], [4, 3], [4, 4], [5, 1], [5, 2], [5, 3], [5, 4], [5, 5]]
dof: [[1, 1], [2, 2], [3, 1], [3, 2], [3, 3], [4, 2], [4, 3], [4, 4], [5, 1], [5, 2], [5, 3], [5, 4], [5, 5]]
dof: [[1, 1], [2, 2], [3, 1], [3, 2], [3, 3], [4, 2], [4, 3], [4, 4], [5, 1], [5, 2], [5, 3], [5, 4], [5, 5]]
dof: dof: [[1, [[1, 1], [2, 1], [2, 2], [32], [3, 1], [3, 1], [3, 2], [, 2], [3, 3], [4, 3, 3], [4, 2], 2], [4, 3], [4, 4],[4, 3], [4, 4], [ [5, 1], [55, 1], [5, 2], , 2], [5, 3], [5, 3], [5, [5, 4], [5, 5]4], [5, 5]]
]
dof: [[1, 1], [2, 2], [3, 1], [3, 2], [3, 3], [4, 2], [4, 3], [4, 4], [5, 1], [5, 2], [5, 3], [5, 4], [5, 5]]
dof: [[1, 1], [2, 2], [3, 1], [3, 2], [3, 3], [4, 2], [4, 3], [4, 4], [5, 1], [5, 2], [5, 3], [5, 4], [5, 5]]
dof: [[1, 1], [2, 2], [3, 1], [3, 2], [3, 3], [4, 2], [4, 3], [4, 4], [5, 1], [5, 2], [5, 3], [5, 4], [5, 5]]
dof: [[1, 1], [2, 2], [3, 1], [3, 2], [3, 3], [4, 2], [4, 3], [4, 4], [5, 1], [5, 2], [5, 3], [5, 4], [5, 5]]
dof: [[1, 1], [2, 2], [3, 1], dof: [[1, 1], [2, 2], [3, 2], [3, 3], [4, 2], [4, 3], [4, 4], [5, 1], [5,[3, 1], [3, 2], [3, 3], 2], [5, 3], [5, 4], [ [4, 2], [4, 3], 5, 5]]
[4, 4], [5, 1], [5, 2], [5, 3], [5, 4], [5, 5]]
dof: [[1, 1], [2, 2], [3, 1], [3, 2], dof: [[1, 1], [2, 2], [3, 1], [3, 2], [3, 3], [4, [3, 3], [4, 2], [4, 3], [4, 4], [5, 1], 2], [4, 3], [4, 4], [5[5, 2], [5, 3],, 1], [5, 2],  [5, 4], [5, 5[5, 3], [5, 4],]]
 [5, 5]]
dof: [[1, 1], [2, 2], [3, 1], [3, 2], [3, 3], [4, 2], [4, 3], [4, 4], [5, 1], [5, 2], [5, 3], [5, 4], [5, 5]]
dof: [[1, 1], [2, 2],dof: [[1, 1], [2, 2], [3, 1], [3, 2], [3, 3], [4, 2], [4, [3, 1], [3, 2], [3, 3], [4, 2], [4, 3], [4, 4],  3], [4, 4], [5, 1],[5, 1], [5, 2],  [5, 2], [5, 3], [5, 3], [5, 4], [[5, 4], [5, 5]]
5, 5]]
dof: [[1, 1], [2, 2], [3, 1], [3, 2], [3, 3], [4, 2], [4, 3], [4, 4], [5, 1], [5, 2], [5, 3], [5, 4], [5, 5]]
dof: [[1, 1], [2, 2], [3, 1], [3, 2], [3, 3], [4, 2], [4, 3], [4, 4], [5, 1], [5, 2], [5, 3], [5, 4], [5, 5]]
dof: [[1, 1], [2, 2], [3, 1], [3, 2], [3, 3], [4, 2], [4, 3], [4, 4], [5, 1], [5, 2], [5, 3], [5, 4], [5, 5]]
dof: [[1, 1], [2, 2], [3, 1], [3, 2], [3, 3], [4, 2], [4, 3], [4, 4], [5, 1], [5, 2], [5, 3], [5, 4], [5, 5]]
dof: [[1, 1], [2, 2], [3, 1], [3, 2], [3, 3], [4, 2], [4, 3], [4, 4], [5, 1], [5, 2], [5, 3], [5, 4], [5, 5]]
dof: [[1, 1], [2, 2], [3, 1], [3, 2], [3, 3], [4, 2], [4, 3], [4, 4], [5, 1], [5, 2], [5, 3], [5, 4], [5, 5]]
dof: [[1, 1], [2, 2], [3, 1], [3, 2], [3, 3], [4, 2], [4, 3], [4, 4], [5, 1], [5, 2], [5, 3], [5, 4], [5, 5]]
dof: [[1, 1], [2, 2], [3, 1], [3, 2], [3, 3], [4, 2], [4, 3], [4, 4]dof: [, [5, 1], [5, 2], [5, 3][1, 1], [2, 2], [3, , [5, 4], [5, 5]]
1], [3, 2], [3, 3], [4, 2], [4, 3], [4, 4], [5, 1], [5, 2], [5, 3], [5, 4], [5, 5]]
dof: [[1, 1], [2, 2], [3, 1], [3, 2], [3, 3], [4, 2], [4, 3], [4, 4], [5, 1], [5, 2], [5, 3], [5, 4], [5, 5]]
dof: [[1, 1], [2, 2], [3, 1], [3, 2], [3, 3], [4, 2], [4, 3], [4, 4], [5, 1], [5, 2], [5, 3], [5, 4], [5, 5]]
dof: [[1, 1], [2, 2], [3, 1], [3, 2], [3, 3], [4, 2], [4, 3], [4, 4], [5, 1], [5, 2], [5, 3], [5, 4], [5, 5]]
dof: [[1, 1], [2, 2], [3, 1], [3, 2], [3, 3], [4, 2], [4, 3], [4, 4], [5, 1], [5, 2], [5, 3], [5, 4], [5, 5]]
dof: [[1, 1], [2, 2], [3, 1], [3, 2], [3, 3], [4, 2], [4, 3], [4, 4], [5, 1], [5, 2], [5, 3], [5, 4], [5, 5]]
dof: [[1, 1], [2, 2], [3, 1], [3, 2], [3, 3], [4, 2], [4, 3], [4, 4], [5, 1], [5, 2], [5, 3], [5, 4], [5, 5]]
dof: [[1, 1], [2, 2], [3, 1], [3, 2], [3, 3], [4, 2], [4, 3], [4, 4], [5, 1], [5, 2], [5, 3], [5, 4], [5, 5]]
dof: [[1, 1], [2, 2], [3, 1], [3, 2], [3, 3], [4, 2], [4, 3], [4, 4], [5, 1], [5, 2], [5, 3], [5, 4], [5, 5]]
dof: [[1, 1], [2, 2], [3, 1], [3, 2], [3, 3], [4, 2], [4, 3], [4, 4], [5, 1], [5, 2], [5, 3], [5, 4], [5, 5]]
dof: [[1dof: [[1, 1], [2, 2], [3, 1], ,[3, 2], [3, 3], [4, 2], [4, 3], [4, 4], [5, 1], [5, 2], [5, 3 ], [5, 4], [5, 5]]1
], [2, 2]dof: ,[[1, 1], [2, 2], [3, 1], [3, 2], [3, 3], [4, 2], [4, 3], [4, 4], [5, 1], [5, 2], [5, 3], [5, 4], [5, 5]]
 [3, dof: [[1, 1], [2, 2], [3, 1], [3,1 2], [3, 3], []4, 2], [4, 3], [4, 4], [5, 1,], [5, 2], [5, 3], [5, 4],  [5, 5]]
[3, 2], [3, 3], [4, 2]dof: [[1, 1],, [2, 2], [3, 1], [3, 2],  [3, 3], [4, 2], [4, 3], [4[, 4], [5, 1], [5, 2], [5, 3], 4[5, 4], [5, 5],]
 3], [4, 4], [5, 1], [5, 2], [dof: [[1, 1], [2, 2], [3, 1], [3, 2], [3, 35,], [4, 2], [4, 3], [4, 4], [5, 1 dof: ], [5, 2], [5, 3], 3[[1, 1],[5, 4], [5, 5]]
] [2, 2], [3, 1], [3, 2], [3,, 3], [4, 2], [4, 3], [4, 4 ], [5, 1], [5, 2], [5, [3], [5, 4], [5, 5]]
5, 4], [5, 5]]
dof: [[1, 1], [2, 2], [3, 1], [3, 2], [3, 3], [4, 2], [4, 3], [4, 4], [5, 1], [5, 2], [5, 3], [5, 4], [5, 5]]
dof: [[1, 1], [2, 2], [3, 1], [3, 2], [3, 3], [4, 2], [4, 3], [4, 4], [5, 1], [5, 2], [5, 3], [5, 4], [5, 5]]
   1 / Continuous :      2.751816%    2.272646%     0.825871
   1 / Discrete   :      2.709044%    2.125579%     0.784623
   2 / Continuous :      2.812719%    2.470389%     0.878292
   2 / Discrete   :      2.812719%    0.806158%     0.286612
   3 / Continuous :      2.734614%    1.700959%     0.622011
   3 / Discrete   :      2.674640%    2.104193%     0.786720
   4 / Continuous :      2.645816%    1.725290%     0.652082
   4 / Discrete   :      2.647521%    1.380325%     0.521365
   5 / Continuous :      2.554383%    2.212828%     0.866286
   5 / Discrete   :      2.564921%    0.532170%     0.207480
   6 / Continuous :      2.832866%    1.821836%     0.643107
   6 / Discrete   :      2.846813%    0.838237%     0.294447
   7 / Continuous :      2.827907%    1.984401%     0.701721
   7 / Discrete   :      2.869284%    0.795465%     0.277235
   8 / Continuous :      2.679754%    2.305035%     0.860167
   8 / Discrete   :      2.639152%    0.688690%     0.260951
   9 / Continuous :      2.690292%    1.697860%     0.631106
   9 / Discrete   :      2.667667%    2.090091%     0.783490
  10 / Continuous :      2.504947%    1.559781%     0.622680
  10 / Discrete   :      2.510991%    1.250924%     0.498179
  11 / Continuous :      2.624895%    1.718626%     0.654741
  11 / Discrete   :      2.639462%    0.782912%     0.296618
  12 / Continuous :      2.750731%    1.983161%     0.720958
  12 / Discrete   :      2.825737%    0.650567%     0.230229
  13 / Continuous :      2.435830%    2.096754%     0.860797
  13 / Discrete   :      2.469149%    0.480719%     0.194690
-------------------------------------------------------------------------------------
[33mSwapVariable             Proposed     Accepted      Ratio  [0m
   1 / Continuous :      0.000000%    0.000000%     0.010000
   1 / Discrete   :      0.000000%    0.000000%     0.010000
   2 / Continuous :      0.339076%    0.339076%     1.000000
   2 / Discrete   :      0.347599%    0.347599%     1.000000
   3 / Continuous :      0.460573%    0.320325%     0.695491
   3 / Discrete   :      0.000000%    0.000000%     0.010000
   4 / Continuous :      0.441512%    0.270889%     0.613549
   4 / Discrete   :      0.352404%    0.352404%     1.000000
   5 / Continuous :      0.419816%    0.384792%     0.916574
   5 / Discrete   :      0.422915%    0.140404%     0.331990
   6 / Continuous :      0.543792%    0.346670%     0.637504
   6 / Discrete   :      0.355348%    0.355348%     1.000000
   7 / Continuous :      0.541003%    0.340471%     0.629333
   7 / Discrete   :      0.470181%    0.156985%     0.333883
   8 / Continuous :      0.495597%    0.435313%     0.878361
   8 / Discrete   :      0.497301%    0.000000%     0.000000
   9 / Continuous :      0.536509%    0.401994%     0.749278
   9 / Discrete   :      0.000000%    0.000000%     0.010000
  10 / Continuous :      0.507529%    0.313506%     0.617710
  10 / Discrete   :      0.314591%    0.314591%     1.000000
  11 / Continuous :      0.522097%    0.312421%     0.598397
  11 / Discrete   :      0.423225%    0.149082%     0.352252
  12 / Continuous :      0.574167%    0.368675%     0.642105
  12 / Discrete   :      0.541313%    0.083219%     0.153736
  13 / Continuous :      0.505205%    0.435313%     0.861656
  13 / Discrete   :      0.498076%    0.000000%     0.000000
-------------------------------------------------------------------------------------
[33mIntegrand            Visited      ReWeight[0m
dof: [[1, 1], [2, 2], [3, 1], [3, 2], [3, 3], [4, 2], [4, 3], [4, 4], [5, 1], [5, 2], [5, 3], [5, 4], [5, 5]]
dof: [[1, 1], [2, 2], [3, 1], [3, 2], [3, 3], [4, 2], [4, 3], [4, 4], [5, 1], [5, 2], [5, 3], [5, 4], [5, 5]]
dof: [[1, 1], [2, 2], [3, 1], [3, 2], [3, 3], [4, 2], [4, 3], [4, 4], [5, 1], [5, 2], [5, 3], [5, 4], [5, 5]]
dof: [[1, 1], [2, 2], [3, 1], [3, 2], [3, 3], [4, 2], [4, 3], [4, 4], [5, 1], [5, 2], [5, 3], [5, 4], [5, 5]]
dof: [[1, 1], [2, 2], [3, 1], [3, 2], [3, 3], [4, 2], [4, 3], [4, 4], [5, 1], [5, 2], [5, 3], [5, 4], [5, 5]]
dof: [[1, 1], [2, 2], [3, 1], [3, 2], [3, 3], [4, 2], [4, 3], [4, 4], [5, 1], [5, 2], [5, 3], [5, 4], [5, 5]]
  Norm   :           106067     0.001202
dof: [[1, 1], [2, 2], [3, 1], [3, 2], [3, 3], [4, 2], [4, 3], [4, 4], [5, 1], [5, 2], [5, 3], [5, 4], [5, 5]]
dof: [[1, 1], [2, 2], [3, 1], [3, 2], [3, 3], [4, 2], [4, 3], [4, 4], [5, 1], [5, 2], [5, 3], [5, 4], [5, 5]]
dof: [[1, 1], [2, 2], [3, 1], [3, 2], [3, 3], [4, 2], [4, 3], [4, 4], [5, 1], [5, 2], [5, 3], [5, 4], [5, 5]]
dof: [[1, 1], [2, 2], [3, 1], [3, 2], [3, 3], [4, 2], [4, 3], [4, 4], [5, 1], [5, 2], [5, 3], [5, 4], [5, 5]]
dof: [[1, 1], [2, 2], [3, 1], [3, 2], [3, 3], [4, 2], [4, 3], [4, 4], [5, 1], [5, 2], [5, 3], [5, 4], [5, 5]]
dof: [[1, 1], [2, 2], [3, 1], [3, 2], [3, 3], [4, 2], [4, 3], [4, 4], [5, 1], [5, 2], [5, 3], [5, 4], [5, 5]]
dof: [[1, 1], [2, 2], [3, 1], [3, 2], [3, 3], [4, 2], [4, 3], [4, 4], [5, 1], [5, 2], [5, 3], [5, 4], [5, 5]]
dof: [[1, 1], [2, 2], [3, 1], [3, 2], [3, 3], [4, 2], [4, 3], [4, 4], [5, 1], [5, 2], [5, 3], [5, 4], [5, 5]]
  Order 1:            52713     0.001674
  Order 2:            54401     0.011448
  Order 3:            52227     0.014491
  Order 4:            51469     0.006946
  Order 5:            49608     0.022744
  Order 6:            55169     0.020612
  Order 7:            54960     0.030346
  Order 8:            51418     0.033713
  Order 9:            51651     0.173048
  Order10:            48824     0.019777
  Order11:            50873     0.016933
  Order12:            54130     0.044562
  Order13:            47840     0.602503
-------------------------------------------------------------------------------------
[33mIntegrand evaluation = 645283
[0m
dof: [[1, 1], [2, 2], [3, 1], [3, 2], [3, 3], [4, 2], [4, 3], [4, 4], [5, 1], [5, 2], [5, 3], [5, 4], [5, 5]]
dof: [[1, 1], [2, 2], [3, 1], [3, 2], [3, 3], [4, 2], [4, 3], [4, 4], [5, 1], [5, 2], [5, 3], [5, 4], [5, 5]]
dof: [[1, 1], [2, 2], [3, 1], [3, 2], [3, 3], [4, 2], [4, 3], [4, 4], [5, 1], [5, 2], [5, 3], [5, 4], [5, 5]]
================================================     Integral 1    ============================================================
[33m  iter                          integral                                        wgt average                        reduced chi2[0m
-------------------------------------------------------------------------------------------------------------------------------
ignore                0.3601542 ± 0.00048649294                           0.3601542 ± 0.00048649294                      0.0000
     2               0.36002793 ± 0.00077729413                           0.3601542 ± 0.00048649294                      0.0000
     3               0.36098584 ± 0.00092115811                          0.36042633 ± 0.00059405807                      0.6316
     4               0.35952367 ± 0.00068832105                          0.36004099 ± 0.00044972643                      0.8086
     5               0.36003933 ± 0.00082141045                          0.36004061 ± 0.00039447231                      0.5391
     6               0.35948628 ± 0.00082876088                          0.35993822 ± 0.0003561828                       0.4955
     7               0.36163717 ± 0.00084409103                          0.36019501 ± 0.00032816267                      1.0842
     8               0.35998201 ± 0.00090228088                          0.36017013 ± 0.00030839847                      0.9117
     9                0.3592038 ± 0.00079986945                          0.36004507 ± 0.0002877511                       0.9630
    10               0.35922015 ± 0.00076161392                          0.35994202 ± 0.00026917959                      0.9709
-------------------------------------------------------------------------------------------------------------------------------
================================================     Integral 2    ============================================================
[33m  iter                          integral                                        wgt average                        reduced chi2[0m
-------------------------------------------------------------------------------------------------------------------------------
ignore             3.422347e-06 ± 6.6832542e-05                        3.422347e-06 ± 6.6832542e-05                      0.0000
     2            3.0496619e-06 ± 4.7856328e-05                        3.422347e-06 ± 6.6832542e-05                      0.0000
     3           -2.6009096e-05 ± 5.2224067e-05                      -1.0213939e-05 ± 3.5282856e-05                      0.1683
     4            0.00010273431 ± 4.755469e-05                        2.9886875e-05 ± 2.8335515e-05                      1.9033
     5            5.0706845e-05 ± 4.721122e-05                        3.5400539e-05 ± 2.4295523e-05                      1.3165
     6           -2.8012819e-06 ± 4.7127104e-05                       2.7379369e-05 ± 2.1594767e-05                      1.1172
     7           -1.1524592e-05 ± 5.1251419e-05                       2.1513888e-05 ± 1.9900392e-05                      0.9916
     8            -5.487692e-05 ± 4.5389855e-05                       9.1973789e-06 ± 1.822565e-05                       1.2223
     9            2.3649675e-05 ± 5.1727297e-05                       1.0793404e-05 ± 1.718985e-05                       1.0576
    10            1.1961016e-05 ± 4.4944209e-05                       1.0942409e-05 ± 1.6055584e-05                      0.9255
-------------------------------------------------------------------------------------------------------------------------------
================================================     Integral 3    ============================================================
[33m  iter                          integral                                        wgt average                        reduced chi2[0m
-------------------------------------------------------------------------------------------------------------------------------
ignore              0.027993579 ± 0.0001598236                          0.027993579 ± 0.0001598236                       0.0000
     2              0.028164031 ± 0.00011207529                         0.027993579 ± 0.0001598236                       0.0000
     3               0.02829238 ± 0.00012628208                         0.028220583 ± 8.382399e-05                       0.5778
     4              0.028167673 ± 0.00011432844                         0.028202084 ± 6.7600861e-05                      0.3586
     5               0.02815514 ± 0.00012093067                         0.028190908 ± 5.9007179e-05                      0.2773
     6              0.028171248 ± 0.00010903419                         0.028186454 ± 5.1895112e-05                      0.2143
     7              0.028317245 ± 0.00012486686                         0.028205718 ± 4.7921253e-05                      0.3585
     8                0.0280652 ± 0.00011834133                         0.028185922 ± 4.4417691e-05                      0.5007
     9              0.028056927 ± 0.00011669073                         0.028169597 ± 4.1512042e-05                      0.5816
    10              0.028105075 ± 0.00012233135                         0.028162935 ± 3.9310361e-05                      0.5401
-------------------------------------------------------------------------------------------------------------------------------
================================================     Integral 4    ============================================================
[33m  iter                          integral                                        wgt average                        reduced chi2[0m
-------------------------------------------------------------------------------------------------------------------------------
ignore              0.014396565 ± 0.00014589185                         0.014396565 ± 0.00014589185                      0.0000
     2              0.014516108 ± 0.00014091494                         0.014396565 ± 0.00014589185                      0.0000
     3              0.014677553 ± 0.00015731962                         0.014587977 ± 0.00010496421                      0.5843
     4              0.014431369 ± 0.00014367493                         0.014533478 ± 8.4755342e-05                      0.6795
     5              0.014400026 ± 0.00013902936                          0.01449732 ± 7.2368117e-05                      0.6769
     6              0.014582369 ± 0.00012567507                         0.014518499 ± 6.2713746e-05                      0.5937
     7              0.014747836 ± 0.00013525775                         0.014559078 ± 5.6895505e-05                      0.9482
     8              0.014421102 ± 0.00013844451                         0.014539142 ± 5.2624883e-05                      0.9318
     9              0.014350484 ± 0.00012475569                         0.014510644 ± 4.8487582e-05                      1.0760
    10              0.014306207 ± 0.0001344294                          0.014487109 ± 4.5611294e-05                      1.1973
-------------------------------------------------------------------------------------------------------------------------------
================================================     Integral 5    ============================================================
[33m  iter                          integral                                        wgt average                        reduced chi2[0m
-------------------------------------------------------------------------------------------------------------------------------
ignore            -0.0061088247 ± 8.417072e-05                        -0.0061088247 ± 8.417072e-05                       0.0000
     2            -0.0061872853 ± 5.802708e-05                        -0.0061088247 ± 8.417072e-05                       0.0000
     3            -0.0062952131 ± 6.3629205e-05                       -0.0062362898 ± 4.2875422e-05                      1.5707
     4            -0.0062084436 ± 5.9416814e-05                       -0.0062267549 ± 3.476843e-05                       0.8576
     5            -0.0061440412 ± 5.5933613e-05                       -0.0062037025 ± 2.9528596e-05                      1.0975
     6              -0.00626502 ± 5.4926971e-05                       -0.0062174506 ± 2.6008462e-05                      1.0648
     7            -0.0064359589 ± 6.1282771e-05                       -0.0062508005 ± 2.3941558e-05                      3.0064
     8            -0.0063592361 ± 6.3152475e-05                       -0.0062644267 ± 2.238681e-05                       2.9350
     9            -0.0063022376 ± 5.5517591e-05                       -0.0062697149 ± 2.0762372e-05                      2.5727
    10            -0.0062154437 ± 6.3736015e-05                       -0.0062645083 ± 1.9741336e-05                      2.3331
-------------------------------------------------------------------------------------------------------------------------------
================================================     Integral 6    ============================================================
[33m  iter                          integral                                        wgt average                        reduced chi2[0m
-------------------------------------------------------------------------------------------------------------------------------
ignore           -4.1394714e-05 ± 6.2207611e-05                      -4.1394714e-05 ± 6.2207611e-05                      0.0000
     2            2.5582472e-06 ± 3.5440317e-05                      -4.1394714e-05 ± 6.2207611e-05                      0.0000
     3           -4.6039626e-06 ± 3.279807e-05                       -1.2997684e-06 ± 2.4071773e-05                      0.0220
     4            1.6813526e-05 ± 3.660628e-05                        4.1682583e-06 ± 2.0112839e-05                      0.0965
     5             4.877747e-06 ± 3.2291463e-05                       4.3665672e-06 ± 1.707212e-05                       0.0644
     6            2.7628918e-06 ± 3.5330575e-05                       4.0630025e-06 ± 1.5371611e-05                      0.0487
     7            7.7498832e-06 ± 3.3420263e-05                       4.7067767e-06 ± 1.396524e-05                       0.0410
     8            1.8412447e-06 ± 3.7347271e-05                       4.3552609e-06 ± 1.3080665e-05                      0.0350
     9            4.9637884e-06 ± 3.2759823e-05                       4.4389385e-06 ± 1.214807e-05                       0.0301
    10             3.260871e-05 ± 3.6860779e-05                       7.1987945e-06 ± 1.1537647e-05                      0.0922
-------------------------------------------------------------------------------------------------------------------------------
================================================     Integral 7    ============================================================
[33m  iter                          integral                                        wgt average                        reduced chi2[0m
-------------------------------------------------------------------------------------------------------------------------------
ignore           -5.0287396e-05 ± 6.4565904e-05                      -5.0287396e-05 ± 6.4565904e-05                      0.0000
     2            5.0758582e-05 ± 2.5976235e-05                      -5.0287396e-05 ± 6.4565904e-05                      0.0000
     3           -1.8892761e-06 ± 2.9317751e-05                       2.7604671e-05 ± 1.9442583e-05                      1.8065
     4           -4.7058606e-06 ± 2.7702409e-05                       1.6941692e-05 ± 1.5914255e-05                      1.3590
     5           -5.1649366e-05 ± 2.650768e-05                        -1.230859e-06 ± 1.3644184e-05                      2.5465
     6           -9.4080867e-06 ± 2.6745331e-05                      -2.9195268e-06 ± 1.2153984e-05                      1.9284
     7           -1.5268257e-06 ± 2.8998698e-05                       -2.711436e-06 ± 1.1209274e-05                      1.5431
     8            4.3059452e-06 ± 2.7193936e-05                      -1.6923007e-06 ± 1.0363395e-05                      1.2954
     9            2.3726922e-05 ± 2.7448038e-05                       1.4791942e-06 ± 9.695356e-06                       1.2176
    10           -3.7341741e-05 ± 2.6626772e-05                       -3.065276e-06 ± 9.1102182e-06                      1.3000
-------------------------------------------------------------------------------------------------------------------------------
================================================     Integral 8    ============================================================
[33m  iter                          integral                                        wgt average                        reduced chi2[0m
-------------------------------------------------------------------------------------------------------------------------------
ignore           -3.2299687e-05 ± 4.7561765e-05                      -3.2299687e-05 ± 4.7561765e-05                      0.0000
     2            2.0903853e-06 ± 1.8735398e-05                      -3.2299687e-05 ± 4.7561765e-05                      0.0000
     3           -4.2464626e-06 ± 1.9015434e-05                      -1.0310346e-06 ± 1.3345904e-05                      0.0564
     4           -3.5208381e-06 ± 1.682445e-05                       -1.9926289e-06 ± 1.045579e-05                       0.0349
     5            1.0582625e-06 ± 1.8251196e-05                      -1.2387656e-06 ± 9.072493e-06                       0.0303
     6            8.7840676e-06 ± 1.7632284e-05                       8.5929493e-07 ± 8.0672367e-06                      0.0866
     7            2.2837374e-06 ± 1.8559254e-05                       1.0856597e-06 ± 7.3985196e-06                      0.0703
     8            -2.065011e-06 ± 1.6631941e-05                       5.6519797e-07 ± 6.7598716e-06                      0.0635
     9            3.1986843e-05 ± 1.9332955e-05                       3.9882403e-06 ± 6.3810503e-06                      0.3907
    10            1.6194422e-05 ± 1.8686168e-05                       5.2629671e-06 ± 6.0386692e-06                      0.3896
-------------------------------------------------------------------------------------------------------------------------------
================================================     Integral 9    ============================================================
[33m  iter                          integral                                        wgt average                        reduced chi2[0m
-------------------------------------------------------------------------------------------------------------------------------
ignore            -0.0027782419 ± 3.6722662e-05                       -0.0027782419 ± 3.6722662e-05                      0.0000
     2            -0.0027463117 ± 1.3164194e-05                       -0.0027782419 ± 3.6722662e-05                      0.0000
     3            -0.0027651543 ± 1.4056245e-05                       -0.0027551161 ± 9.6084555e-06                      0.9573
     4            -0.0027372147 ± 1.3683891e-05                       -0.0027492046 ± 7.8635373e-06                      1.0518
     5             -0.002738167 ± 1.3179852e-05                        -0.002746307 ± 6.7529508e-06                      0.8736
     6            -0.0027515947 ± 1.4213871e-05                       -0.0027472807 ± 6.0995699e-06                      0.6834
     7            -0.0027581935 ± 1.578511e-05                        -0.0027486985 ± 5.6895779e-06                      0.6299
     8            -0.0027482983 ± 1.4783562e-05                       -0.0027486468 ± 5.3099147e-06                      0.5250
     9            -0.0027373627 ± 1.2632425e-05                       -0.0027469525 ± 4.8950576e-06                      0.5469
    10            -0.0027266952 ± 1.3391267e-05                       -0.0027445648 ± 4.5975281e-06                      0.7309
-------------------------------------------------------------------------------------------------------------------------------
================================================     Integral 10    ============================================================
[33m  iter                          integral                                        wgt average                        reduced chi2[0m
-------------------------------------------------------------------------------------------------------------------------------
ignore             -0.016893625 ± 0.00015774833                        -0.016893625 ± 0.00015774833                      0.0000
     2             -0.017337929 ± 8.9606006e-05                        -0.016893625 ± 0.00015774833                      0.0000
     3             -0.017447402 ± 0.0001013003                         -0.017385985 ± 6.7116568e-05                      0.6552
     4             -0.017268812 ± 8.3362446e-05                        -0.017339903 ± 5.2278499e-05                      0.9269
     5             -0.017246606 ± 9.2969115e-05                        -0.017317489 ± 4.5568155e-05                      0.8730
     6             -0.017374577 ± 9.656615e-05                         -0.017327886 ± 4.1210308e-05                      0.7262
     7             -0.017461372 ± 0.00010014998                        -0.017347215 ± 3.8110014e-05                      0.8848
     8             -0.017399228 ± 9.4284183e-05                         -0.01735452 ± 3.5332817e-05                      0.7809
     9             -0.017430354 ± 9.4828439e-05                        -0.017363764 ± 3.3109232e-05                      0.7496
    10             -0.017285923 ± 9.4139197e-05                        -0.017355195 ± 3.1233788e-05                      0.7320
-------------------------------------------------------------------------------------------------------------------------------
================================================     Integral 11    ============================================================
[33m  iter                          integral                                        wgt average                        reduced chi2[0m
-------------------------------------------------------------------------------------------------------------------------------
ignore            -0.0070554515 ± 0.00011456569                       -0.0070554515 ± 0.00011456569                      0.0000
     2            -0.0070973435 ± 6.8784984e-05                       -0.0070554515 ± 0.00011456569                      0.0000
     3            -0.0072147899 ± 6.6678806e-05                       -0.0071578923 ± 4.7876389e-05                      1.5030
     4            -0.0070565416 ± 6.6391921e-05                       -0.0071232193 ± 3.8832762e-05                      1.5181
     5            -0.0071400868 ± 7.1212144e-05                       -0.0071270855 ± 3.4093179e-05                      1.0265
     6            -0.0071722591 ± 6.7570415e-05                       -0.0071362521 ± 3.0438181e-05                      0.8589
     7            -0.0072752606 ± 7.4399563e-05                       -0.0071561829 ± 2.8171706e-05                      1.2852
     8            -0.0072182894 ± 7.6372436e-05                       -0.0071636214 ± 2.6430856e-05                      1.1680
     9            -0.0072340972 ± 7.1282444e-05                       -0.0071721397 ± 2.4782114e-05                      1.1239
    10            -0.0072004344 ± 6.2706705e-05                        -0.007175962 ± 2.3047517e-05                      1.0054
-------------------------------------------------------------------------------------------------------------------------------
================================================     Integral 12    ============================================================
[33m  iter                          integral                                        wgt average                        reduced chi2[0m
-------------------------------------------------------------------------------------------------------------------------------
ignore           -0.00080329059 ± 5.5215979e-05                      -0.00080329059 ± 5.5215979e-05                      0.0000
     2           -0.00079556634 ± 2.3656276e-05                      -0.00080329059 ± 5.5215979e-05                      0.0000
     3           -0.00078879499 ± 2.335838e-05                       -0.00079213776 ± 1.6621261e-05                      0.0415
     4           -0.00077389532 ± 2.3041294e-05                      -0.00078589402 ± 1.3479992e-05                      0.2269
     5           -0.00077251493 ± 2.018711e-05                       -0.00078176812 ± 1.1210428e-05                      0.2525
     6           -0.00078221265 ± 2.2095113e-05                      -0.00078185913 ± 9.9972698e-06                      0.1895
     7           -0.00078638009 ± 1.9263929e-05                      -0.00078281837 ± 8.8735184e-06                      0.1603
     8           -0.00077213616 ± 2.3579243e-05                      -0.00078149321 ± 8.3049082e-06                      0.1635
     9           -0.00078667667 ± 2.2652652e-05                      -0.00078210737 ± 7.7974041e-06                      0.1467
    10           -0.00076803881 ± 2.1636895e-05                       -0.0007804903 ± 7.3356053e-06                      0.1752
-------------------------------------------------------------------------------------------------------------------------------
================================================     Integral 13    ============================================================
[33m  iter                          integral                                        wgt average                        reduced chi2[0m
-------------------------------------------------------------------------------------------------------------------------------
ignore            6.5865837e-05 ± 1.1099143e-05                       6.5865837e-05 ± 1.1099143e-05                      0.0000
     2            7.5354393e-05 ± 1.9380843e-06                       6.5865837e-05 ± 1.1099143e-05                      0.0000
     3            7.4760901e-05 ± 1.7266687e-06                       7.5023525e-05 ± 1.2893013e-06                      0.0523
     4            7.3221682e-05 ± 1.7760374e-06                       7.4401722e-05 ± 1.0433845e-06                      0.3631
     5            7.1885183e-05 ± 1.6701111e-06                       7.3695313e-05 ± 8.8490673e-07                      0.7864
     6            7.5319199e-05 ± 1.6350465e-06                       7.4063172e-05 ± 7.7825031e-07                      0.7805
     7            7.4418404e-05 ± 1.9715843e-06                       7.4111056e-05 ± 7.2389937e-07                      0.6300
     8            7.3173112e-05 ± 1.804956e-06                        7.3981104e-05 ± 6.718825e-07                       0.5638
     9            7.4516059e-05 ± 2.059271e-06                        7.4032569e-05 ± 6.3874688e-07                      0.4920
    10            7.3119976e-05 ± 1.6222937e-06                       7.3910096e-05 ± 5.9434266e-07                      0.4647
-------------------------------------------------------------------------------------------------------------------------------
nothing
[32mIntegral 1 = 0.3599420222003496 ± 0.0002691795881806031   (reduced chi2 = 0.971)[0m
[32mIntegral 2 = 1.0942409482913365e-5 ± 1.605558418051295e-5   (reduced chi2 = 0.925)[0m
[32mIntegral 3 = 0.028162934718681486 ± 3.9310361309683996e-5   (reduced chi2 = 0.54)[0m
[32mIntegral 4 = 0.014487109187639714 ± 4.56112943730634e-5   (reduced chi2 = 1.2)[0m
[32mIntegral 5 = -0.0062645083029051205 ± 1.974133616243177e-5   (reduced chi2 = 2.33)[0m
[32mIntegral 6 = 7.198794528611363e-6 ± 1.1537646724194461e-5   (reduced chi2 = 0.0922)[0m
[32mIntegral 7 = -3.065276010890112e-6 ± 9.110218175968503e-6   (reduced chi2 = 1.3)[0m
[32mIntegral 8 = 5.262967129817477e-6 ± 6.0386691574793335e-6   (reduced chi2 = 0.39)[0m
[32mIntegral 9 = -0.002744564791261361 ± 4.597528112519008e-6   (reduced chi2 = 0.731)[0m
[32mIntegral 10 = -0.017355195328859766 ± 3.123378806964047e-5   (reduced chi2 = 0.732)[0m
[32mIntegral 11 = -0.007175961970095871 ± 2.304751691938278e-5   (reduced chi2 = 1.01)[0m
[32mIntegral 12 = -0.0007804903037106974 ± 7.335605319170483e-6   (reduced chi2 = 0.175)[0m
[32mIntegral 13 = 7.391009616407855e-5 ± 5.943426574260971e-7   (reduced chi2 = 0.465)[0m
[32mIntegral 1 = 0.3599420222003496 ± 0.0002691795881806031   (reduced chi2 = 0.971)[0m
[32mIntegral 2 = 1.0942409482913365e-5 ± 1.605558418051295e-5   (reduced chi2 = 0.925)[0m
[32mIntegral 3 = 0.028162934718681486 ± 3.9310361309683996e-5   (reduced chi2 = 0.54)[0m
[32mIntegral 4 = 0.014487109187639714 ± 4.56112943730634e-5   (reduced chi2 = 1.2)[0m
[32mIntegral 5 = -0.0062645083029051205 ± 1.974133616243177e-5   (reduced chi2 = 2.33)[0m
[32mIntegral 6 = 7.198794528611363e-6 ± 1.1537646724194461e-5   (reduced chi2 = 0.0922)[0m
[32mIntegral 7 = -3.065276010890112e-6 ± 9.110218175968503e-6   (reduced chi2 = 1.3)[0m
[32mIntegral 8 = 5.262967129817477e-6 ± 6.0386691574793335e-6   (reduced chi2 = 0.39)[0m
[32mIntegral 9 = -0.002744564791261361 ± 4.597528112519008e-6   (reduced chi2 = 0.731)[0m
[32mIntegral 10 = -0.017355195328859766 ± 3.123378806964047e-5   (reduced chi2 = 0.732)[0m
[32mIntegral 11 = -0.007175961970095871 ± 2.304751691938278e-5   (reduced chi2 = 1.01)[0m
[32mIntegral 12 = -0.0007804903037106974 ± 7.335605319170483e-6   (reduced chi2 = 0.175)[0m
[32mIntegral 13 = 7.391009616407855e-5 ± 5.943426574260971e-7   (reduced chi2 = 0.465)[0m
Group (2, 2, 0)
 real(avg)          err    imag(avg)          err 
 -0.359942 ±   0.000269      0.000000 ±   0.000000
Group (3, 3, 0)
 real(avg)          err    imag(avg)          err 
 -0.000011 ±   0.000016      0.000000 ±   0.000000
Group (4, 2, 0)
 real(avg)          err    imag(avg)          err 
 -0.028163 ±   0.000039      0.000000 ±   0.000000
Group (4, 3, 0)
 real(avg)          err    imag(avg)          err 
 -0.014487 ±   0.000046      0.000000 ±   0.000000
Group (4, 4, 0)
 real(avg)          err    imag(avg)          err 
  0.006265 ±   0.000020      0.000000 ±   0.000000
Group (5, 3, 0)
 real(avg)          err    imag(avg)          err 
 -0.000007 ±   0.000012      0.000000 ±   0.000000
Group (5, 4, 0)
 real(avg)          err    imag(avg)          err 
  0.000003 ±   0.000009      0.000000 ±   0.000000
Group (5, 5, 0)
 real(avg)          err    imag(avg)          err 
 -0.000005 ±   0.000006      0.000000 ±   0.000000
Group (6, 2, 0)
 real(avg)          err    imag(avg)          err 
  0.002745 ±   0.000005      0.000000 ±   0.000000
Group (6, 3, 0)
 real(avg)          err    imag(avg)          err 
  0.017355 ±   0.000031      0.000000 ±   0.000000
Group (6, 4, 0)
 real(avg)          err    imag(avg)          err 
  0.007176 ±   0.000023      0.000000 ±   0.000000
Group (6, 5, 0)
 real(avg)          err    imag(avg)          err 
  0.000780 ±   0.000007      0.000000 ±   0.000000
Group (6, 6, 0)
 real(avg)          err    imag(avg)          err 
 -0.000074 ±   0.000001      0.000000 ±   0.000000
Lx_3_Ly_2_U_10.0_beta_1.0_dmu_0.0_mu_5.0_order_6
U=10.0, μ=5.0, β=1.0
Model Hilbert space: 4
The lowest eigen energy per site:
[0.0, -5.0, -5.0, 0.0]
partition: [(2, 2, 0), (3, 3, 0), (4, 2, 0), (4, 3, 0), (4, 4, 0), (5, 3, 0), (5, 4, 0), (5, 5, 0), (6, 2, 0), (6, 3, 0), (6, 4, 0), (6, 5, 0), (6, 6, 0)]
neighbor: [(1, 14), (2, 1), (3, 1), (3, 2), (4, 2), (4, 3), (5, 2), (5, 4), (6, 2), (6, 3), (6, 4), (6, 5), (7, 4), (7, 5), (7, 6), (8, 5), (8, 7), (9, 3), (9, 6), (10, 4), (10, 6), (10, 7), (10, 9), (11, 5), (11, 6), (11, 7), (11, 8), (11, 10), (12, 7), (12, 8), (12, 11), (13, 8), (13, 12)]
dof: [[1, 1], [2, 2], [3, 1], [3, 2], [3, 3], [4, 2], [4, 3], [4, 4], [5, 1], [5, 2], [5, 3], [5, 4], [5, 5]]
Total iterations * blocks 10:  20%|█▍     |  ETA: 0:24:34 ( 3.07  m/it)Total iterations * blocks 10:  30%|██▏    |  ETA: 0:27:30 ( 3.93  m/it)Total iterations * blocks 10:  40%|██▊    |  ETA: 0:27:02 ( 4.50  m/it)Total iterations * blocks 10:  50%|███▌   |  ETA: 0:23:40 ( 4.73  m/it)Total iterations * blocks 10:  60%|████▎  |  ETA: 0:19:41 ( 4.92  m/it)Total iterations * blocks 10:  70%|████▉  |  ETA: 0:15:15 ( 5.08  m/it)Total iterations * blocks 10:  80%|█████▋ |  ETA: 0:10:22 ( 5.19  m/it)Total iterations * blocks 10:  90%|██████▎|  ETA: 0:05:16 ( 5.27  m/it)Total iterations * blocks 10: 100%|███████| Time: 0:53:21 ( 5.34  m/it)
Lx_3_Ly_2_U_20.0_beta_1.0_dmu_0.0_mu_10.0_order_6
Lx_3_Ly_2_U_20.0_beta_1.0_dmu_0.0_mu_10.0_order_6
Lx_3_Ly_2_U_20.0_beta_1.0_dmu_0.0_mu_10.0_order_6
Lx_3_Ly_2_U_20.0_beta_1.0_dmu_0.0_mu_10.0_order_6
Lx_3_Ly_2_U_20.0_beta_1.0_dmu_0.0_mu_10.0_order_6
Lx_3_Ly_2_U_20.0_beta_1.0_dmu_0.0_mu_10.0_order_6
U=20.0, μ=10.0, β=1.0Lx_3_Ly_2_U_20.0_beta_1.0_dmu_0.0_mu_10.0_order_6
Lx_3_Ly_2_U_20.0_beta_1.0_dmu_0.0_mu_10.0_order_6
Lx_3_Ly_2_U_20.0_beta_1.0_dmu_0.0_mu_10.0_order_6
Lx_3_Ly_2_U_20.0_beta_1.0_dmu_0.0_mu_10.0_order_6
Lx_3_Ly_2_U_20.0_beta_1.0_dmu_0.0_mu_10.0_order_6
Lx_3_Ly_2_U_20.0_beta_1.0_dmu_0.0_mu_10.0_order_6
Lx_3_Ly_2_U_20.0_beta_1.0_dmu_0.0_mu_10.0_order_6
Lx_3_Ly_2_U_20.0_beta_1.0_dmu_0.0_mu_10.0_order_6
U=20.0, μ=10.0, β=1.0Lx_3_Ly_2_U_20.0_beta_1.0_dmu_0.0_mu_10.0_order_6
Lx_3_Ly_2_U_20.0_beta_1.0_dmu_0.0_mu_10.0_order_6
U=20.0, μ=10.0, β=1.0
Model Hilbert space: 4
Lx_3_Ly_2_U_20.0_beta_1.0_dmu_0.0_mu_10.0_order_6Lx_3_Ly_2_U_20.0_beta_1.0_dmu_0.0_mu_10.0_order_6
U=20.0, μ=10.0, β=1.0
Model Hilbert space: 4Lx_3_Ly_2_U_20.0_beta_1.0_dmu_0.0_mu_10.0_order_6
Lx_3_Ly_2_U_20.0_beta_1.0_dmu_0.0_mu_10.0_order_6
U=20.0, μ=10.0, β=1.0
Model Hilbert space: 4
The lowest eigen energy per site:
[0.0, -10.0, -10.0, 0.0]
Lx_3_Ly_2_U_20.0_beta_1.0_dmu_0.0_mu_10.0_order_6
Lx_3_Ly_2_U_20.0_beta_1.0_dmu_0.0_mu_10.0_order_6
Lx_3_Ly_2_U_20.0_beta_1.0_dmu_0.0_mu_10.0_order_6
Lx_3_Ly_2_U_20.0_beta_1.0_dmu_0.0_mu_10.0_order_6
U=20.0, μ=10.0, β=1.0
Model Hilbert space: 4
The lowest eigen energy per site:
[0.0, -10.0, -10.0, 0.0]
Lx_3_Ly_2_U_20.0_beta_1.0_dmu_0.0_mu_10.0_order_6
Lx_3_Ly_2_U_20.0_beta_1.0_dmu_0.0_mu_10.0_order_6
U=20.0, μ=10.0, β=1.0
Model Hilbert space: 4
The lowest eigen energy per site:
[0.0, -10.0, -10.0, 0.0]
Lx_3_Ly_2_U_20.0_beta_1.0_dmu_0.0_mu_10.0_order_6
Lx_3_Ly_2_U_20.0_beta_1.0_dmu_0.0_mu_10.0_order_6
U=20.0, μ=10.0, β=1.0
Model Hilbert space: 4
The lowest eigen energy per site:
[0.0, -10.0, -10.0, 0.0]
Lx_3_Ly_2_U_20.0_beta_1.0_dmu_0.0_mu_10.0_order_6
Lx_3_Ly_2_U_20.0_beta_1.0_dmu_0.0_mu_10.0_order_6
U=20.0, μ=10.0, β=1.0
Model Hilbert space: 4
The lowest eigen energy per site:
[0.0, -10.0, -10.0, 0.0]
Lx_3_Ly_2_U_20.0_beta_1.0_dmu_0.0_mu_10.0_order_6
Lx_3_Ly_2_U_20.0_beta_1.0_dmu_0.0_mu_10.0_order_6
U=20.0, μ=10.0, β=1.0
Model Hilbert space: 4
The lowest eigen energy per site:
[0.0, -10.0, -10.0, 0.0]
Lx_3_Ly_2_U_20.0_beta_1.0_dmu_0.0_mu_10.0_order_6
================================================     Integral 1    ============================================================
[33m  iter                          integral                                        wgt average                        reduced chi2[0m
-------------------------------------------------------------------------------------------------------------------------------
ignore               0.15784828 ± 0.0002583252                           0.15784828 ± 0.0002583252                       0.0000Lx_3_Ly_2_U_20.0_beta_1.0_dmu_0.0_mu_10.0_order_6
Lx_3_Ly_2_U_20.0_beta_1.0_dmu_0.0_mu_10.0_order_6
U=20.0, μ=10.0, β=1.0
Model Hilbert space: 4
Lx_3_Ly_2_U_20.0_beta_1.0_dmu_0.0_mu_10.0_order_6
Lx_3_Ly_2_U_20.0_beta_1.0_dmu_0.0_mu_10.0_order_6
U=20.0, μ=10.0, β=1.0
Model Hilbert space: 4
The lowest eigen energy per site:
[0.0, -10.0, -10.0, 0.0]
Lx_3_Ly_2_U_20.0_beta_1.0_dmu_0.0_mu_10.0_order_6
Lx_3_Ly_2_U_20.0_beta_1.0_dmu_0.0_mu_10.0_order_6
Lx_3_Ly_2_U_20.0_beta_1.0_dmu_0.0_mu_10.0_order_6
Lx_3_Ly_2_U_20.0_beta_1.0_dmu_0.0_mu_10.0_order_6
U=20.0, μ=10.0, β=1.0
Model Hilbert space: 4
The lowest eigen energy per site:
[0.0, -10.0, -10.0, 0.0]
Lx_3_Ly_2_U_20.0_beta_1.0_dmu_0.0_mu_10.0_order_6
U=20.0, μ=10.0, β=1.0
Model Hilbert space: 4
The lowest eigen energy per site:
[0.0, -10.0, -10.0, 0.0]
Lx_3_Ly_2_U_20.0_beta_1.0_dmu_0.0_mu_10.0_order_6
U=20.0, μ=10.0, β=1.0
Model Hilbert space: 4
The lowest eigen energy per site:
[0.0, -10.0, -10.0, 0.0]
Lx_3_Ly_2_U_20.0_beta_1.0_dmu_0.0_mu_10.0_order_6
Lx_3_Ly_2_U_20.0_beta_1.0_dmu_0.0_mu_10.0_order_6
U=20.0, μ=10.0, β=1.0
Model Hilbert space: 4
The lowest eigen energy per site:
[0.0, -10.0, -10.0, 0.0]
Lx_3_Ly_2_U_20.0_beta_1.0_dmu_0.0_mu_10.0_order_6
Lx_3_Ly_2_U_20.0_beta_1.0_dmu_0.0_mu_10.0_order_6
U=20.0, μ=10.0, β=1.0
Model Hilbert space: 4
The lowest eigen energy per site:
[0.0, -10.0, -10.0, 0.0]
Lx_3_Ly_2_U_20.0_beta_1.0_dmu_0.0_mu_10.0_order_6
Lx_3_Ly_2_U_20.0_beta_1.0_dmu_0.0_mu_10.0_order_6
U=20.0, μ=10.0, β=1.0
Model Hilbert space: 4
The lowest eigen energy per site:
[0.0, -10.0, -10.0, 0.0]
Lx_3_Ly_2_U_20.0_beta_1.0_dmu_0.0_mu_10.0_order_6
Lx_3_Ly_2_U_20.0_beta_1.0_dmu_0.0_mu_10.0_order_6
U=20.0, μ=10.0, β=1.0
Model Hilbert space: 4
The lowest eigen energy per site:
[0.0, -10.0, -10.0, 0.0]
U=20.0, μ=10.0, β=1.0
Model Hilbert space: 4
The lowest eigen energy per site:
[0.0, -10.0, -10.0, 0.0]
Lx_3_Ly_2_U_20.0_beta_1.0_dmu_0.0_mu_10.0_order_6
U=20.0, μ=10.0, β=1.0
Model Hilbert space: 4
The lowest eigen energy per site:
[0.0, -10.0, -10.0, 0.0]
Lx_3_Ly_2_U_20.0_beta_1.0_dmu_0.0_mu_10.0_order_6
Lx_3_Ly_2_U_20.0_beta_1.0_dmu_0.0_mu_10.0_order_6
Lx_3_Ly_2_U_20.0_beta_1.0_dmu_0.0_mu_10.0_order_6
U=20.0, μ=10.0, β=1.0
Model Hilbert space: 4
Lx_3_Ly_2_U_20.0_beta_1.0_dmu_0.0_mu_10.0_order_6
U=20.0, μ=10.0, β=1.0
Model Hilbert space: 4
Lx_3_Ly_2_U_20.0_beta_1.0_dmu_0.0_mu_10.0_order_6
Lx_3_Ly_2_U_20.0_beta_1.0_dmu_0.0_mu_10.0_order_6
U=20.0, μ=10.0, β=1.0
Model Hilbert space: 4
The lowest eigen energy per site:
[0.0, -10.0, -10.0, 0.0]
Lx_3_Ly_2_U_20.0_beta_1.0_dmu_0.0_mu_10.0_order_6
Lx_3_Ly_2_U_20.0_beta_1.0_dmu_0.0_mu_10.0_order_6
U=20.0, μ=10.0, β=1.0
Model Hilbert space: 4
The lowest eigen energy per site:
[0.0, -10.0, -10.0, 0.0]
Lx_3_Ly_2_U_20.0_beta_1.0_dmu_0.0_mu_10.0_order_6
Lx_3_Ly_2_U_20.0_beta_1.0_dmu_0.0_mu_10.0_order_6
U=20.0, μ=10.0, β=1.0
Model Hilbert space: 4
The lowest eigen energy per site:
[0.0, -10.0, -10.0, 0.0]
Lx_3_Ly_2_U_20.0_beta_1.0_dmu_0.0_mu_10.0_order_6
Lx_3_Ly_2_U_20.0_beta_1.0_dmu_0.0_mu_10.0_order_6
U=20.0, μ=10.0, β=1.0
Model Hilbert space: 4
The lowest eigen energy per site:
[0.0, -10.0, -10.0, 0.0]
Lx_3_Ly_2_U_20.0_beta_1.0_dmu_0.0_mu_10.0_order_6
Lx_3_Ly_2_U_20.0_beta_1.0_dmu_0.0_mu_10.0_order_6
U=20.0, μ=10.0, β=1.0
Model Hilbert space: 4
The lowest eigen energy per site:
[0.0, -10.0, -10.0, 0.0]
Lx_3_Ly_2_U_20.0_beta_1.0_dmu_0.0_mu_10.0_order_6
Lx_3_Ly_2_U_20.0_beta_1.0_dmu_0.0_mu_10.0_order_6
U=20.0, μ=10.0, β=1.0
Model Hilbert space: 4
The lowest eigen energy per site:
[0.0, -10.0, -10.0, 0.0]
Lx_3_Ly_2_U_20.0_beta_1.0_dmu_0.0_mu_10.0_order_6
Lx_3_Ly_2_U_20.0_beta_1.0_dmu_0.0_mu_10.0_order_6
U=20.0, μ=10.0, β=1.0
Model Hilbert space: 4
The lowest eigen energy per site:
[0.0, -10.0, -10.0, 0.0]
Lx_3_Ly_2_U_20.0_beta_1.0_dmu_0.0_mu_10.0_order_6
U=20.0, μ=10.0, β=1.0
Model Hilbert space: 4
Lx_3_Ly_2_U_20.0_beta_1.0_dmu_0.0_mu_10.0_order_6
U=20.0, μ=10.0, β=1.0
Model Hilbert space: 4
The lowest eigen energy per site:
[0.0, -10.0, -10.0, 0.0]
Lx_3_Ly_2_U_20.0_beta_1.0_dmu_0.0_mu_10.0_order_6
U=20.0, μ=10.0, β=1.0
Model Hilbert space: 4
Lx_3_Ly_2_U_20.0_beta_1.0_dmu_0.0_mu_10.0_order_6
U=20.0, μ=10.0, β=1.0
Model Hilbert space: 4
The lowest eigen energy per site:
[0.0, -10.0, -10.0, 0.0]
Lx_3_Ly_2_U_20.0_beta_1.0_dmu_0.0_mu_10.0_order_6
U=20.0, μ=10.0, β=1.0
Model Hilbert space: 4
The lowest eigen energy per site:
[0.0, -10.0, -10.0, 0.0]Lx_3_Ly_2_U_20.0_beta_1.0_dmu_0.0_mu_10.0_order_6
Lx_3_Ly_2_U_20.0_beta_1.0_dmu_0.0_mu_10.0_order_6
U=20.0, μ=10.0, β=1.0
Model Hilbert space: 4
The lowest eigen energy per site:
[0.0, -10.0, -10.0, 0.0]Lx_3_Ly_2_U_20.0_beta_1.0_dmu_0.0_mu_10.0_order_6
U=20.0, μ=10.0, β=1.0
Model Hilbert space: 4
The lowest eigen energy per site:
[0.0, -10.0, -10.0, 0.0]
Lx_3_Ly_2_U_20.0_beta_1.0_dmu_0.0_mu_10.0_order_6
U=20.0, μ=10.0, β=1.0
Model Hilbert space: 4
The lowest eigen energy per site:
[0.0, -10.0, -10.0, 0.0]
Lx_3_Ly_2_U_20.0_beta_1.0_dmu_0.0_mu_10.0_order_6
U=20.0, μ=10.0, β=1.0
Model Hilbert space: 4
The lowest eigen energy per site:
[0.0, -10.0, -10.0, 0.0]
Lx_3_Ly_2_U_20.0_beta_1.0_dmu_0.0_mu_10.0_order_6
Lx_3_Ly_2_U_20.0_beta_1.0_dmu_0.0_mu_10.0_order_6
U=20.0, μ=10.0, β=1.0
Model Hilbert space: 4
The lowest eigen energy per site:
[0.0, -10.0, -10.0, 0.0]
Lx_3_Ly_2_U_20.0_beta_1.0_dmu_0.0_mu_10.0_order_6
U=20.0, μ=10.0, β=1.0
Model Hilbert space: 4
The lowest eigen energy per site:
[0.0, -10.0, -10.0, 0.0]
U=20.0, μ=10.0, β=1.0
Model Hilbert space: 4
The lowest eigen energy per site:
[0.0, -10.0, -10.0, 0.0]
Lx_3_Ly_2_U_20.0_beta_1.0_dmu_0.0_mu_10.0_order_6
U=20.0, μ=10.0, β=1.0
Model Hilbert space: 4
The lowest eigen energy per site:
[0.0, -10.0, -10.0, 0.0]
U=20.0, μ=10.0, β=1.0
Model Hilbert space: 4
The lowest eigen energy per site:
[0.0, -10.0, -10.0, 0.0]
Lx_3_Ly_2_U_20.0_beta_1.0_dmu_0.0_mu_10.0_order_6
U=20.0, μ=10.0, β=1.0
Model Hilbert space: 4
The lowest eigen energy per site:
[0.0, -10.0, -10.0, 0.0]
Lx_3_Ly_2_U_20.0_beta_1.0_dmu_0.0_mu_10.0_order_6
U=20.0, μ=10.0, β=1.0
Model Hilbert space: 4
The lowest eigen energy per site:
[0.0, -10.0, -10.0, 0.0]

U=20.0, μ=10.0, β=1.0
Model Hilbert space: 4
The lowest eigen energy per site:
[0.0, -10.0, -10.0, 0.0]
Lx_3_Ly_2_U_20.0_beta_1.0_dmu_0.0_mu_10.0_order_6

Model Hilbert space: 4
The lowest eigen energy per site:
[0.0, -10.0, -10.0, 0.0]
Lx_3_Ly_2_U_20.0_beta_1.0_dmu_0.0_mu_10.0_order_6
Lx_3_Ly_2_U_20.0_beta_1.0_dmu_0.0_mu_10.0_order_6
U=20.0, μ=10.0, β=1.0
Model Hilbert space: 4
The lowest eigen energy per site:
[0.0, -10.0, -10.0, 0.0]
U=20.0, μ=10.0, β=1.0
Model Hilbert space: 4
The lowest eigen energy per site:
[0.0, -10.0, -10.0, 0.0]
U=20.0, μ=10.0, β=1.0
Model Hilbert space: 4
The lowest eigen energy per site:
[0.0, -10.0, -10.0, 0.0]
U=20.0, μ=10.0, β=1.0
Model Hilbert space: 4
The lowest eigen energy per site:
[0.0, -10.0, -10.0, 0.0]
Lx_3_Ly_2_U_20.0_beta_1.0_dmu_0.0_mu_10.0_order_6
U=20.0, μ=10.0, β=1.0
Model Hilbert space: 4
The lowest eigen energy per site:
[0.0, -10.0, -10.0, 0.0]
Lx_3_Ly_2_U_20.0_beta_1.0_dmu_0.0_mu_10.0_order_6
Lx_3_Ly_2_U_20.0_beta_1.0_dmu_0.0_mu_10.0_order_6
U=20.0, μ=10.0, β=1.0
Model Hilbert space: 4
The lowest eigen energy per site:
[0.0, -10.0, -10.0, 0.0]
Lx_3_Ly_2_U_20.0_beta_1.0_dmu_0.0_mu_10.0_order_6
Lx_3_Ly_2_U_20.0_beta_1.0_dmu_0.0_mu_10.0_order_6
U=20.0, μ=10.0, β=1.0
Model Hilbert space: 4
The lowest eigen energy per site:
[0.0, -10.0, -10.0, 0.0]
Lx_3_Ly_2_U_20.0_beta_1.0_dmu_0.0_mu_10.0_order_6
Lx_3_Ly_2_U_20.0_beta_1.0_dmu_0.0_mu_10.0_order_6
U=20.0, μ=10.0, β=1.0
Model Hilbert space: 4
The lowest eigen energy per site:
[0.0, -10.0, -10.0, 0.0]
Lx_3_Ly_2_U_20.0_beta_1.0_dmu_0.0_mu_10.0_order_6
Lx_3_Ly_2_U_20.0_beta_1.0_dmu_0.0_mu_10.0_order_6
U=20.0, μ=10.0, β=1.0
Model Hilbert space: 4
The lowest eigen energy per site:
[0.0, -10.0, -10.0, 0.0]
Lx_3_Ly_2_U_20.0_beta_1.0_dmu_0.0_mu_10.0_order_6
Lx_3_Ly_2_U_20.0_beta_1.0_dmu_0.0_mu_10.0_order_6
U=20.0, μ=10.0, β=1.0
Model Hilbert space: 4
The lowest eigen energy per site:
[0.0, -10.0, -10.0, 0.0]
Lx_3_Ly_2_U_20.0_beta_1.0_dmu_0.0_mu_10.0_order_6
Lx_3_Ly_2_U_20.0_beta_1.0_dmu_0.0_mu_10.0_order_6
U=20.0, μ=10.0, β=1.0
Model Hilbert space: 4
The lowest eigen energy per site:
[0.0, -10.0, -10.0, 0.0]
Lx_3_Ly_2_U_20.0_beta_1.0_dmu_0.0_mu_10.0_order_6
U=20.0, μ=10.0, β=1.0
Model Hilbert space: 4
The lowest eigen energy per site:
[0.0, -10.0, -10.0, 0.0]
U=20.0, μ=10.0, β=1.0
Model Hilbert space: 4
The lowest eigen energy per site:
[0.0, -10.0, -10.0, 0.0]
U=20.0, μ=10.0, β=1.0
Model Hilbert space: 4
The lowest eigen energy per site:
[0.0, -10.0, -10.0, 0.0]
Lx_3_Ly_2_U_20.0_beta_1.0_dmu_0.0_mu_10.0_order_6
Lx_3_Ly_2_U_20.0_beta_1.0_dmu_0.0_mu_10.0_order_6
U=20.0, μ=10.0, β=1.0
Model Hilbert space: 4
The lowest eigen energy per site:
[0.0, -10.0, -10.0, 0.0]
Lx_3_Ly_2_U_20.0_beta_1.0_dmu_0.0_mu_10.0_order_6
Lx_3_Ly_2_U_20.0_beta_1.0_dmu_0.0_mu_10.0_order_6
U=20.0, μ=10.0, β=1.0
Model Hilbert space: 4
The lowest eigen energy per site:
[0.0, -10.0, -10.0, 0.0]
U=20.0, μ=10.0, β=1.0
Model Hilbert space: 4
The lowest eigen energy per site:
[0.0, -10.0, -10.0, 0.0]
Lx_3_Ly_2_U_20.0_beta_1.0_dmu_0.0_mu_10.0_order_6
U=20.0, μ=10.0, β=1.0
Model Hilbert space: 4
The lowest eigen energy per site:
[0.0, -10.0, -10.0, 0.0]
Lx_3_Ly_2_U_20.0_beta_1.0_dmu_0.0_mu_10.0_order_6
U=20.0, μ=10.0, β=1.0
Model Hilbert space: 4
Lx_3_Ly_2_U_20.0_beta_1.0_dmu_0.0_mu_10.0_order_6
U=20.0, μ=10.0, β=1.0
Model Hilbert space: 4
The lowest eigen energy per site:
[0.0, -10.0, -10.0, 0.0]
U=20.0, μ=10.0, β=1.0
Model Hilbert space: 4
The lowest eigen energy per site:
[0.0, -10.0, -10.0, 0.0]
Lx_3_Ly_2_U_20.0_beta_1.0_dmu_0.0_mu_10.0_order_6
U=20.0, μ=10.0, β=1.0
Model Hilbert space: 4
The lowest eigen energy per site:
[0.0, -10.0, -10.0, 0.0]
U=20.0, μ=10.0, β=1.0
Model Hilbert space: 4
The lowest eigen energy per site:
[0.0, -10.0, -10.0, 0.0]
Lx_3_Ly_2_U_20.0_beta_1.0_dmu_0.0_mu_10.0_order_6
U=20.0, μ=10.0, β=1.0
Model Hilbert space: 4
The lowest eigen energy per site:
[0.0, -10.0, -10.0, 0.0]
U=20.0, μ=10.0, β=1.0
Model Hilbert space: 4
The lowest eigen energy per site:
[0.0, -10.0, -10.0, 0.0]

Model Hilbert space: 4
The lowest eigen energy per site:
[0.0, -10.0, -10.0, 0.0]
U=20.0, μ=10.0, β=1.0
Model Hilbert space: 4
The lowest eigen energy per site:
[0.0, -10.0, -10.0, 0.0]
Lx_3_Ly_2_U_20.0_beta_1.0_dmu_0.0_mu_10.0_order_6
U=20.0, μ=10.0, β=1.0
Model Hilbert space: 4
The lowest eigen energy per site:
[0.0, -10.0, -10.0, 0.0]
U=20.0, μ=10.0, β=1.0
Model Hilbert space: 4
The lowest eigen energy per site:
[0.0, -10.0, -10.0, 0.0]
The lowest eigen energy per site:
[0.0, -10.0, -10.0, 0.0]
U=20.0, μ=10.0, β=1.0
Model Hilbert space: 4
The lowest eigen energy per site:
[0.0, -10.0, -10.0, 0.0]
Lx_3_Ly_2_U_20.0_beta_1.0_dmu_0.0_mu_10.0_order_6
U=20.0, μ=10.0, β=1.0
Model Hilbert space: 4
The lowest eigen energy per site:
[0.0, -10.0, -10.0, 0.0]
U=20.0, μ=10.0, β=1.0
Model Hilbert space: 4
The lowest eigen energy per site:
[0.0, -10.0, -10.0, 0.0]

The lowest eigen energy per site:
[0.0, -10.0, -10.0, 0.0]
U=20.0, μ=10.0, β=1.0
Model Hilbert space: 4
The lowest eigen energy per site:
[0.0, -10.0, -10.0, 0.0]
Lx_3_Ly_2_U_20.0_beta_1.0_dmu_0.0_mu_10.0_order_6
U=20.0, μ=10.0, β=1.0
Model Hilbert space: 4
The lowest eigen energy per site:
[0.0, -10.0, -10.0, 0.0]
U=20.0, μ=10.0, β=1.0
Model Hilbert space: 4
The lowest eigen energy per site:
[0.0, -10.0, -10.0, 0.0]
U=20.0, μ=10.0, β=1.0
Model Hilbert space: 4
The lowest eigen energy per site:
[0.0, -10.0, -10.0, 0.0]
Lx_3_Ly_2_U_20.0_beta_1.0_dmu_0.0_mu_10.0_order_6
Lx_3_Ly_2_U_20.0_beta_1.0_dmu_0.0_mu_10.0_order_6
U=20.0, μ=10.0, β=1.0
Model Hilbert space: 4
The lowest eigen energy per site:
[0.0, -10.0, -10.0, 0.0]
U=20.0, μ=10.0, β=1.0
Model Hilbert space: 4
The lowest eigen energy per site:
[0.0, -10.0, -10.0, 0.0]
Lx_3_Ly_2_U_20.0_beta_1.0_dmu_0.0_mu_10.0_order_6
U=20.0, μ=10.0, β=1.0
Model Hilbert space: 4
The lowest eigen energy per site:
[0.0, -10.0, -10.0, 0.0]
Lx_3_Ly_2_U_20.0_beta_1.0_dmu_0.0_mu_10.0_order_6
U=20.0, μ=10.0, β=1.0
Model Hilbert space: 4

     2               0.15822782 ± 0.0003544941                           0.15784828 ± 0.0002583252                       0.0000
     3               0.15777016 ± 0.00041830854                          0.15803653 ± 0.00027044354                      0.6967
     4               0.15795003 ± 0.00034734785                          0.15800388 ± 0.00021339062                      0.3676
     5               0.15777315 ± 0.0003716454                           0.15794667 ± 0.00018505538                      0.3417
     6               0.15835452 ± 0.0004001751                           0.15801852 ± 0.00016796537                      0.4702
     7               0.15856909 ± 0.00034409318                          0.15812447 ± 0.00015094209                      0.7897
     8               0.15857107 ± 0.00038346094                          0.15818438 ± 0.00014045256                      0.8538
     9               0.15827144 ± 0.00035225969                          0.15819633 ± 0.0001304645                       0.7394
    10                0.1579878 ± 0.00040194208                          0.15817645 ± 0.0001240913                       0.6774
-------------------------------------------------------------------------------------------------------------------------------
================================================     Integral 2    ============================================================
[33m  iter                          integral                                        wgt average                        reduced chi2[0m
-------------------------------------------------------------------------------------------------------------------------------
ignore           -1.3508795e-06 ± 3.2322755e-05                      -1.3508795e-06 ± 3.2322755e-05                      0.0000
     2            8.4872454e-06 ± 1.0994395e-05                      -1.3508795e-06 ± 3.2322755e-05                      0.0000
     3           -8.7591281e-06 ± 1.2513892e-05                       9.7415919e-07 ± 8.2595461e-06                      1.0719
     4            1.6048399e-05 ± 1.1944567e-05                       5.8503552e-06 ± 6.793552e-06                       1.0747U=20.0, μ=10.0, β=1.0
Model Hilbert space: 4
The lowest eigen energy per site:
[0.0, -10.0, -10.0, 0.0]
The lowest eigen energy per site:
[0.0, -10.0, -10.0, 0.0]
U=20.0, μ=10.0, β=1.0
Model Hilbert space: 4
The lowest eigen energy per site:
[0.0, -10.0, -10.0, 0.0]
U=20.0, μ=10.0, β=1.0
Model Hilbert space: 4
The lowest eigen energy per site:
[0.0, -10.0, -10.0, 0.0]
Lx_3_Ly_2_U_20.0_beta_1.0_dmu_0.0_mu_10.0_order_6
U=20.0, μ=10.0, β=1.0
Model Hilbert space: 4
The lowest eigen energy per site:
[0.0, -10.0, -10.0, 0.0]
U=20.0, μ=10.0, β=1.0
Model Hilbert space: 4
The lowest eigen energy per site:
[0.0, -10.0, -10.0, 0.0]
Lx_3_Ly_2_U_20.0_beta_1.0_dmu_0.0_mu_10.0_order_6
U=20.0, μ=10.0, β=1.0
Model Hilbert space: 4
The lowest eigen energy per site:
[0.0, -10.0, -10.0, 0.0]
U=20.0, μ=10.0, β=1.0
Model Hilbert space: 4
The lowest eigen energy per site:
[0.0, -10.0, -10.0, 0.0]

     5           -8.7567726e-06 ± 1.1510417e-05                        2.076638e-06 ± 5.8505553e-06                      1.1146
     6           -2.0291795e-05 ± 1.1871188e-05                       -2.294591e-06 ± 5.247855e-06                       1.5501
U=20.0, μ=10.0, β=1.0
Model Hilbert space: 4
The lowest eigen energy per site:
[0.0, -10.0, -10.0, 0.0]
     7           -3.9003611e-06 ± 1.166656e-05                       -2.5648179e-06 ± 4.7859606e-06                      1.2432
The lowest eigen energy per site:
[0.0, -10.0, -10.0, 0.0]
     8           -4.1037854e-07 ± 1.2775871e-05                      -2.2996908e-06 ± 4.4818142e-06                      1.0402
U=20.0, μ=10.0, β=1.0
Model Hilbert space: 4
The lowest eigen energy per site:
[0.0, -10.0, -10.0, 0.0]
     9           -2.9916929e-05 ± 1.3936242e-05                      -4.8881957e-06 ± 4.2666121e-06                      1.4000
Lx_3_Ly_2_U_20.0_beta_1.0_dmu_0.0_mu_10.0_order_6
U=20.0, μ=10.0, β=1.0
    10           -1.3977837e-06 ± 1.0878707e-05                      -4.4228844e-06 ± 3.9720502e-06                      1.2361
-------------------------------------------------------------------------------------------------------------------------------
================================================     Integral 3    ============================================================
[33m  iter                          integral                                        wgt average                        reduced chi2[0m
-------------------------------------------------------------------------------------------------------------------------------U=20.0, μ=10.0, β=1.0
Model Hilbert space: 4
The lowest eigen energy per site:
[0.0, -10.0, -10.0, 0.0]
Lx_3_Ly_2_U_20.0_beta_1.0_dmu_0.0_mu_10.0_order_6
U=20.0, μ=10.0, β=1.0
Model Hilbert space: 4
The lowest eigen energy per site:
[0.0, -10.0, -10.0, 0.0]

ignore              0.016168587 ± 0.00012796717                         0.016168587 ± 0.00012796717                      0.0000
U=20.0, μ=10.0, β=1.0
Model Hilbert space: 4
The lowest eigen energy per site:
[0.0, -10.0, -10.0, 0.0]
     2              0.016124825 ± 7.5653116e-05                         0.016168587 ± 0.00012796717                      0.0000
Lx_3_Ly_2_U_20.0_beta_1.0_dmu_0.0_mu_10.0_order_6
     3              0.016151339 ± 8.5267222e-05                         0.016136504 ± 5.6590018e-05                      0.0541
     4              0.016332587 ± 7.8696875e-05                         0.016203337 ± 4.5944613e-05                      2.0731U=20.0, μ=10.0, β=1.0
Model Hilbert space: 4
The lowest eigen energy per site:
[0.0, -10.0, -10.0, 0.0]

U=20.0, μ=10.0, β=1.0
Model Hilbert space: 4
The lowest eigen energy per site:
[0.0, -10.0, -10.0, 0.0]
     5              0.016166877 ± 8.3417786e-05                         0.016194851 ± 4.0244198e-05                      1.4310
Lx_3_Ly_2_U_20.0_beta_1.0_dmu_0.0_mu_10.0_order_6
U=20.0, μ=10.0, β=1.0
Model Hilbert space: 4
The lowest eigen energy per site:
[0.0, -10.0, -10.0, 0.0]
U=20.0, μ=10.0, β=1.0
Model Hilbert space: 4
The lowest eigen energy per site:
[0.0, -10.0, -10.0, 0.0]
The lowest eigen energy per site:
[0.0, -10.0, -10.0, 0.0]
     6              0.016212498 ± 7.5617758e-05                         0.016198746 ± 3.5526218e-05                      1.0838
The lowest eigen energy per site:
[0.0, -10.0, -10.0, 0.0]
     7              0.016256663 ± 7.8742355e-05                         0.016208542 ± 3.2382931e-05                      0.9570

     8              0.016219971 ± 8.7061304e-05                         0.016209931 ± 3.0351358e-05                      0.8000

     9              0.016285304 ± 7.940988e-05                          0.016219538 ± 2.8351085e-05                      0.7980
U=20.0, μ=10.0, β=1.0
Model Hilbert space: 4
The lowest eigen energy per site:
[0.0, -10.0, -10.0, 0.0]
    10              0.016234725 ± 8.3436091e-05                          0.01622111 ± 2.6843723e-05                      0.7020
-------------------------------------------------------------------------------------------------------------------------------
================================================     Integral 4    ============================================================
[33m  iter                          integral                                        wgt average                        reduced chi2[0m
-------------------------------------------------------------------------------------------------------------------------------
U=20.0, μ=10.0, β=1.0
Model Hilbert space: 4
The lowest eigen energy per site:
[0.0, -10.0, -10.0, 0.0]
ignore             0.0050055049 ± 8.1490038e-05                        0.0050055049 ± 8.1490038e-05                      0.0000
     2              0.004969802 ± 3.2962099e-05                        0.0050055049 ± 8.1490038e-05                      0.0000
Lx_3_Ly_2_U_20.0_beta_1.0_dmu_0.0_mu_10.0_order_6
U=20.0, μ=10.0, β=1.0
Model Hilbert space: 4
The lowest eigen energy per site:
[0.0, -10.0, -10.0, 0.0]
     3             0.0049233401 ± 3.5254933e-05                        0.0049481309 ± 2.4077591e-05                      0.9267
U=20.0, μ=10.0, β=1.0
Model Hilbert space: 4
The lowest eigen energy per site:
[0.0, -10.0, -10.0, 0.0]
     4             0.0050382833 ± 3.201244e-05                         0.0049807037 ± 1.9242382e-05                      2.9960
U=20.0, μ=10.0, β=1.0
Model Hilbert space: 4
The lowest eigen energy per site:
[0.0, -10.0, -10.0, 0.0]
     5             0.0049763529 ± 3.0510507e-05                        0.0049794656 ± 1.6275834e-05                      2.0022
U=20.0, μ=10.0, β=1.0
Model Hilbert space: 4
The lowest eigen energy per site:
[0.0, -10.0, -10.0, 0.0]
     6             0.0049925143 ± 3.1264992e-05                        0.0049822478 ± 1.4436793e-05                      1.5359
U=20.0, μ=10.0, β=1.0
Model Hilbert space: 4
The lowest eigen energy per site:
[0.0, -10.0, -10.0, 0.0]
     7             0.0050393138 ± 3.4835614e-05                        0.0049906122 ± 1.333686e-05                       1.6868
U=20.0, μ=10.0, β=1.0
Model Hilbert space: 4
The lowest eigen energy per site:
[0.0, -10.0, -10.0, 0.0]
     8             0.0049890739 ± 3.377949e-05                         0.0049904048 ± 1.2404997e-05                      1.4059
U=20.0, μ=10.0, β=1.0
Model Hilbert space: 4
The lowest eigen energy per site:
[0.0, -10.0, -10.0, 0.0]
     9             0.0049927002 ± 3.2073863e-05                        0.0049907034 ± 1.1569807e-05                      1.2057
U=20.0, μ=10.0, β=1.0
Model Hilbert space: 4
The lowest eigen energy per site:
[0.0, -10.0, -10.0, 0.0]
    10             0.0049867129 ± 3.2324594e-05                        0.0049902503 ± 1.0893072e-05                      1.0567
-------------------------------------------------------------------------------------------------------------------------------
================================================     Integral 5    ============================================================
[33m  iter                          integral                                        wgt average                        reduced chi2[0m
-------------------------------------------------------------------------------------------------------------------------------
U=20.0, μ=10.0, β=1.0
Model Hilbert space: 4
The lowest eigen energy per site:
[0.0, -10.0, -10.0, 0.0]
ignore           -0.00051875257 ± 2.4462862e-05                      -0.00051875257 ± 2.4462862e-05                      0.0000
U=20.0, μ=10.0, β=1.0
Model Hilbert space: 4
The lowest eigen energy per site:
[0.0, -10.0, -10.0, 0.0]
     2           -0.00051050485 ± 9.1834203e-06                      -0.00051875257 ± 2.4462862e-05                      0.0000
U=20.0, μ=10.0, β=1.0
Model Hilbert space: 4
The lowest eigen energy per site:
[0.0, -10.0, -10.0, 0.0]
     3           -0.00051735429 ± 6.950509e-06                       -0.00051485969 ± 5.5421934e-06                      0.3537
U=20.0, μ=10.0, β=1.0
Model Hilbert space: 4
The lowest eigen energy per site:
[0.0, -10.0, -10.0, 0.0]
     4           -0.00053168267 ± 7.2194876e-06                      -0.00052109754 ± 4.3962091e-06                      1.8851
U=20.0, μ=10.0, β=1.0
Model Hilbert space: 4
The lowest eigen energy per site:
[0.0, -10.0, -10.0, 0.0]
     5            -0.0005230323 ± 5.5771312e-06                      -0.00052183898 ± 3.4525756e-06                      1.2814
The lowest eigen energy per site:
[0.0, -10.0, -10.0, 0.0]
     6           -0.00052102254 ± 6.6860715e-06                      -0.00052166711 ± 3.0677217e-06                      0.9640
U=20.0, μ=10.0, β=1.0
Model Hilbert space: 4
The lowest eigen energy per site:
[0.0, -10.0, -10.0, 0.0]
     7           -0.00052549686 ± 6.723234e-06                       -0.00052232704 ± 2.7909246e-06                      0.8249
The lowest eigen energy per site:
[0.0, -10.0, -10.0, 0.0]
     8           -0.00053486243 ± 6.1386798e-06                      -0.00052447424 ± 2.5406753e-06                      1.2634
U=20.0, μ=10.0, β=1.0
Model Hilbert space: 4
The lowest eigen energy per site:
[0.0, -10.0, -10.0, 0.0]
     9           -0.00052137122 ± 5.1500917e-06                      -0.00052386689 ± 2.2785077e-06                      1.1246
    10           -0.00051872528 ± 6.4459834e-06                      -0.00052329583 ± 2.1482528e-06                      1.0547
-------------------------------------------------------------------------------------------------------------------------------
================================================     Integral 6    ============================================================
[33m  iter                          integral                                        wgt average                        reduced chi2[0m
-------------------------------------------------------------------------------------------------------------------------------
ignore           -1.8187104e-05 ± 3.7119108e-05                      -1.8187104e-05 ± 3.7119108e-05                      0.0000
U=20.0, μ=10.0, β=1.0
Model Hilbert space: 4
The lowest eigen energy per site:
[0.0, -10.0, -10.0, 0.0]
The lowest eigen energy per site:
[0.0, -10.0, -10.0, 0.0]
Model Hilbert space: 4
The lowest eigen energy per site:
[0.0, -10.0, -10.0, 0.0]
U=20.0, μ=10.0, β=1.0
Model Hilbert space: 4
The lowest eigen energy per site:
[0.0, -10.0, -10.0, 0.0]
     2           -1.2034027e-05 ± 1.0775109e-05                      -1.8187104e-05 ± 3.7119108e-05                      0.0000
     3            3.3935398e-07 ± 9.2397292e-06                      -4.9037109e-06 ± 7.0141353e-06                      0.7599
U=20.0, μ=10.0, β=1.0
Model Hilbert space: 4
The lowest eigen energy per site:
[0.0, -10.0, -10.0, 0.0]
     4           -1.4597135e-05 ± 1.0809515e-05                       -7.775797e-06 ± 5.8839682e-06                      0.6629
U=20.0, μ=10.0, β=1.0
Model Hilbert space: 4
The lowest eigen energy per site:
[0.0, -10.0, -10.0, 0.0]
U=20.0, μ=10.0, β=1.0
Model Hilbert space: 4
     5           -2.9220551e-06 ± 9.8355677e-06                      -6.4965647e-06 ± 5.0494051e-06                      0.5017
The lowest eigen energy per site:
[0.0, -10.0, -10.0, 0.0]
Lx_3_Ly_2_U_20.0_beta_1.0_dmu_0.0_mu_10.0_order_6
U=20.0, μ=10.0, β=1.0
Model Hilbert space: 4
The lowest eigen energy per site:
[0.0, -10.0, -10.0, 0.0]
     6            5.1078031e-06 ± 9.2247833e-06                      -3.8213012e-06 ± 4.4292829e-06                      0.6807
     7            4.4411256e-06 ± 1.024291e-05                       -2.5197141e-06 ± 4.0654668e-06                      0.6542
     8            2.1686395e-06 ± 1.0638509e-05                      -1.9223015e-06 ± 3.797623e-06                       0.5734
     9            2.0323027e-06 ± 1.007829e-05                       -1.4306197e-06 ± 3.5537079e-06                      0.5107
    10           -3.1738281e-06 ± 1.0173014e-05                      -1.6202037e-06 ± 3.3549039e-06                      0.4502U=20.0, μ=10.0, β=1.0
Model Hilbert space: 4
The lowest eigen energy per site:
[0.0, -10.0, -10.0, 0.0]

-------------------------------------------------------------------------------------------------------------------------------
================================================     Integral 7    ============================================================
[33m  iter                          integral                                        wgt average                        reduced chi2[0m
-------------------------------------------------------------------------------------------------------------------------------
ignore            2.8266815e-05 ± 2.0196681e-05                       2.8266815e-05 ± 2.0196681e-05                      0.0000
     2           -5.4336321e-06 ± 2.5702621e-06                       2.8266815e-05 ± 2.0196681e-05                      0.0000
     3           -4.0809488e-06 ± 2.2018933e-06                      -4.6534979e-06 ± 1.6722554e-06                      0.1597
     4           -4.1247635e-06 ± 2.7074314e-06                      -4.5074972e-06 ± 1.4227617e-06                      0.0937
     5           -2.2556599e-06 ± 2.5884677e-06                      -3.9850538e-06 ± 1.2468397e-06                      0.2562
     6            3.9476547e-06 ± 2.611981e-06                       -2.5129978e-06 ± 1.1252216e-06                      2.0700
     7            3.2978714e-06 ± 2.7627016e-06                      -1.6862625e-06 ± 1.0421071e-06                      2.4149
     8           -8.4689277e-07 ± 2.6344276e-06                      -1.5726988e-06 ± 9.6904957e-07                      2.0270
     9           -1.7865161e-06 ± 2.5550456e-06                      -1.5995857e-06 ± 9.0607583e-07                      1.7383
    10           -4.8577024e-07 ± 2.869334e-06                       -1.4985972e-06 ± 8.640235e-07                       1.5381
-------------------------------------------------------------------------------------------------------------------------------
================================================     Integral 8    ============================================================
[33m  iter                          integral                                        wgt average                        reduced chi2[0m
-------------------------------------------------------------------------------------------------------------------------------
ignore           -6.0684933e-06 ± 1.2878689e-05                      -6.0684933e-06 ± 1.2878689e-05                      0.0000
     2            8.7207842e-07 ± 1.4448214e-06                      -6.0684933e-06 ± 1.2878689e-05                      0.0000
     3           -3.7226633e-08 ± 1.384955e-06                        3.9819869e-07 ± 9.998763e-07                       0.2064
     4           -1.8360054e-06 ± 1.5844912e-06                      -2.3804561e-07 ± 8.4560546e-07                      0.8141
     5           -6.8614466e-07 ± 1.4254908e-06                      -3.5467134e-07 ± 7.2728572e-07                      0.5671
     6            1.2299152e-06 ± 1.3595814e-06                      -2.1600496e-09 ± 6.4130658e-07                      0.6893
     7            3.0486889e-06 ± 1.5217296e-06                       4.5791515e-07 ± 5.9097633e-07                      1.2340
     8           -1.3367398e-06 ± 1.3179298e-06                       1.5750682e-07 ± 5.3925074e-07                      1.2856
     9            1.1851715e-06 ± 1.4046582e-06                       2.8949354e-07 ± 5.0343218e-07                      1.1686
    10             1.934361e-07 ± 1.3775732e-06                       2.7817771e-07 ± 4.7285048e-07                      1.0231
-------------------------------------------------------------------------------------------------------------------------------
================================================     Integral 9    ============================================================
[33m  iter                          integral                                        wgt average                        reduced chi2[0m
-------------------------------------------------------------------------------------------------------------------------------
ignore            7.3511449e-05 ± 1.3451333e-05                       7.3511449e-05 ± 1.3451333e-05                      0.0000
     2            8.8310377e-05 ± 1.7830743e-06                       7.3511449e-05 ± 1.3451333e-05                      0.0000
     3            8.0595029e-05 ± 1.8642554e-06                       8.4624335e-05 ± 1.2886386e-06                      8.9439
     4            8.1187432e-05 ± 2.0122882e-06                       8.3624862e-05 ± 1.0852095e-06                      5.5063
     5            8.3285234e-05 ± 2.0091921e-06                       8.3548165e-05 ± 9.548436e-07                       3.6782
     6            8.2360066e-05 ± 1.8838681e-06                       8.3305348e-05 ± 8.5170001e-07                      2.8378
     7            7.9651295e-05 ± 1.7664346e-06                       8.2616165e-05 ± 7.6718844e-07                      2.9645
     8            8.0243086e-05 ± 2.0021688e-06                        8.231237e-05 ± 7.1640083e-07                      2.6746
     9            8.3802615e-05 ± 1.6898356e-06                       8.2539385e-05 ± 6.5958152e-07                      2.3867
    10            8.1784588e-05 ± 2.0403086e-06                       8.2467974e-05 ± 6.2760481e-07                      2.1038
-------------------------------------------------------------------------------------------------------------------------------
================================================     Integral 10    ============================================================
[33m  iter                          integral                                        wgt average                        reduced chi2[0m
-------------------------------------------------------------------------------------------------------------------------------
ignore            -0.0014845951 ± 4.6984827e-05                       -0.0014845951 ± 4.6984827e-05                      0.0000
     2            -0.0014787179 ± 1.3626275e-05                       -0.0014845951 ± 4.6984827e-05                      0.0000
     3            -0.0014560871 ± 1.1888925e-05                       -0.0014658687 ± 8.958489e-06                       1.5661
     4            -0.0014856829 ± 1.1718426e-05                       -0.0014731772 ± 7.1170477e-06                      1.6853
     5            -0.0014821551 ± 1.1351106e-05                       -0.0014757106 ± 6.0298561e-06                      1.2732
     6            -0.0014500555 ± 1.124887e-05                        -0.0014699844 ± 5.3144849e-06                      1.9650
     7            -0.0014772534 ± 1.3628063e-05                       -0.0014709439 ± 4.9513254e-06                      1.6214
     8            -0.0014645435 ± 1.3185856e-05                       -0.0014701529 ± 4.6353081e-06                      1.3856
     9            -0.0014774754 ± 1.2874246e-05                       -0.0014709932 ± 4.3612444e-06                      1.2285
    10            -0.0014833453 ± 1.1203306e-05                       -0.0014726187 ± 4.0641651e-06                      1.2069
-------------------------------------------------------------------------------------------------------------------------------
================================================     Integral 11    ============================================================
[33m  iter                          integral                                        wgt average                        reduced chi2[0m
-------------------------------------------------------------------------------------------------------------------------------
ignore           -0.00024366278 ± 2.7959394e-05                      -0.00024366278 ± 2.7959394e-05                      0.0000
     2           -0.00027180581 ± 8.6602668e-06                      -0.00024366278 ± 2.7959394e-05                      0.0000
     3            -0.0002644317 ± 7.2257803e-06                      -0.00026745828 ± 5.5482673e-06                      0.4274
     4            -0.0002672665 ± 7.2683213e-06                      -0.00026738767 ± 4.4102174e-06                      0.2139
     5            -0.0002800498 ± 7.0941918e-06                      -0.00027091708 ± 3.7454732e-06                      0.9085
     6           -0.00027436675 ± 7.2317269e-06                       -0.0002716467 ± 3.3258804e-06                      0.7262
     7           -0.00028148426 ± 7.5856691e-06                      -0.00027323284 ± 3.0459809e-06                      0.8631
     8           -0.00028054581 ± 6.1704149e-06                      -0.00027466568 ± 2.7313268e-06                      0.9075
     9           -0.00027870368 ± 7.2925405e-06                      -0.00027516243 ± 2.5578144e-06                      0.8163
    10           -0.00027120233 ± 6.6151136e-06                      -0.00027464738 ± 2.3856897e-06                      0.7532
-------------------------------------------------------------------------------------------------------------------------------
================================================     Integral 12    ============================================================
[33m  iter                          integral                                        wgt average                        reduced chi2[0m
-------------------------------------------------------------------------------------------------------------------------------
ignore           -7.2518655e-05 ± 1.1577131e-05                      -7.2518655e-05 ± 1.1577131e-05                      0.0000
     2            -5.457714e-05 ± 2.2500924e-06                      -7.2518655e-05 ± 1.1577131e-05                      0.0000
     3           -5.3267659e-05 ± 1.4529823e-06                      -5.3653021e-05 ± 1.2206876e-06                      0.2390
     4           -5.4791886e-05 ± 1.3174047e-06                      -5.4179076e-05 ± 8.9542966e-07                      0.3205
     5           -5.5906346e-05 ± 1.3616457e-06                      -5.4700476e-05 ± 7.4817216e-07                      0.5881
     6           -5.5665527e-05 ± 1.5074555e-06                      -5.4891191e-05 ± 6.7017933e-07                      0.5233
     7           -5.7455516e-05 ± 1.4935966e-06                      -5.5320902e-05 ± 6.1145452e-07                      0.9093
     8           -5.4727839e-05 ± 1.4376731e-06                      -5.5230068e-05 ± 5.6268399e-07                      0.7818
     9           -5.2434803e-05 ± 1.3959058e-06                      -5.4839408e-05 ± 5.218852e-07                       1.1628
    10           -5.5981168e-05 ± 1.5709819e-06                      -5.4952875e-05 ± 4.9527457e-07                      1.0769
-------------------------------------------------------------------------------------------------------------------------------
================================================     Integral 13    ============================================================
[33m  iter                          integral                                        wgt average                        reduced chi2[0m
-------------------------------------------------------------------------------------------------------------------------------
ignore            4.6282544e-06 ± 1.7288923e-06                       4.6282544e-06 ± 1.7288923e-06                      0.0000
     2             1.237281e-06 ± 6.1812639e-08                       4.6282544e-06 ± 1.7288923e-06                      0.0000
     3            1.1223474e-06 ± 4.9806737e-08                       1.1676146e-06 ± 3.8855049e-08                      2.0889
     4            1.1851614e-06 ± 5.2025827e-08                       1.1738819e-06 ± 3.1152558e-08                      1.0809
     5             1.212945e-06 ± 4.9415045e-08                       1.1849595e-06 ± 2.6367978e-08                      0.8692
     6            1.1600729e-06 ± 5.3241833e-08                       1.1800725e-06 ± 2.3637689e-08                      0.6956
     7            1.2537551e-06 ± 4.9702781e-08                       1.1936193e-06 ± 2.1354488e-08                      0.9138
     8             1.173801e-06 ± 5.455925e-08                        1.1909949e-06 ± 1.9890398e-08                      0.7805
     9            1.2127592e-06 ± 4.7341971e-08                       1.1942486e-06 ± 1.8343451e-08                      0.6946
    10            1.2033362e-06 ± 5.5070782e-08                       1.1951532e-06 ± 1.7406551e-08                      0.6108
-------------------------------------------------------------------------------------------------------------------------------

===========================  Configuration  =========================================
[32m2025-11-17T16:30:21.213[0m
-------------------------------------------------------------------------------------
[33mIntegral num = 13, dof = [[1, 1], [2, 2], [3, 1], [3, 2], [3, 3], [4, 2], [4, 3], [4, 4], [5, 1], [5, 2], [5, 3], [5, 4], [5, 5], [0, 0]], with variables:[0m
1. Adaptive Continuous variable ∈ [0.0, 1.0). Learning rate = 3.0. Offset = 1.
2. Adaptive Discrete variable ∈ [1, ..., 6]. Learning rate = 3.0. Offset = 1.
-------------------------------------------------------------------------------------
[33mChangeIntegrand          Proposed     Accepted      Ratio  [0m
Norm ->  1:              2.575215%    0.431530%     0.167570
  1 ->  2:               0.435060%    0.083329%     0.191534
  1 ->  3:               0.443346%    0.120159%     0.271028
  1 ->Norm:              0.431530%    0.431530%     1.000000
  2 ->  1:               0.274540%    0.079646%     0.290106
  2 ->  3:               0.273159%    0.039439%     0.144382
  2 ->  4:               0.284975%    0.072126%     0.253096
  2 ->  5:               0.280986%    0.000000%     0.000000
  2 ->  6:               0.277302%    0.084863%     0.306032
  3 ->  1:               0.265946%    0.123689%     0.465089
  3 ->  2:               0.252288%    0.040053%     0.158759
  3 ->  4:               0.266100%    0.088700%     0.333333
  3 ->  6:               0.263645%    0.039746%     0.150757
  3 ->  9:               0.258887%    0.102051%     0.394191
  4 ->  2:               0.228502%    0.070438%     0.308261
  4 ->  3:               0.243081%    0.087933%     0.361742
  4 ->  5:               0.238017%    0.012277%     0.051580
  4 ->  6:               0.232339%    0.048647%     0.209379
  4 ->  7:               0.229576%    0.021484%     0.093583
  4 -> 10:               0.231418%    0.093457%     0.403846
  5 ->  2:               0.199191%    0.000000%     0.000000
  5 ->  4:               0.186301%    0.012737%     0.068369
  5 ->  6:               0.193820%    0.000000%     0.000000
  5 ->  7:               0.195048%    0.000000%     0.000000
  5 ->  8:               0.194127%    0.009668%     0.049802
  5 -> 11:               0.191825%    0.057701%     0.300800
  6 ->  2:               0.164663%    0.082255%     0.499534
  6 ->  3:               0.164049%    0.042815%     0.260992
  6 ->  4:               0.169267%    0.045731%     0.270172
  6 ->  5:               0.164816%    0.000000%     0.000000
  6 ->  7:               0.155609%    0.000000%     0.000000
  6 ->  9:               0.166504%    0.030845%     0.185253
  6 -> 10:               0.172489%    0.056320%     0.326512
  6 -> 11:               0.170187%    0.011356%     0.066727
  7 ->  4:               0.176172%    0.023019%     0.130662
  7 ->  5:               0.180009%    0.000000%     0.000000
  7 ->  6:               0.178474%    0.000000%     0.000000
  7 ->  8:               0.178628%    0.000000%     0.000000
  7 -> 10:               0.171875%    0.014272%     0.083036
  7 -> 11:               0.170955%    0.008133%     0.047576
  7 -> 12:               0.178628%    0.000000%     0.000000
  8 ->  5:               0.282520%    0.008901%     0.031505
  8 ->  7:               0.280218%    0.000000%     0.000000
  8 -> 11:               0.280372%    0.012737%     0.045430
  8 -> 12:               0.281446%    0.034222%     0.121592
  8 -> 13:               0.285589%    0.017494%     0.061257
  9 ->  3:               0.464217%    0.103893%     0.223802
  9 ->  6:               0.481865%    0.028697%     0.059554
  9 -> 10:               0.459613%    0.088086%     0.191653
  10 ->  4:               0.263798%    0.091923%     0.348458
  10 ->  6:               0.268555%    0.055092%     0.205143
  10 ->  7:               0.265333%    0.016727%     0.063042
  10 ->  9:               0.278991%    0.087779%     0.314631
  10 -> 11:               0.263184%    0.034835%     0.132362
  11 ->  5:               0.215918%    0.058929%     0.272921
  11 ->  6:               0.226507%    0.012277%     0.054201
  11 ->  7:               0.233259%    0.007213%     0.030921
  11 ->  8:               0.216532%    0.011970%     0.055280
  11 -> 10:               0.217606%    0.034222%     0.157264
  11 -> 12:               0.220062%    0.002455%     0.011158
  12 ->  7:               0.316588%    0.000000%     0.000000
  12 ->  8:               0.324415%    0.034222%     0.105487
  12 -> 11:               0.328098%    0.002455%     0.007484
  12 -> 13:               0.315054%    0.000000%     0.000000
  13 ->  8:               0.781112%    0.017494%     0.022397
  13 -> 12:               0.761623%    0.000000%     0.000000
-------------------------------------------------------------------------------------
[33mChangeVariable           Proposed     Accepted      Ratio  [0m
   1 / Continuous :      2.627084%    1.599055%     0.608680
   1 / Discrete   :      2.608822%    2.035956%     0.780412
   2 / Continuous :      2.757372%    1.795791%     0.651269
   2 / Discrete   :      2.760288%    0.801369%     0.290321
   3 / Continuous :      2.648108%    1.201286%     0.453639
   3 / Discrete   :      2.646881%    2.074935%     0.783917
   4 / Continuous :      2.813231%    1.387587%     0.493236
   4 / Discrete   :      2.826889%    1.475212%     0.521850
   5 / Continuous :      2.272131%    1.500994%     0.660611
   5 / Discrete   :      2.248191%    0.476954%     0.212150
   6 / Continuous :      2.625243%    1.236735%     0.471094
   6 / Discrete   :      2.636138%    0.774974%     0.293981
   7 / Continuous :      2.434492%    1.272952%     0.522882
   7 / Discrete   :      2.492193%    0.679828%     0.272783
   8 / Continuous :      2.784227%    1.801008%     0.646861
   8 / Discrete   :      2.794816%    0.727861%     0.260433
   9 / Continuous :      2.782846%    1.222617%     0.439340
   9 / Discrete   :      2.772257%    2.172996%     0.783836
  10 / Continuous :      2.701052%    1.202514%     0.445202
  10 / Discrete   :      2.720388%    1.296892%     0.476730
  11 / Continuous :      2.667598%    1.304411%     0.488983
  11 / Discrete   :      2.657009%    0.699625%     0.263313
  12 / Continuous :      2.604065%    1.404928%     0.539513
  12 / Discrete   :      2.626010%    0.592356%     0.225573
  13 / Continuous :      3.164348%    2.034575%     0.642968
  13 / Discrete   :      3.126137%    0.629954%     0.201512
-------------------------------------------------------------------------------------
[33mSwapVariable             Proposed     Accepted      Ratio  [0m
   1 / Continuous :      0.000000%    0.000000%     0.010000
   1 / Discrete   :      0.000000%    0.000000%     0.010000
   2 / Continuous :      0.340375%    0.340375%     1.000000
   2 / Discrete   :      0.346513%    0.346513%     1.000000
   3 / Continuous :      0.455009%    0.317969%     0.698820
   3 / Discrete   :      0.000000%    0.000000%     0.010000
   4 / Continuous :      0.459920%    0.212389%     0.461795
   4 / Discrete   :      0.345132%    0.345132%     1.000000
   5 / Continuous :      0.369992%    0.314900%     0.851099
   5 / Discrete   :      0.370760%    0.122154%     0.329470
   6 / Continuous :      0.506265%    0.282827%     0.558654
   6 / Discrete   :      0.335310%    0.335310%     1.000000
   7 / Continuous :      0.458079%    0.220062%     0.480402
   7 / Discrete   :      0.410506%    0.128907%     0.314019
   8 / Continuous :      0.544630%    0.403140%     0.740209
   8 / Discrete   :      0.520690%    0.000000%     0.000000
   9 / Continuous :      0.557674%    0.369532%     0.662631
   9 / Discrete   :      0.000000%    0.000000%     0.010000
  10 / Continuous :      0.548313%    0.261189%     0.476350
  10 / Discrete   :      0.345899%    0.345899%     1.000000
  11 / Continuous :      0.540333%    0.263338%     0.487362
  11 / Discrete   :      0.446262%    0.153614%     0.344223
  12 / Continuous :      0.533888%    0.252902%     0.473699
  12 / Discrete   :      0.493835%    0.081027%     0.164077
  13 / Continuous :      0.608776%    0.413115%     0.678598
  13 / Discrete   :      0.642998%    0.000000%     0.000000
-------------------------------------------------------------------------------------
[33mIntegrand            Visited      ReWeight[0m
  Norm   :            98921     0.000065
  Order 1:            51420     0.000206
  Order 2:            53875     0.002855
  Order 3:            51729     0.001828
  Order 4:            54955     0.002622
  Order 5:            44288     0.010304
  Order 6:            51735     0.004670
  Order 7:            48079     0.018589
  Order 8:            54722     0.026862
  Order 9:            54377     0.041778
  Order10:            52890     0.007103
  Order11:            52078     0.008893
  Order12:            51080     0.046066
  Order13:            61201     0.828158
-------------------------------------------------------------------------------------
[33mIntegrand evaluation = 651635
[0m
================================================     Integral 1    ============================================================
[33m  iter                          integral                                        wgt average                        reduced chi2[0m
-------------------------------------------------------------------------------------------------------------------------------
ignore               0.15784828 ± 0.0002583252                           0.15784828 ± 0.0002583252                       0.0000
     2               0.15822782 ± 0.0003544941                           0.15784828 ± 0.0002583252                       0.0000
     3               0.15777016 ± 0.00041830854                          0.15803653 ± 0.00027044354                      0.6967
     4               0.15795003 ± 0.00034734785                          0.15800388 ± 0.00021339062                      0.3676
     5               0.15777315 ± 0.0003716454                           0.15794667 ± 0.00018505538                      0.3417
     6               0.15835452 ± 0.0004001751                           0.15801852 ± 0.00016796537                      0.4702
     7               0.15856909 ± 0.00034409318                          0.15812447 ± 0.00015094209                      0.7897
     8               0.15857107 ± 0.00038346094                          0.15818438 ± 0.00014045256                      0.8538
     9               0.15827144 ± 0.00035225969                          0.15819633 ± 0.0001304645                       0.7394
    10                0.1579878 ± 0.00040194208                          0.15817645 ± 0.0001240913                       0.6774
-------------------------------------------------------------------------------------------------------------------------------
================================================     Integral 2    ============================================================
[33m  iter                          integral                                        wgt average                        reduced chi2[0m
-------------------------------------------------------------------------------------------------------------------------------
ignore           -1.3508795e-06 ± 3.2322755e-05                      -1.3508795e-06 ± 3.2322755e-05                      0.0000
     2            8.4872454e-06 ± 1.0994395e-05                      -1.3508795e-06 ± 3.2322755e-05                      0.0000
     3           -8.7591281e-06 ± 1.2513892e-05                       9.7415919e-07 ± 8.2595461e-06                      1.0719
     4            1.6048399e-05 ± 1.1944567e-05                       5.8503552e-06 ± 6.793552e-06                       1.0747
     5           -8.7567726e-06 ± 1.1510417e-05                        2.076638e-06 ± 5.8505553e-06                      1.1146
     6           -2.0291795e-05 ± 1.1871188e-05                       -2.294591e-06 ± 5.247855e-06                       1.5501
     7           -3.9003611e-06 ± 1.166656e-05                       -2.5648179e-06 ± 4.7859606e-06                      1.2432
     8           -4.1037854e-07 ± 1.2775871e-05                      -2.2996908e-06 ± 4.4818142e-06                      1.0402
     9           -2.9916929e-05 ± 1.3936242e-05                      -4.8881957e-06 ± 4.2666121e-06                      1.4000
    10           -1.3977837e-06 ± 1.0878707e-05                      -4.4228844e-06 ± 3.9720502e-06                      1.2361
-------------------------------------------------------------------------------------------------------------------------------
================================================     Integral 3    ============================================================
[33m  iter                          integral                                        wgt average                        reduced chi2[0m
-------------------------------------------------------------------------------------------------------------------------------
ignore              0.016168587 ± 0.00012796717                         0.016168587 ± 0.00012796717                      0.0000
     2              0.016124825 ± 7.5653116e-05                         0.016168587 ± 0.00012796717                      0.0000
     3              0.016151339 ± 8.5267222e-05                         0.016136504 ± 5.6590018e-05                      0.0541
     4              0.016332587 ± 7.8696875e-05                         0.016203337 ± 4.5944613e-05                      2.0731
     5              0.016166877 ± 8.3417786e-05                         0.016194851 ± 4.0244198e-05                      1.4310
     6              0.016212498 ± 7.5617758e-05                         0.016198746 ± 3.5526218e-05                      1.0838
     7              0.016256663 ± 7.8742355e-05                         0.016208542 ± 3.2382931e-05                      0.9570
     8              0.016219971 ± 8.7061304e-05                         0.016209931 ± 3.0351358e-05                      0.8000
     9              0.016285304 ± 7.940988e-05                          0.016219538 ± 2.8351085e-05                      0.7980
    10              0.016234725 ± 8.3436091e-05                          0.01622111 ± 2.6843723e-05                      0.7020
-------------------------------------------------------------------------------------------------------------------------------
================================================     Integral 4    ============================================================
[33m  iter                          integral                                        wgt average                        reduced chi2[0m
-------------------------------------------------------------------------------------------------------------------------------
ignore             0.0050055049 ± 8.1490038e-05                        0.0050055049 ± 8.1490038e-05                      0.0000
     2              0.004969802 ± 3.2962099e-05                        0.0050055049 ± 8.1490038e-05                      0.0000
     3             0.0049233401 ± 3.5254933e-05                        0.0049481309 ± 2.4077591e-05                      0.9267
     4             0.0050382833 ± 3.201244e-05                         0.0049807037 ± 1.9242382e-05                      2.9960
     5             0.0049763529 ± 3.0510507e-05                        0.0049794656 ± 1.6275834e-05                      2.0022
     6             0.0049925143 ± 3.1264992e-05                        0.0049822478 ± 1.4436793e-05                      1.5359
     7             0.0050393138 ± 3.4835614e-05                        0.0049906122 ± 1.333686e-05                       1.6868
     8             0.0049890739 ± 3.377949e-05                         0.0049904048 ± 1.2404997e-05                      1.4059
     9             0.0049927002 ± 3.2073863e-05                        0.0049907034 ± 1.1569807e-05                      1.2057
    10             0.0049867129 ± 3.2324594e-05                        0.0049902503 ± 1.0893072e-05                      1.0567
-------------------------------------------------------------------------------------------------------------------------------
================================================     Integral 5    ============================================================
[33m  iter                          integral                                        wgt average                        reduced chi2[0m
-------------------------------------------------------------------------------------------------------------------------------
ignore           -0.00051875257 ± 2.4462862e-05                      -0.00051875257 ± 2.4462862e-05                      0.0000
     2           -0.00051050485 ± 9.1834203e-06                      -0.00051875257 ± 2.4462862e-05                      0.0000
     3           -0.00051735429 ± 6.950509e-06                       -0.00051485969 ± 5.5421934e-06                      0.3537
     4           -0.00053168267 ± 7.2194876e-06                      -0.00052109754 ± 4.3962091e-06                      1.8851
     5            -0.0005230323 ± 5.5771312e-06                      -0.00052183898 ± 3.4525756e-06                      1.2814
     6           -0.00052102254 ± 6.6860715e-06                      -0.00052166711 ± 3.0677217e-06                      0.9640
     7           -0.00052549686 ± 6.723234e-06                       -0.00052232704 ± 2.7909246e-06                      0.8249
     8           -0.00053486243 ± 6.1386798e-06                      -0.00052447424 ± 2.5406753e-06                      1.2634
     9           -0.00052137122 ± 5.1500917e-06                      -0.00052386689 ± 2.2785077e-06                      1.1246
    10           -0.00051872528 ± 6.4459834e-06                      -0.00052329583 ± 2.1482528e-06                      1.0547
-------------------------------------------------------------------------------------------------------------------------------
================================================     Integral 6    ============================================================
[33m  iter                          integral                                        wgt average                        reduced chi2[0m
-------------------------------------------------------------------------------------------------------------------------------
ignore           -1.8187104e-05 ± 3.7119108e-05                      -1.8187104e-05 ± 3.7119108e-05                      0.0000
     2           -1.2034027e-05 ± 1.0775109e-05                      -1.8187104e-05 ± 3.7119108e-05                      0.0000
     3            3.3935398e-07 ± 9.2397292e-06                      -4.9037109e-06 ± 7.0141353e-06                      0.7599
     4           -1.4597135e-05 ± 1.0809515e-05                       -7.775797e-06 ± 5.8839682e-06                      0.6629
     5           -2.9220551e-06 ± 9.8355677e-06                      -6.4965647e-06 ± 5.0494051e-06                      0.5017
     6            5.1078031e-06 ± 9.2247833e-06                      -3.8213012e-06 ± 4.4292829e-06                      0.6807
     7            4.4411256e-06 ± 1.024291e-05                       -2.5197141e-06 ± 4.0654668e-06                      0.6542
     8            2.1686395e-06 ± 1.0638509e-05                      -1.9223015e-06 ± 3.797623e-06                       0.5734
     9            2.0323027e-06 ± 1.007829e-05                       -1.4306197e-06 ± 3.5537079e-06                      0.5107
    10           -3.1738281e-06 ± 1.0173014e-05                      -1.6202037e-06 ± 3.3549039e-06                      0.4502
-------------------------------------------------------------------------------------------------------------------------------
================================================     Integral 7    ============================================================
[33m  iter                          integral                                        wgt average                        reduced chi2[0m
-------------------------------------------------------------------------------------------------------------------------------
ignore            2.8266815e-05 ± 2.0196681e-05                       2.8266815e-05 ± 2.0196681e-05                      0.0000
     2           -5.4336321e-06 ± 2.5702621e-06                       2.8266815e-05 ± 2.0196681e-05                      0.0000
     3           -4.0809488e-06 ± 2.2018933e-06                      -4.6534979e-06 ± 1.6722554e-06                      0.1597
     4           -4.1247635e-06 ± 2.7074314e-06                      -4.5074972e-06 ± 1.4227617e-06                      0.0937
     5           -2.2556599e-06 ± 2.5884677e-06                      -3.9850538e-06 ± 1.2468397e-06                      0.2562
     6            3.9476547e-06 ± 2.611981e-06                       -2.5129978e-06 ± 1.1252216e-06                      2.0700
     7            3.2978714e-06 ± 2.7627016e-06                      -1.6862625e-06 ± 1.0421071e-06                      2.4149
     8           -8.4689277e-07 ± 2.6344276e-06                      -1.5726988e-06 ± 9.6904957e-07                      2.0270
     9           -1.7865161e-06 ± 2.5550456e-06                      -1.5995857e-06 ± 9.0607583e-07                      1.7383
    10           -4.8577024e-07 ± 2.869334e-06                       -1.4985972e-06 ± 8.640235e-07                       1.5381
-------------------------------------------------------------------------------------------------------------------------------
================================================     Integral 8    ============================================================
[33m  iter                          integral                                        wgt average                        reduced chi2[0m
-------------------------------------------------------------------------------------------------------------------------------
ignore           -6.0684933e-06 ± 1.2878689e-05                      -6.0684933e-06 ± 1.2878689e-05                      0.0000
     2            8.7207842e-07 ± 1.4448214e-06                      -6.0684933e-06 ± 1.2878689e-05                      0.0000
     3           -3.7226633e-08 ± 1.384955e-06                        3.9819869e-07 ± 9.998763e-07                       0.2064
     4           -1.8360054e-06 ± 1.5844912e-06                      -2.3804561e-07 ± 8.4560546e-07                      0.8141
     5           -6.8614466e-07 ± 1.4254908e-06                      -3.5467134e-07 ± 7.2728572e-07                      0.5671
     6            1.2299152e-06 ± 1.3595814e-06                      -2.1600496e-09 ± 6.4130658e-07                      0.6893
     7            3.0486889e-06 ± 1.5217296e-06                       4.5791515e-07 ± 5.9097633e-07                      1.2340
     8           -1.3367398e-06 ± 1.3179298e-06                       1.5750682e-07 ± 5.3925074e-07                      1.2856
     9            1.1851715e-06 ± 1.4046582e-06                       2.8949354e-07 ± 5.0343218e-07                      1.1686
    10             1.934361e-07 ± 1.3775732e-06                       2.7817771e-07 ± 4.7285048e-07                      1.0231
-------------------------------------------------------------------------------------------------------------------------------
================================================     Integral 9    ============================================================
[33m  iter                          integral                                        wgt average                        reduced chi2[0m
-------------------------------------------------------------------------------------------------------------------------------
ignore            7.3511449e-05 ± 1.3451333e-05                       7.3511449e-05 ± 1.3451333e-05                      0.0000
     2            8.8310377e-05 ± 1.7830743e-06                       7.3511449e-05 ± 1.3451333e-05                      0.0000
     3            8.0595029e-05 ± 1.8642554e-06                       8.4624335e-05 ± 1.2886386e-06                      8.9439
     4            8.1187432e-05 ± 2.0122882e-06                       8.3624862e-05 ± 1.0852095e-06                      5.5063
     5            8.3285234e-05 ± 2.0091921e-06                       8.3548165e-05 ± 9.548436e-07                       3.6782
     6            8.2360066e-05 ± 1.8838681e-06                       8.3305348e-05 ± 8.5170001e-07                      2.8378
     7            7.9651295e-05 ± 1.7664346e-06                       8.2616165e-05 ± 7.6718844e-07                      2.9645
     8            8.0243086e-05 ± 2.0021688e-06                        8.231237e-05 ± 7.1640083e-07                      2.6746
     9            8.3802615e-05 ± 1.6898356e-06                       8.2539385e-05 ± 6.5958152e-07                      2.3867
    10            8.1784588e-05 ± 2.0403086e-06                       8.2467974e-05 ± 6.2760481e-07                      2.1038
-------------------------------------------------------------------------------------------------------------------------------
================================================     Integral 10    ============================================================
[33m  iter                          integral                                        wgt average                        reduced chi2[0m
-------------------------------------------------------------------------------------------------------------------------------
ignore            -0.0014845951 ± 4.6984827e-05                       -0.0014845951 ± 4.6984827e-05                      0.0000
     2            -0.0014787179 ± 1.3626275e-05                       -0.0014845951 ± 4.6984827e-05                      0.0000
     3            -0.0014560871 ± 1.1888925e-05                       -0.0014658687 ± 8.958489e-06                       1.5661
     4            -0.0014856829 ± 1.1718426e-05                       -0.0014731772 ± 7.1170477e-06                      1.6853
     5            -0.0014821551 ± 1.1351106e-05                       -0.0014757106 ± 6.0298561e-06                      1.2732
     6            -0.0014500555 ± 1.124887e-05                        -0.0014699844 ± 5.3144849e-06                      1.9650
     7            -0.0014772534 ± 1.3628063e-05                       -0.0014709439 ± 4.9513254e-06                      1.6214
     8            -0.0014645435 ± 1.3185856e-05                       -0.0014701529 ± 4.6353081e-06                      1.3856
     9            -0.0014774754 ± 1.2874246e-05                       -0.0014709932 ± 4.3612444e-06                      1.2285
    10            -0.0014833453 ± 1.1203306e-05                       -0.0014726187 ± 4.0641651e-06                      1.2069
-------------------------------------------------------------------------------------------------------------------------------
================================================     Integral 11    ============================================================
[33m  iter                          integral                                        wgt average                        reduced chi2[0m
-------------------------------------------------------------------------------------------------------------------------------
ignore           -0.00024366278 ± 2.7959394e-05                      -0.00024366278 ± 2.7959394e-05                      0.0000
     2           -0.00027180581 ± 8.6602668e-06                      -0.00024366278 ± 2.7959394e-05                      0.0000
     3            -0.0002644317 ± 7.2257803e-06                      -0.00026745828 ± 5.5482673e-06                      0.4274
     4            -0.0002672665 ± 7.2683213e-06                      -0.00026738767 ± 4.4102174e-06                      0.2139
     5            -0.0002800498 ± 7.0941918e-06                      -0.00027091708 ± 3.7454732e-06                      0.9085
     6           -0.00027436675 ± 7.2317269e-06                       -0.0002716467 ± 3.3258804e-06                      0.7262
     7           -0.00028148426 ± 7.5856691e-06                      -0.00027323284 ± 3.0459809e-06                      0.8631
     8           -0.00028054581 ± 6.1704149e-06                      -0.00027466568 ± 2.7313268e-06                      0.9075
     9           -0.00027870368 ± 7.2925405e-06                      -0.00027516243 ± 2.5578144e-06                      0.8163
    10           -0.00027120233 ± 6.6151136e-06                      -0.00027464738 ± 2.3856897e-06                      0.7532
-------------------------------------------------------------------------------------------------------------------------------
================================================     Integral 12    ============================================================
[33m  iter                          integral                                        wgt average                        reduced chi2[0m
-------------------------------------------------------------------------------------------------------------------------------
ignore           -7.2518655e-05 ± 1.1577131e-05                      -7.2518655e-05 ± 1.1577131e-05                      0.0000
     2            -5.457714e-05 ± 2.2500924e-06                      -7.2518655e-05 ± 1.1577131e-05                      0.0000
     3           -5.3267659e-05 ± 1.4529823e-06                      -5.3653021e-05 ± 1.2206876e-06                      0.2390
     4           -5.4791886e-05 ± 1.3174047e-06                      -5.4179076e-05 ± 8.9542966e-07                      0.3205
     5           -5.5906346e-05 ± 1.3616457e-06                      -5.4700476e-05 ± 7.4817216e-07                      0.5881
     6           -5.5665527e-05 ± 1.5074555e-06                      -5.4891191e-05 ± 6.7017933e-07                      0.5233
     7           -5.7455516e-05 ± 1.4935966e-06                      -5.5320902e-05 ± 6.1145452e-07                      0.9093
     8           -5.4727839e-05 ± 1.4376731e-06                      -5.5230068e-05 ± 5.6268399e-07                      0.7818
     9           -5.2434803e-05 ± 1.3959058e-06                      -5.4839408e-05 ± 5.218852e-07                       1.1628
    10           -5.5981168e-05 ± 1.5709819e-06                      -5.4952875e-05 ± 4.9527457e-07                      1.0769
-------------------------------------------------------------------------------------------------------------------------------
================================================     Integral 13    ============================================================
[33m  iter                          integral                                        wgt average                        reduced chi2[0m
-------------------------------------------------------------------------------------------------------------------------------
ignore            4.6282544e-06 ± 1.7288923e-06                       4.6282544e-06 ± 1.7288923e-06                      0.0000
     2             1.237281e-06 ± 6.1812639e-08                       4.6282544e-06 ± 1.7288923e-06                      0.0000
     3            1.1223474e-06 ± 4.9806737e-08                       1.1676146e-06 ± 3.8855049e-08                      2.0889
     4            1.1851614e-06 ± 5.2025827e-08                       1.1738819e-06 ± 3.1152558e-08                      1.0809
     5             1.212945e-06 ± 4.9415045e-08                       1.1849595e-06 ± 2.6367978e-08                      0.8692
     6            1.1600729e-06 ± 5.3241833e-08                       1.1800725e-06 ± 2.3637689e-08                      0.6956
     7            1.2537551e-06 ± 4.9702781e-08                       1.1936193e-06 ± 2.1354488e-08                      0.9138
     8             1.173801e-06 ± 5.455925e-08                        1.1909949e-06 ± 1.9890398e-08                      0.7805
     9            1.2127592e-06 ± 4.7341971e-08                       1.1942486e-06 ± 1.8343451e-08                      0.6946
    10            1.2033362e-06 ± 5.5070782e-08                       1.1951532e-06 ± 1.7406551e-08                      0.6108
-------------------------------------------------------------------------------------------------------------------------------
nothing
[32mIntegral 1 = 0.15817644993882476 ± 0.00012409130039723685   (reduced chi2 = 0.677)[0m
[32mIntegral 2 = -4.422884365602216e-6 ± 3.972050246461263e-6   (reduced chi2 = 1.24)[0m
[32mIntegral 3 = 0.016221109986374962 ± 2.684372289352156e-5   (reduced chi2 = 0.702)[0m
[32mIntegral 4 = 0.004990250272155813 ± 1.0893072018214172e-5   (reduced chi2 = 1.06)[0m
[32mIntegral 5 = -0.0005232958312451295 ± 2.1482528121838732e-6   (reduced chi2 = 1.05)[0m
[32mIntegral 6 = -1.6202036857751096e-6 ± 3.354903895880821e-6   (reduced chi2 = 0.45)[0m
[32mIntegral 7 = -1.498597168047116e-6 ± 8.640234990642591e-7   (reduced chi2 = 1.54)[0m
[32mIntegral 8 = 2.7817771309779105e-7 ± 4.728504804009373e-7   (reduced chi2 = 1.02)[0m
[32mIntegral 9 = 8.246797360565894e-5 ± 6.276048089209821e-7   (reduced chi2 = 2.1)[0m
[32mIntegral 10 = -0.0014726187194544554 ± 4.064165102657845e-6   (reduced chi2 = 1.21)[0m
[32mIntegral 11 = -0.0002746473831932619 ± 2.385689655300308e-6   (reduced chi2 = 0.753)[0m
[32mIntegral 12 = -5.495287535222795e-5 ± 4.952745653184864e-7   (reduced chi2 = 1.08)[0m
[32mIntegral 13 = 1.1951532410551263e-6 ± 1.740655073121328e-8   (reduced chi2 = 0.611)[0m
[32mIntegral 1 = 0.15817644993882476 ± 0.00012409130039723685   (reduced chi2 = 0.677)[0m
[32mIntegral 2 = -4.422884365602216e-6 ± 3.972050246461263e-6   (reduced chi2 = 1.24)[0m
[32mIntegral 3 = 0.016221109986374962 ± 2.684372289352156e-5   (reduced chi2 = 0.702)[0m
[32mIntegral 4 = 0.004990250272155813 ± 1.0893072018214172e-5   (reduced chi2 = 1.06)[0m
[32mIntegral 5 = -0.0005232958312451295 ± 2.1482528121838732e-6   (reduced chi2 = 1.05)[0m
[32mIntegral 6 = -1.6202036857751096e-6 ± 3.354903895880821e-6   (reduced chi2 = 0.45)[0m
[32mIntegral 7 = -1.498597168047116e-6 ± 8.640234990642591e-7   (reduced chi2 = 1.54)[0m
[32mIntegral 8 = 2.7817771309779105e-7 ± 4.728504804009373e-7   (reduced chi2 = 1.02)[0m
[32mIntegral 9 = 8.246797360565894e-5 ± 6.276048089209821e-7   (reduced chi2 = 2.1)[0m
[32mIntegral 10 = -0.0014726187194544554 ± 4.064165102657845e-6   (reduced chi2 = 1.21)[0m
[32mIntegral 11 = -0.0002746473831932619 ± 2.385689655300308e-6   (reduced chi2 = 0.753)[0m
[32mIntegral 12 = -5.495287535222795e-5 ± 4.952745653184864e-7   (reduced chi2 = 1.08)[0m
[32mIntegral 13 = 1.1951532410551263e-6 ± 1.740655073121328e-8   (reduced chi2 = 0.611)[0m
Group (2, 2, 0)
 real(avg)          err    imag(avg)          err 
 -0.158176 ±   0.000124      0.000000 ±   0.000000
Group (3, 3, 0)
 real(avg)          err    imag(avg)          err 
  0.000004 ±   0.000004      0.000000 ±   0.000000
Group (4, 2, 0)
 real(avg)          err    imag(avg)          err 
 -0.016221 ±   0.000027      0.000000 ±   0.000000
Group (4, 3, 0)
 real(avg)          err    imag(avg)          err 
 -0.004990 ±   0.000011      0.000000 ±   0.000000
Group (4, 4, 0)
 real(avg)          err    imag(avg)          err 
  0.000523 ±   0.000002      0.000000 ±   0.000000
Group (5, 3, 0)
 real(avg)          err    imag(avg)          err 
  0.000002 ±   0.000003      0.000000 ±   0.000000
Group (5, 4, 0)
 real(avg)          err    imag(avg)          err 
  0.000001 ±   0.000001      0.000000 ±   0.000000
Group (5, 5, 0)
 real(avg)          err    imag(avg)          err 
 -0.000000 ±   0.000000      0.000000 ±   0.000000
Group (6, 2, 0)
 real(avg)          err    imag(avg)          err 
 -0.000082 ±   0.000001      0.000000 ±   0.000000
Group (6, 3, 0)
 real(avg)          err    imag(avg)          err 
  0.001473 ±   0.000004      0.000000 ±   0.000000
Group (6, 4, 0)
 real(avg)          err    imag(avg)          err 
  0.000275 ±   0.000002      0.000000 ±   0.000000
Group (6, 5, 0)
 real(avg)          err    imag(avg)          err 
  0.000055 ±   0.000000      0.000000 ±   0.000000
Group (6, 6, 0)
 real(avg)          err    imag(avg)          err 
 -0.000001 ±   0.000000      0.000000 ±   0.000000
Lx_3_Ly_2_U_20.0_beta_1.0_dmu_0.0_mu_10.0_order_6
U=20.0, μ=10.0, β=1.0
Model Hilbert space: 4
The lowest eigen energy per site:
[0.0, -10.0, -10.0, 0.0]
partition: [(2, 2, 0), (3, 3, 0), (4, 2, 0), (4, 3, 0), (4, 4, 0), (5, 3, 0), (5, 4, 0), (5, 5, 0), (6, 2, 0), (6, 3, 0), (6, 4, 0), (6, 5, 0), (6, 6, 0)]
neighbor: [(1, 14), (2, 1), (3, 1), (3, 2), (4, 2), (4, 3), (5, 2), (5, 4), (6, 2), (6, 3), (6, 4), (6, 5), (7, 4), (7, 5), (7, 6), (8, 5), (8, 7), (9, 3), (9, 6), (10, 4), (10, 6), (10, 7), (10, 9), (11, 5), (11, 6), (11, 7), (11, 8), (11, 10), (12, 7), (12, 8), (12, 11), (13, 8), (13, 12)]
partition: [(2, 2, 0), (3, 3, 0), (4, 2, 0), (4, 3, 0), (4, 4, 0), (5, 3, 0), (5, 4, 0), (5, 5, 0), (6, 2, 0), (6, 3, 0), (6, 4, 0), (6, 5, 0), (6, 6, 0)]
neighbor: [(1, 14), (2, 1), (3, 1), (3, 2), (4, 2), (4, 3), (5, 2), (5, 4), (6, 2), (6, 3), (6, 4), (6, 5), (7, 4), (7, 5), (7, 6), (8, 5), (8, 7), (9, 3), (9, 6), (10, 4), (10, 6), (10, 7), (10, 9), (11, 5), (11, 6), (11, 7), (11, 8), (11, 10), (12, 7), (12, 8), (12, 11), (13, 8), (13, 12)]
partition: [(2, 2, 0), (3, 3, 0), (4, 2, 0), (4, 3, 0), (4, 4, 0), (5, 3, 0), (5, 4, 0), (5, 5, 0), (6, 2, 0), (6, 3, 0), (6, 4, 0), (6, 5, 0), (6, 6, 0)]
neighbor: [(1, 14), (2, 1), (3, 1), (3, 2), (4, 2), (4, 3), (5, 2), (5, 4), (6, 2), (6, 3), (6, 4), (6, 5), (7, 4), (7, 5), (7, 6), (8, 5), (8, 7), (9, 3), (9, 6), (10, 4), (10, 6), (10, 7), (10, 9), (11, 5), (11, 6), (11, 7), (11, 8), (11, 10), (12, 7), (12, 8), (12, 11), (13, 8), (13, 12)]
partition: [(2, 2, 0), (3, 3, 0), (4, 2, 0), (4, 3, 0), (4, 4, 0), (5, 3, 0), (5, 4, 0), (5, 5, 0), (6, 2, 0), (6, 3, 0), (6, 4, 0), (6, 5, 0), (6, 6, 0)]
neighbor: [(1, 14), (2, 1), (3, 1), (3, 2), (4, 2), (4, 3), (5, 2), (5, 4), (6, 2), (6, 3), (6, 4), (6, 5), (7, 4), (7, 5), (7, 6), (8, 5), (8, 7), (9, 3), (9, 6), (10, 4), (10, 6), (10, 7), (10, 9), (11, 5), (11, 6), (11, 7), (11, 8), (11, 10), (12, 7), (12, 8), (12, 11), (13, 8), (13, 12)]
partition: [(2, 2, 0), (3, 3, 0), (4, 2, 0), (4, 3, 0), (4, 4, 0), (5, 3, 0), (5, 4, 0), (5, 5, 0), (6, 2, 0), (6, 3, 0), (6, 4, 0), (6, 5, 0), (6, 6, 0)]
neighbor: [(1, 14), (2, 1), (3, 1), (3, 2), (4, 2), (4, 3), (5, 2), (5, 4), (6, 2), (6, 3), (6, 4), (6, 5), (7, 4), (7, 5), (7, 6), (8, 5), (8, 7), (9, 3), (9, 6), (10, 4), (10, 6), (10, 7), (10, 9), (11, 5), (11, 6), (11, 7), (11, 8), (11, 10), (12, 7), (12, 8), (12, 11), (13, 8), (13, 12)]
partition: [(2, 2, 0), (3, 3, 0), (4, 2, 0), (4, 3, 0), (4, 4, 0), (5, 3, 0), (5, 4, 0), (5, 5, 0), (6, 2, 0), (6, 3, 0), (6, 4, 0), (6, 5, 0), (6, 6, 0)]
neighbor: [(1, 14), (2, 1), (3, 1), (3, 2), (4, 2), (4, 3), (5, 2), (5, 4), (6, 2), (6, 3), (6, 4), (6, 5), (7, 4), (7, 5), (7, 6), (8, 5), (8, 7), (9, 3), (9, 6), (10, 4), (10, 6), (10, 7), (10, 9), (11, 5), (11, 6), (11, 7), (11, 8), (11, 10), (12, 7), (12, 8), (12, 11), (13, 8), (13, 12)]
partition: [(2, 2, 0), (3, 3, 0), (4, 2, 0), (4, 3, 0), (4, 4, 0), (5, 3, 0), (5, 4, 0), (5, 5, 0), (6, 2, 0), (6, 3, 0), (6, 4, 0), (6, 5, 0), (6, 6, 0)]
neighbor: [(1, 14), (2, 1), (3, 1), (3, 2), (4, 2), (4, 3), (5, 2), (5, 4), (6, 2), (6, 3), (6, 4), (6, 5), (7, 4), (7, 5), (7, 6), (8, 5), (8, 7), (9, 3), (9, 6), (10, 4), (10, 6), (10, 7), (10, 9), (11, 5), (11, 6), (11, 7), (11, 8), (11, 10), (12, 7), (12, 8), (12, 11), (13, 8), (13, 12)]
partition: [(2, 2, 0), (3, partition: [(2, 2, 0), (3, 3, 0), (4, 2, 0), (4, 3, 0), (4, 4, 0), (5,3, 0), (4, 2, 0), (4, 3, 0), (4, 4, 0), (5, 3, 0), (5, 4, 0), (5, 5, 3, 0), (5, 4, 0), (5, 5, 0), (6, 2, 0 0), (6, 2, ), (6, 3, 0),0), (6, 3,  (6, 4, 0), (0), (6, 4, 06, 5, 0), (6, ), (6, 5, 0), (6, 0)]
6, 6, 0)]
neighbor: [(1, 14), (2neighbor: [(1, 14), , 1), (3, 1), (3, 2(2, 1), (3, ), (4, 2), (4, 31), (3, 2), (4, 2), (5, 2), (5,), (4, 3), ( 4), (6, 2), (6, 35, 2), (5, 4), (6, ), (6, 4), (62), (6, 3),, 5), (7, 4), (7 (6, 4), (6, 5),, 5), (7, 6), (8 (7, 4), (7, 5), , 5), (8, 7), (7, 6), (8, (9, 3), (9, 65), (8, 7), ), (10, 4), (10(9, 3), (9,, 6), (10, 7), 6), (10, 4),  (10, 9), (11, 5),(10, 6), (10, 7),  (11, 6), (11, 7), (11,(10, 9), (11, 5), (11,  8), (11, 10), (6), (11, 7), 12, 7), (12, 8(11, 8), (11, ), (12, 11), (1310), (12, 7), (12, 8), , 8), (13, 12)]
(12, 11), (13, 8), (13, 12)]
partition: [(2, 2, 0), (3, 3, 0), (4, 2, 0), (4, 3, 0), (4, 4, 0), (5, 3, 0), (5, 4, 0), (5, 5, 0), (6, 2, 0), (6, 3, 0), (6, 4, 0), (6, 5, 0), (6, 6, 0)]
neighbor: [(1, 14), (2, 1), (3, 1), (3, 2), (4, 2), (4, 3), (5, 2), (5, 4), (6, 2), (6, 3), (6, 4), (6, 5), (7, 4), (7, 5), (7, 6), (8, 5), (8, 7), (9, 3), (9, 6), (10, 4), (10, 6), (10, 7), (10, 9), (11, 5), (11, 6), (11, 7), (11, 8), (11, 10), (12, 7), (12, 8), (12, 11), (13, 8), (13, 12)]
partition: [(2, 2, 0), (3, 3, 0), (4, 2, 0), (4, 3, 0), (4, 4, 0), (5, 3, 0), (5, 4, 0), (5, 5, 0), (6, 2, 0), (6, 3, 0), (6, 4, 0), (6, 5, 0), (6, 6, 0)]
neighbor: [(1, 14), (2, 1), (3, 1), (3, 2), (4, 2), (4, 3), (5, 2), (5, 4), (6, 2), (6, 3), (6, 4), (6, 5), (7, 4), (7, 5), (7, 6), (8, 5), (8, 7), (9, 3), (9, 6), (10, 4),partition:  (10, 6), (10, 7), (10, 9), (11, 5), (11,[(2, 2, 0), (3 6), (11, 7), (11, 8), , 3, 0), (4, 2, 0),(11, 10), (12, 7), (12 (4, 3, 0), (4, 4,, 8), (12, 11), (13, 8) 0), (5, 3, 0), (5, , (13, 12)]
4, 0), (5, 5, 0), (6, 2, 0), (6, 3, 0), (6, 4, 0), (6, 5, 0), (6, 6, 0)]
neighbor: [(1, 14), (2, 1), (3, 1), (3, 2), (4, 2), (4, 3), (5, 2), (5, 4), (6, 2), (6, 3), (6, 4), (6, 5), (7, 4), (7, 5), (7, 6), (8, 5), (8, 7), (9, 3), (9, 6), (10, 4), (10, 6), (10, 7), (10, 9), (11, 5), (11, 6), (11, 7), (11, 8), (11, 10), (12, 7), (12, 8), (12, 11), (13, 8), (13, 12)]
partition: [(2, 2, 0), (3, 3, 0), (4, 2, 0), (4, 3, 0), (4, 4, 0), (5, 3, 0), (5, 4, 0), (5, 5, 0), (6, 2, 0), (6, 3, 0), (6, 4, 0), (6, 5, 0), (6, 6, 0)]
neighbor: [(1, 14), (2, 1), (3, 1), (3, 2), (4, 2), (4, 3), (5, 2), (5, 4), (6, 2), (6, 3), (6, 4), (6, 5), (7, 4), (7, 5), (7, 6), (8, 5), (8, 7), (9, 3), (9, 6), (10, 4), (10, 6), (10, 7), (10, 9), (11, 5), (11, 6), (11, 7), (11, 8), (11, 10), (12, 7), (12, 8), (12, 11), (13, 8), (13, 12)]
partition: [(2, 2, 0), (3, 3, 0), (4, 2, 0), (4, 3, 0), (4, 4, 0), (5, 3, 0), (5, 4, 0), (5, 5, 0), (6, 2, 0), (6, 3, 0), (6, 4, 0), (6, 5, 0), (6, 6, 0)]
neighbor: [(1, 14), (2, 1), (3, 1), (partition: 3, 2), (4, 2), ([(2, 24, 3), (5, 2), (, 0), (3, 3, 0)5, 4), (6, 2), (, (4, 2, 0), (4,6, 3), (6, 4),  3, 0), (4, 4, (6, 5), (7, 4),0), (5, 3, 0),  (7, 5), (7, 6(5, 4, 0), (5, ), (8, 5), (8, 75, 0), (6, 2, 0), (9, 3), (9, ), (6, 3, 0), (66), (10, 4), (10,, 4, 0), (6, 5, 6), (10, 7), (10 0), (6, 6, 0)], 9), (11, 5), (
11, 6), (11, 7), (11, 8), (11, 10), (12, 7), (12, 8), (12, 11), (13, 8), (13, 12)]
neighbor: [(1, 14), (2, 1), (3, 1), (3, 2), (4, 2), (4, 3), (5, 2), (5, 4), (6, 2), (6, 3), (6, 4), (6, 5), (7, 4), (7, 5), (7, 6), (8, 5), (8, 7), (9, 3), (9, 6), (10, 4), (10, 6), (10, 7), (10, 9), (11, 5), (11, 6), (11, 7), (11, 8), (11, 10), (12, 7), (12, 8), (12, 11), (13, 8), (13, 12)]
partition: [(2, 2, 0), (3, 3, 0), (4, 2, 0), (4, 3, 0), (4, 4, 0), (5, 3, 0), (5, 4, 0), (5, 5, 0), (6, 2, 0), (6, 3, 0), (6, 4, 0), (6, 5, 0), (6, 6, 0)]
neighbor: [(1, 14), (2, 1), (3, 1), (3, 2), (4, 2), (4, 3), (5, 2), (5, 4), (6, 2), (6, 3), (6, 4), (6, 5), (7, 4), (7, 5), (7, 6), (8, 5), (8, 7), (9, 3), (9, 6), (10, 4), (10, 6), (10, 7), (10, 9), (11, 5), (11, 6), (11, 7), (11, 8), (11, 10), (12, 7), (12, 8), (12, 11), (13, 8), (13, 12)]
partition: [(2, 2, 0), (3, 3, 0), (4, 2, 0), (4, 3, 0), (4, 4, 0), (5, 3, 0), (5, 4, 0), (5, 5, 0), (6, 2, 0), (6, 3, 0), (6, 4, 0), (6, 5, 0), (6, 6, 0)]
neighbor: [(1, 14), (2, 1), (3, 1), (3, 2), (4, 2), (4, 3), (5, 2), (5, 4), (6, 2), (6, 3), (6, 4), (6, 5), (7, 4), (7, 5), (7, 6), (8, 5), (8, 7), (9, 3), (9, 6), (10, 4), (10, 6), (10, 7), (10, 9), (11, 5), (11, 6), (11, 7), (11, 8), (11, 10), (12, 7), (12, 8), (12, 11), (13, 8), (13, 12)]
partition: [(2, 2, 0), (3, 3, 0), (4, 2, 0), (4, 3, 0), (4, 4, 0), (5, 3, 0), (5, 4, 0), (5, 5, 0), (6, 2, 0), (6, 3, 0), (6, 4, 0), (6, 5, 0), (6, 6, 0)]
neighbor: [(1, 14), (2, 1), (3, 1), (3, 2), (4, 2), (4, 3), (5, 2), (5, 4), (6, 2), (6, 3), (6, 4), (6, 5), (7, 4), (7, 5), (7, 6), (8, 5), (8, 7), (9, 3), (9, 6), (10, 4), (10, 6), (10, 7), (10, 9), (11, 5), (11, 6), (11, 7), (11, 8), (11, 10), (12, partition: [(2, 2, 0), (3, 3, 0), (4,7), (12, 8), (12, 11) 2, 0), (4, 3, 0), (4, 4, 0), (5, 3, 0),, (13, 8), (13, 12)]
 (5, 4, 0), (5, 5, 0), (6, 2, 0), (6, 3, 0), (6, 4, 0), (6, 5, 0), (6, 6, 0)]
neighbor: [(1, 14), (2, 1), (3, 1), (3, 2), (4, 2), (4, 3), (5, 2), (5, 4), (6, 2), (6, 3), (6, 4), (6, 5), (7, 4), (7, 5), (7, 6), (8, 5), (8, 7), (9, 3), (9, 6), (10, 4), (10, 6), (10, 7), (10, 9), (11, 5), (11, 6), (11, 7), partition: (11, 8), (11, 10), (12, 7)[(2, (12, 8), (12, 11), (, 2, 0), (3, 3, 0), (4, 13, 8), (13, 12)]
2, 0), (4, 3, 0), (4, 4, 0), (5, 3, 0), (5, 4, 0), (5, 5, 0), (6, 2, 0), (6, 3, 0), (6, 4, 0), (6, 5, 0), (6, 6, 0)]
neighbor: [(1, 14), (2, 1), (3, 1), (3, 2), (4, 2), (4, 3), (5, 2), (5, 4), (6, 2), (6, 3), (6, 4), (6, 5), (7, 4), (7, 5), (7, 6), (8, 5), (8, 7), (9, 3), (9, 6), (10, 4), (10, 6), (10, 7), (10, 9), (11, 5), (11, 6), (11, 7), (11, 8), (11, 10), (12, 7), (12, 8), (12, 11), (13, 8),partition:  (13, 12)]
[(2, 2, 0), (3, 3, 0), (4, 2, 0), (4, 3, 0), (4, 4, 0), (5, 3, 0), (5, 4, 0), (5, 5, 0), (6, 2, 0), (6, 3, 0), (6, 4, 0), (6, 5, 0), (6, 6, 0)]
neighbor: [(1, 14), (2, 1), (3, 1), (3, 2), (4, 2), (4, 3), (5, 2), (5, 4), (6, 2), (6, 3), (6, 4), (6, 5), (7, 4), (7, 5), (7, 6), (8, 5), (8, 7), (9, 3), (9, 6), (10, 4), (10, 6), (10, 7), (10, 9), (11, 5), (11, 6), (11, 7), (11, 8), (11, 10), (12, 7), (12, 8), (12, 11), (13, 8), (13, 12)]
partition: [(2, 2, 0), (3, 3, 0), (4, 2, 0), (4, 3, 0), (4, 4, 0), (5, 3, 0), (5, 4, 0), (5, 5, 0), (6, 2, 0), (6, 3, 0), (6, 4, 0), (6, 5, 0), (6, 6, 0)]
neighbor: [(1, 14), (2, 1), (3, 1), (3, 2), (4, 2), (4, 3), (5, 2), (5, 4), (6, 2), (6, 3), (6, 4), (6, 5), (7, 4), (7, 5), (7, 6), (8, 5), (8, 7), (9, 3), (9, 6), (10, 4), (10, 6), (10, 7), (10, 9), (11, 5), (11, 6), (11, 7), (11, 8), (11, 10), (12, 7), (12, 8), (12, 11), (13, 8), (13, 12)]
partition: [(2, 2, 0), (3, 3, 0), (4, 2, 0), (4, 3, 0), (4, 4, 0), (5, 3, 0), (5, 4, 0), (5, 5, 0), (6, 2, 0), (6, 3, 0), (6, 4, 0), (6, 5, 0), (6, 6, 0)]
neighbor: [(1, 14), (2, 1), (3, 1), (3, 2), (4, 2), (4, 3), (5, 2), (5, 4), (6, 2), (6, 3), (6, 4), (6, 5), (7, 4), (7, 5), (7, 6), (8, 5), (8, 7), (9, 3), (9, 6), (10, 4), (10, 6), (10, 7), (10, 9), (11, 5), (11, 6), (11, 7), (11, 8), (11, 10), (12, 7), (12, 8), (12, 11), (13, 8), (13, 12)]
partition: [(2, 2, 0), (3, 3, 0), (4, 2, 0), (4, 3, 0), (4, 4, 0), (5, 3, 0), (5, 4, 0), (5, 5, 0), (6, 2, 0), (6, 3, 0), (6, 4, 0), (6, 5, 0), (6, 6, 0)]
neighbor: [(1, 14), (2, 1), (3, 1), (3, 2), (4, 2), (4, 3), (5, 2), (5, 4), (6, 2), (6, 3), (6, 4), (6, 5), (7, 4), (7, 5), (7, 6), (8, 5), (8, 7), (9, 3), (9, 6), (10, 4), (10, 6), (10, 7), (10, 9), (11, 5), (11, 6), (11, 7), (11, 8), (11, 10), (12, 7), (12, 8), (12, 11), (13, 8), (13, 12)]
partition: [(2, 2, 0), (3, 3, 0), (4, 2, 0), (4, 3, 0), (4, 4, 0), (5, 3, 0), (5, 4, 0), (5, 5, 0), (6, 2, 0), (6, 3,partition: [(2, 0), ( 2, 0), (3, 3, 0), (4, 2, 0), (4, 3, 0), (4, 4, 0), (5, 3, 0), (5, 4, 0), (5, 56, 4, 0), , 0), (6, 2, (0), (6, 3, 0), (6, 4, 0), (6, 5, 0), (6, 6, 0)]
6, 5, 0), (6, 6, 0)]
neighbor: [(1, 14), neighbor: (2, 1), (3, 1), (3, 2), (4, 2), (4, 3), (5, 2), (5, 4[(1, ), (6, 2), (6, 3), (6, 4), (6, 5), (7, 4), (7, 5), (7, 6), (8, 5), (8,14),  7), (9, 3), (9, 6), (10, 4), (10, 6), (10, (7), (10, 9), (11, 5), (11, 6), (11, 7), (11, 8), (11, 10), (12, 7), (212, 8), (12, 11), (13, 8), (13,partition: , 12)]
[(2,  2, 0), (3, 3, 0), (4, 2, 0), (4, 3, 0), (41, 4, 0), (5, 3, 0), (5, 4, 0), (5, )5, 0), (6, 2, 0), (6, 3, 0), (6, 4, 0,), (6, 5, 0 ), (6, 6, 0)]
(3, 1), (3, 2), (4, 2), (neighbor: [(1, 14), (4, 32, 1), (3, 1), (3, 2), (4, 2), (4, 3)), (5, 2), (5, 4), (6, 2), (6, 3), (6, 4), , (6, 5), (7,( 4), (7, 5), (7, 6), (8, 5), (8, 7), (9, 3), (9, 6), (10, 4), (510, 6), (10, 7), (10, 9), (11, 5,), (11, 6), (11, 7), (11, 8), (11, 10), (12,  7), (12, 8), (12, 11), (13, 8), (13, 12)]
2),partition:  [(2, 2, 0),(5, 4 (3, 3, 0), (4, 2, 0), (4, ), 3, 0), (4, 4, 0), (5, 3, 0), (5, 4, 0), (5(, 5, 0), (6, 2, 0), (6, 3, 0), (6, 4, 0), (6, 5, 0), (6, 6, 0)]
6, 2), (6, 3), (6, 4), (6, 5), partition: (7, 4), (7neighbor: [(1, 14), (2, 1), (3, 1), (3, 2), (4, 2), (4, 3), (5, 2), (5, 4), (6, 2partition: ), (6, 3), (6, 4), (6, 5), (7, 4, ), (7, 5), (7, [(2, 2, 0), (3, 3, 0),6), (8, 5), (8 (4, 2, 0), (4, , 7), (9, 3), (3, 0), (4, 4, 9, 6), (10, 4)0), (5, 3, 0), , (10, 6), (10,(5, 4, 0), (5,  7), (10, 9), (11, 5), (11, 6)5, 0), (6, 2, 0, (11, 7), (11, ), (6, 3, 0), (8), (11, 10), (6, 4, 0), (6, 12, 7), (12, 85, 0), (6, 6, ), (12, 11), (130)]
, 8), (13, 12)]
5), (7[,(neighbor: [(1, 14), (2, 1) 2, (3, 1), (3, 2), (4, 2), (4, 3), ,(5, 2), (5, 46), (), (6, 2), (6, 3),  (6, 4), (6, 5)2, (7, 4), (7, 5), (7, 6), (8, 5,8, ), (8, 7), (9, 3) , (9, 6), (10,50 4), (10, 6), (10, 7), (10, 9), ()),11, 5), (11, 6), (,11, 7), (11, 8) ( , (11, 10), (12, 7), partition: (12, 8), (12, 11[(), (13, 8), (13, 12)]
2, 2, 0), (3, 8, 3, 0), (4, 2, 70), (4, 3, 0), (4, 4, 0), (5, 3, 0), (5, 4, 0), (5, 5, 0), (6,) 2, 0), (6, 3, 0), (6, 4, 0), (6, 5, 0), (6, 6,, 0)]
( (39,,neighbor: [(1, 14), (2, 1), 3) (3, 1), (3, 2), (4, 2), (4, 3), (5, 2), (5, 4), (6, ,2), (6, 3), (6, 4), (6, 5), (7, 4), (7, 5), (7,  6), (8, 5), (8, 7), (9, 3), (9, 6), (10, 4), (10(9,, 6), (10, 7), (10, 9), (11, 5), (11, 6), (11, 7), (11,  68), (11, 10), (12, 7), (12, 8), (12, 11), (13, 8), (), (13, 12)]
 10, 4), (10, 63,), (10, 0 7)),, ( (10, 9), (4,11, 5) 2, (11, , 6), (11,0) 7), , (11, 8),(4 (11, 10),,  (12, 3,7), ( 012, 8), (),12, 11), ( (13, 8), (13, 12)]
partition: [(2, 2, 0), (3, 3, 0), (4, 2, 0), (4, 3, 0), (4, 4, 0), (5, 3, 0), (5, 4, 0partition: [(2, 2), (5, 5, 0), (6, , 0), (3, 3, 0), (2, 0), (6, 3, 0), 4, 2, 0), (4, 3, (6, 4, 0), (60), (4, 4, 0),, 5, 0), (6, 6 (5, 3, 0), (5,, 0)]
 4, 0), (5, 5, 0), (6, 2, 0), (6, 3, 0), (6, 4, 0), (6, 5, 0), (6, 6, 0)]
neighbor: [(1, 14), (2, 1), (3, 1), (3, 2), (4, neighbor: [(1, 14),2), (4, 3), (2, 1), (3, 1), (3,  (5, 2), (5, 4), 2), (4, 2), (4, 3), (6, 2), (6, 3), (6(5, 2), (5, 4), (6, 4), (6, 5), (7,, 2), (6, 3), (6, 4 4), (7, 5), (7, 6), (6, 5), (7, 4), (), (8, 5), (8, 7), (9, 7, 5), (7, 6), (8, 5), (3), (9, 6), (10, 4)8, 7), (9, 3), (9, , (10, 6), (10, 7), (10,6), (10, 4), (10, 6), ( 9), (11, 5), (11, 610, 7), (10, 9), (11, 4, 4, 0), (5, 3, 0), (5, 4, 0), (5, 5, 0), (6, 2, 0), (6, 3, 0), (6, 4, 0), (6, 5, 0), (6, 6, 0)]
neighbor: [(1, 14), (2, 1), (3, 1), (3, 2), (4, 2), (4, 3), (5, 2), (5, 4), (6, 2), (6, 3), (6, 4), (6, 5), (7, 4), (7, 5), (7, 6), (8, 5), (8, 7), (9, 3), (9, 6), (10, 4), (10, 6), (10, 7), (10, 9), (11, 5), (11, 6), (11, 7), (11, 8), (11, 10), (12, 7), (12, 8), (12, 11), (13, 8), (13, 12)]
), (11, 7), (11, 8), (115), (11, 6), (11, 7), (11,, 10), (12, 7), (12,  8), (11, 10), (12, 7), (128), (12, 11), (13, 8),, 8), (12, 11), (13,  (13, 12)]
8), (13, 12)]
partition: [(2, 2, 0), (3, 3, 0), (4, 2, 0), (4, 3, 0), (4, 4, 0), (5, 3, 0), (5, 4, 0), (5, 5, 0), (6, 2, 0), (6, 3, 0), (6, 4, 0), (6, 5, 0), (6, 6, 0)]
neighbor: [(1, 14), (2, 1), (3, 1), (3, 2), (4, 2), (4, 3), (5, 2), (5, 4), (6, 2), (6, 3), (6, 4), (6, 5), (7, 4), (7, 5), (7, 6), (8, 5), (8, 7), (9, 3), (9, 6), (10, 4), (10, 6), (10, 7), (10, 9), (11, 5), (11, 6), (11, 7), (11, 8), (11, 10), (12, 7), (12, 8), (12, 11), (13, 8), (13, 12)]
partition: [(2, 2, 0), (3, 3, 0), (4, 2, 0), (4, 3, 0), (4, 4, 0), (5, 3, 0), (5, 4, 0), (5, 5, 0), (6, 2, 0), (6, 3, 0), (6, 4, 0), (6, 5, 0), (6, 6, 0)]
neighbor: [(1, 14), (2, 1), (3, 1), (3, 2), (4, 2), (4, 3), (5, 2), (5, 4), (6, 2), (6, 3), (6, 4), (6, 5), (7, 4), (7, 5), (7, 6), (8, 5), (8, 7), (9, 3partition: ), (9, 6), (10, 4), (10[(2, 2, 0), (, 6), (10, 7), (10, 9), (3, 3, 0), (4, 2, 0), (11, 5), (11, 6), (11,4, 3, 0), (4, 4, 0), 7), (11, 8), (11, 10),  (5, 3, 0), (5, 4, 0),(12, 7), (12, 8), (12,  (5, 5, 0), (6, 2, 0), 11), (13, 8), (13, 12)]
(6, 3, 0), (6, 4, 0), (6, 5, 0), (6, 6, 0)]
neighbor: [(1, 14), (2, 1), (3, 1), (3, 2), (4, 2), (4, 3), (5, 2), (5, 4), (6, 2), (6, 3), (6, 4), (6, 5), (7, 4), (7, 5), (7, 6), (8, 5), (8, 7), (9, 3), (9, 6), (10, 4), (10, 6),partition: [(2, 2, 0), (3, 3, 0), ( (10, 7), (10, 9), (11, 5), (11, 6), 4, 2, 0), (4, 3, 0), (4, 4, 0), (5, 3, 0), (5, 4, 0), (5(11, 7), (11, 8), , 5, 0), (6, (11, 10), (12, 7), (2, 0), (6, 3, 0), (6, 12, 8), (12, 11), (13, 8), (13, 12)]
4, 0), (6, 5, 0), (6, 6, 0)]
neighbor: [(1, 14), (2, 1), (3, 1), (3, 2), (4, 2), (4, 3), (5, 2), (5, 4), (6, 2), (6, 3), (6, 4), (6, 5), (7, 4), (7, 5), (7, 6), (8, 5), (8, 7), (9, 3), (9, 6), (10, 4), (10, 6), (10, 7), (10, 9), (11, 5), (11, 6), (11, 7), (11, 8), (11, 10), (12, 7), (12, 8), (12, 11), (13, 8), (13, 12)]
partition: [(2, 2, 0), (3, 3, 0), (4, 2, 0), (4, 3, 0), (4, 4, 0), (5, 3, 0), (5, 4, 0), (5, 5, 0), (6, 2, 0), (6, 3, 0), (6, 4, 0), (6, 5, 0), (6, 6, 0)]
neighbor: [(1, 14), (2, 1), (3, 1), (3, 2), (4, 2), (4, 3), (5, 2), (5, 4), (6, 2), (6, 3), (6, 4), (6, 5), (7, 4), (7, 5), (7, 6), (8, 5), (8, 7), (9, 3), (9, 6), (10, 4), (10, 6), (10, 7), (10, 9), (11, 5), (11, 6), (11, 7), (11, 8), (11, 10), (partition: [(12, 7), (12, 8), (12,2, 2, 0), (3, 3, 0), (4,  11), (13, 8), (13, 12)]
2, 0), (4, 3, 0), (4, 4, 0), (5, 3, 0), (5, 4, 0), (5, 5, 0), (6, 2, 0), (6, 3, 0), (6, 4, 0), (6, 5, 0), (6, 6, 0)]
neighbor: [(1, 14), (2, 1), (3, 1), (3, 2), (4, 2), (4, 3), (5, 2), (5, 4), (6, 2), (6, 3), (6, 4), (6, 5), (7, 4), (7, 5), (7, 6), (8, 5), (8, 7), (9, 3), (9, 6), (10, 4), (10, 6), (10, 7), (10, 9), (11, 5), (11, 6), (11, 7), (11, 8), (11, 10), (12, 7), (12, 8), (12, 11), (13, 8), (13, 12)]
partition: [(2, 2, 0), (3, 3, 0), (4, 2, 0), (4, 3, 0), (4, 4, 0), (5, 3, 0), (5, 4, 0), (5, 5, 0), (6, 2, 0), (6, 3, 0), (6, 4, 0), (6, 5, 0), (6, 6, 0)]
partition: [(2, 2, 0), (3, 3, 0), (4, 2, 0), (4, 3, 0), (4, 4, 0), (5, 3, 0), (5, 4, 0neighbor: [(1, 14), (2, 1),), (5, 5, 0), ( (3, 1), (3, 2),6, 2, 0), (6, 3 (4, 2), (4, 3),, 0), (6, 4, 0) (5, 2), (5, 4),, (6, 5, 0), (6 (6, 2), (6, 3),, 6, 0)]
 (6, 4), (6, 5), (7, 4), (7, 5), (7, 6), (8, 5), (8, 7), (9, 3), (9, 6), (10, 4), (10, 6), (10, 7), (10, 9), (11neighbor: [(1, 14), (2,, 5), (11, 6), (11,  1), (3, 1), (37), (11, 8), (11, , 2), (4, 2), (410), (12, 7), (12, , 3), (5, 2), (8), (12, 11), (13, 5, 4), (6, 2), (8), (13, 12)]
6, 3), (6, 4), (6, 5), (7, 4), (7, 5), (7, 6), (8, 5), (8, 7), (9, 3), (9, 6), (10, 4), (10, 6), (10, 7), (10, 9), (11, 5), (11, 6), (11, 7), (11, 8), (11, 10), (12, 7), (12, 8), (12, 11), (13, 8), (13, 12)]
partition: [(2, 2, 0), (3, 3, 0), (4, 2, 0), (4, 3, 0), (4, 4, 0), (5, 3, 0), (5, 4, 0), (5, 5, 0), (6, 2, 0), (6, 3, 0), (6, 4, 0), (6, 5, 0), (6, 6, 0)]
neighbor: [(1, 14), (2, 1), (3, 1), (3, 2), (4, 2), (4, 3), (5, 2), (5, 4), (6, 2), (6, 3), (6, 4), (6, 5), (7, 4), (7, 5), (7, 6), (8, 5), (8, 7), (9, 3), (9, 6), (10, 4), (10, 6), (10, 7), (10, 9), (11, 5), (11, 6), (11, 7), (11, 8), (11, 10), (12, 7), (12, 8), (12, 11), (13, 8), (13, 12)]
partition: [(2, 2, 0), (3, 3, 0), (4, 2, 0), (4, 3, 0), (4, 4, 0), (5, 3, 0), (5, 4, 0), (5, 5, 0), (6, 2, 0), (6, 3, 0), (6, 4, 0), (6, 5, 0), (6, 6, 0)]
neighbor: [(1, 14), (2, 1), (3, 1), (3, 2), (4, 2), (4, 3), (5, 2), (5, 4), (6, 2), (6, 3), (6, 4), (6, 5), (7, 4), (7, 5), (7, 6), (8, 5), (8, 7), (9, 3), (9, 6), (10, 4), (10, 6), (10, 7), (10, 9), (11, 5), (11, 6), (11, 7), (11, 8), (11, 10), (12, 7), (12, 8), (12, 11), (13, 8), (13, 12)]
partition: [(2, 2, 0), (3, 3, 0), (4, 2, 0), (4, 3, 0), (4, 4, 0), (5, 3, 0), (5, 4, 0), (5, 5, 0), (6, 2, 0), (6, 3, 0), (6, 4, 0), (6, 5, 0), (6, 6, 0)]
neighbor: [(1, 14), (2, 1), (3, 1), (3, 2), (4, 2), (4, 3), (5, 2), (5, 4), (6, 2), (6, 3), (6, 4),partition:  (6, 5), (7, 4), (7, 5), (7, 6)[(2, 2, 0), (3, 3, , (8, 5), (8, 7), (9,0), (4, 2, 0), ( 3), (9, 6), (10,4, 3, 0), (4,  4), (10, 6), (104, 0), (5, 3,, 7), (10, 9),  0), (5, 4, 0),(11, 5), (11, 6),  (5, 5, 0), (6,(11, 7), (11, 8),  2, 0), (6, 3(11, 10), (12, 7), 0), (6, 4, 0),, (12, 8), (12, 11) (6, 5, 0), (, (13, 8), (13, 6, 6, 0)]
12)]
neighbor: [(1, 14), (2, 1), (3, 1), (3, 2), (4, 2), (4, 3), (5, 2), (5, 4), (6, 2), (6, 3), (6, 4), (6, 5), (7, 4), (7, 5), (7, 6), (8, 5), (8, 7), (9, 3), (9, 6), (10, 4), (10, 6), (10, 7), (10, 9), (11, 5), (11, 6), (11, 7), (11, 8), (11, 10), (12, 7), (12, 8), (12, 11), (13, 8), (13, 12)]
partition: [(2, 2, 0), (3, 3, 0), (4, 2, 0), (4, 3, 0), (4, 4, 0), (5, 3, 0), (5, 4, 0), (5, 5, 0), (6, 2, 0), (6, 3, 0), (6, 4, 0), (6, 5, 0), (6, 6, 0)]
neighbor: [(1, 14), (2, 1), (3, 1), (3, 2), (4, 2), (4, 3), (5, 2), (5, 4), (6, 2), (6, 3), (6, 4), (6, 5), (7, 4), (7, 5), (7, 6), (8, 5), (8, 7), (9, 3), (9, 6), (10, 4), (10, 6), (10, 7), (10, 9), (11, 5), (11, 6), (11, 7), (11, 8), (11, 10), (12, 7), (12, 8), (12, partition: 11), (13, 8), (13, 12)]
[(2, 2, 0), (3, 3, 0), (4, 2, 0), (4, 3, 0), (4, 4, 0), (5, 3, 0), (5, 4, 0), (5, 5, 0), (6, 2, 0), (6, 3, 0), (6, 4, 0), (6, 5, 0), (6, 6, 0)]
neighbor: [(1, 14), (2, 1), (3, 1), (3, 2), (4, 2), (4, 3), (5, 2), (5, 4), (6, 2), (6, 3), (6, 4), (6, 5), (7, 4), (7, 5), (7, 6), (8, 5), (8, 7), (9, 3), (9, 6), (10, 4), (10, 6), (10, 7), (10, 9), (11, 5), (11, 6), (11, 7), (11, 8), (11, 10), (12, 7), (12, 8), (12, 11), (13, 8), (13, 12)]
partition: [(2, 2, 0), (3, 3, 0), (4, 2, 0), (4, 3, 0), (4, 4, 0), (5, 3, 0), (5, 4, 0), (5, 5, 0), (6, 2, 0), (6, 3, 0), (6, 4, 0), (6, 5, 0), (6, 6, 0)]
neighbor: [(1, 14), (2, 1), (3, 1), (3, 2), (4, 2), (4, 3), (5, 2), (5, 4), (6, 2), (6, 3), (6, 4), (6, 5), (7, 4), (7, 5), (7, 6), (8, partition: 5), (8, 7), (9, 3)[(2, 2,, (9, 6), (10, 4), 0), (3, 3 (10, 6), (10, 7),, 0), (4, 2 (10, 9), (11, 5), (11, 6), (11, 7), (, 0), (4, 3, 11, 8), (11, 10), (0), (4, 4, 0), (5, 312, 7), (12, 8), (, 0), (5, 4,12, 11), (13, 8), (13,  0), (5, 5, 12)]
partition: 0), (6, 2, 0), (6, 3, 0)[(2, 2, 0), (3, (6, 4, 0),, 3, 0), (4, partition:  (6, 5, 0), (2, 0), (4, 3, 06, 6, 0)]
), (4, 4, 0), [(2, 2(5, 3, 0), (5, 0), (3, 3, , 4, 0), (5, 50), (4, 2, 0), 0), (6, 2, 0, (4, 3, 0), ), (6, 3, 0), ((4, 4, 0), (5,6, 4, 0), (6, 5, 3, 0), (5, 4,  0), (6, 6, 00), (5, 5, 0))]
, (6, 2, 0), (6, 3, 0), (6, 4,neighbor: [(1, 14), (2, 1), ( 0), (6, 5, 0),3, 1), (3, 2) (6, 6, 0)]
, (4, 2), (4, 3), (5, 2), (5, 4), (6, neighbor: [(1, 14), (2, 12), (6, 3), (6), (3, 1), (3, 4), (6, 5), , 2), (4, 2), ((7, 4), (7,4, 3), (5, 2 5), (7, 6), (), (5, 4), (6, 8, 5), (8, 72), (6, 3), (6,), (9, 3), (9,  4), (6, 5), (7neighbor: [(1, 14)6), (10, 4), (10, 4), (7, 5), (, (2, 1), (3, , 6), (10, 7), 7, 6), (8, 5), (1), (3, 2), (4(10, 9), (11, 5)8, 7), (9, 3), , 2), (4, 3), , (11, 6), (11,(9, 6), (10, 4)(5, 2), (5, 4 7), (11, 8), , (10, 6), (10, ), (6, 2), (6(11, 10), (12, 7),7), (10, 9), (11, , 3), (6, 4), ( (12, 8), (12, 115), (11, 6), (11, 6, 5), (7, 4),), (13, 8), (13,7), (11, 8), (11, (7, 5), (7, 6 12)]
 10), (12, 7), ), (8, 5), (8(12, 8), (12, 11),, 7), (9, 3),  (13, 8), (13, 12(9, 6), (10, 4))]
, (10, 6), (10, 7), (10, 9), (11, 5), (11, 6), (11, 7), (11, 8), (11, 10), (12, 7), (12, 8), (12, 11), (13, 8), (13, 12)]
partition: [(2, 2, 0), (3, 3, 0), (4, 2, 0), (partition: 4, 3, 0), (4, 4, 0), (5, [(2, 2, 0)3, 0), (5, , (3, 3, 0),4, 0), (5, 5 (4, 2, 0), (, 0), (6, 2,4, 3, 0), (4, 0), (6, 3,  4, 0), (5, 0), (6, 43, 0), (5,, 0), (6, 5,  4, 0), (5, 50), (6, 6, , 0), (6, 2,0)]
 0), (6, 3, 0), (6, 4, 0), (6, 5, 0), (6, 6, 0)]
neighbor: [(1, 14), (2, 1), (3, 1), (3, 2)partition: , (4, 2), (4, [(2, neighbor: [(1, 14), (3), (5, 2), (2, 0), (3, 3, 02, 1), (3, 1), 5, 4), (6, 2)), (4, 2, 0),(3, 2), (4, 2, (6, 3), (6, (4, 3, 0), (4), (4, 3), (5,  4), (6, 5), , 4, 0), (5, 32), (5, 4), (6(7, 4), (7, 5, 0), (5, 4, , 2), (6, 3), (), (7, 6), (8,0), (5, 5, 0), 6, 4), (6, 5), 5), (8, 7), (6, 2, 0), (6, (7, 4), (7, 5)(9, 3), (9, 6), ( 3, 0), (6, 4, 0),, (7, 6), (8, 5), 10, 4), (10, 6) (6, 5, 0), (6,(8, 7), (9, 3), (10, 7), (10, 6, 0)]
, (9, 6), (10, 4 9), (11, 5), (), (10, 6), (10,11, 6), (11, 7 7), (10, 9), (), (11, 8), 11, 5), (11, 6(11, 10), (12, ), (11, 7), (11, 7), (12, 8), 8), (11, 10), (12, 11), (13, 8(12, 7), (12, 8)), (13, 12)]
, (12, 11), (13,neighbor: [(1, 14), (2, 1), ( 8), (13, 12)]
3, 1), (3, 2), (4, 2), (4, 3), (5, 2), (5, 4), (6, 2), (6, 3), (6, 4), (6, 5), (7, 4), (7, 5), (7, 6), (8, 5), (8, 7), (9, 3), (9, 6), (10, 4), (10, 6), (10, 7), (10, 9), (11, 5), (11, 6), (11, 7), (11, 8), (11, 10), (12, 7), (12, 8), (12, 11), (13, 8), (13, 12)]
partition: [(2, 2, 0), (3, 3, 0), (4, 2, 0), (4, 3, 0), (4, 4, 0), (5, 3, 0), (5, 4, 0), (5, 5partition: [(2, 2, 0), (3, 3, 0), (4, 2, 0), 0), (6, 2, 0),, (4, 3, 0), (4, 4, 0), (5, 3, 0), (5, 4, 0) (6, 3, 0), (, (5, 5, 0), (6,6, 4, 0), (6,  2, 0), (6, 3, 5, 0), (6, 6, 0)]
0), (6, 4, 0), (6, 5, 0), (6, 6, 0)]
neighbor: [(1, 14),neighbor: [(1, 14), ( (2, 1), (3, 1), (3, 2), (4, 2)2, 1), (3, 1), (3, , (4, 3), (5, 22), (4, 2), (4, ), (5, 4), (6,3), (5, 2), (5 2), (6, 3), (6, 4), (6, 2), (, 4), (6, 5), (6, 3), (6, 4),7, 4), (7, 5), ( (6, 5), (7, 7, 6), (8, 5), 4), (7, 5), (7, 6), (8, 5), (8, 7), (9, 3)(8, 7), (9, 3), (9, 6), (10, 4), (9, 6), (10, , (10, 6), (10, 4), (10, 6), (10,7), (10, 9), (11,  7), (10, 9), (5), (11, 6), (11,11, 5), (11, 6), 7), (11, 8), ( (11, 7), (11, 811, 10), (12, 7),), (11, 10), ( (12, 8), (12, 11)12, 7), (12, 8),, (13, 8), (13, 12 (12, 11), (13, )]
8), (13, 12)]
partition: [(2, 2, 0), (3, 3, 0), (4, 2, 0), (4, 3, 0), (4, 4, 0), (5, 3, 0), (5, 4, 0), (5, 5, 0), (6, 2, 0), (6, 3, 0), (6, 4, 0), (6, 5, 0), (6, 6, 0)]
neighbor: [(1, 14), (2, 1), (3, 1), (3, 2), (4, 2), (4, 3), (5, 2), (5, 4), (6, 2), (6, 3), (6, 4), (6, 5), (7, 4), (7, 5), (7, 6), (8, 5), (8, 7), (9, 3), (9, 6), (10, 4), (10, 6), (10, 7), (10, 9), (11, 5), (11, 6), (11, 7), (11, 8), (11, 10), (12, 7), (12, 8), (12, 11), (13, 8), (13, 12)]
partition: [(2, 2, 0), (3, 3, 0), (4, 2, 0), (4, 3, 0), (4, 4, 0), (5, 3, 0), (5, 4, 0), (5, 5, 0), (6, 2, 0), (6, 3, 0), (6, 4, 0), (6, 5, 0), (6, 6, 0)]
neighbor: [(1, 14), (2, 1),partition:  (3, 1), (3, 2), (4, 2), (4, [(2, 2, 0), (3,3), (5, 2), (5,  3, 0), (4, 4), (6, 2), (2, 0), (4, 3, 6, 3), (6, 4), 0), (4, 4, (6, 5), (7, 40), (5, 3, 0),), (7, 5), (7,  (5, 4, 0), 6), (8, 5), ((5, 5, 0), (6,8, 7), (9, 3),  2, 0), (6, (9, 6), (10, 3, 0), (6, 4,4), (10, 6), (10, 0), (6, 5, 0 7), (10, 9), (), (6, 6, 0)]
11, 5), (11, 6), (11, 7), (11, 8), (11, 10), (12, 7), (12, 8), (12, 11), (13, 8), (13, 12)]
neighbor: [(1, 14), (2, 1), (3, 1), (3, 2), (4, 2), (4, 3), (5, 2), (5, 4), (6, 2), (6, 3), (6, 4), (6, 5), (7, 4), (7, 5), (7, 6), (8, 5), (8, 7), (9, 3), (9, 6), (10, 4), (10, 6), (10, 7), (10, 9), (11, 5), (11, 6), (11, 7), (11, 8), (11, 10), (12, 7), (12, 8), (12, 11), (13, 8), (13, 12)]
partition: [(2, 2, 0), (3, 3, 0), (4, 2, 0), (4, 3, 0), (4, 4, 0), (5, 3, 0), (5, 4, 0), (5, 5, 0), (6, 2, 0), (6, 3, 0), (6, 4, 0), (6, 5, 0), (6, 6, 0)]
neighbor: [(1, 14), (2, 1), (3, 1), (3, 2), (4,partition:  2), (4, 3), (5, 2), (5, 4),[(2, 2, 0), (3 (6, 2), (6,, 3, 0), (4,  3), (6, 4), (2, 0), (4, 3, 06, 5), (7, 4), (4, 4, 0), ), (7, 5), (7,(5, 3, 0), (5,  6), (8, 5), 4, 0), (5, 5, (8, 7), (9, 30), (6, 2, 0), ), (9, 6), (10(6, 3, 0), (6,, 4), (10, 6), ( 4, 0), (6, 5, 10, 7), (10, 9),0), (6, 6, 0)]
 (11, 5), (11, 6), (11, 7), (11, 8), (11, 10), (12, 7), (12, 8), (12, 11), (13, 8), (13, 12)]
neighbor: [(1, 14), (2, 1), (3, 1), (3, 2), (4, 2), (4, 3), (5, 2), (5, 4), (6, 2), (6, 3), (6, 4), (6, 5), (7, 4), (7, 5), (7, 6), (8, 5), (8, 7), (9, 3), (9, 6), (10, 4), (10, 6), (10, 7), (10, 9), (11, 5), (11, 6), (11, 7), (11, 8), (11, 10), (12partition: , 7), (12, 8), (12, 11), (13, 8)[(2, 2, , (13, 12)]
0), (3, 3, 0), (4, 2, 0), (4, 3, 0), (4, 4, 0), (5, 3, 0), partition: (5, 4, 0), (partition: [(5, 5, 0), (6, 2[(2, 2, 0, 0), (6, 3, 2, 2, 0), ), (3, 3, 0)0), (6, 4, 0),(3, 3, 0, (4, 2, 0), ( (6, 5, 0), (), (4, 2, 0)4, 3, 0), (4,6, 6, 0)]
, (4, 3, 0), ( 4, 0), (5, 3, 4, 4, 0), (5, 0), (5, 4, 0), (3, 0), (5, 4, 05, 5, 0), (6, 2,), (5, 5, 0), (6 0), (6, 3, 0), (, 2, 0), (6, 3,6, 4, 0), (6, 5, 0), (6, 4, 0) 0), (6, 6, 0), (6, 5, 0), (6]
, 6, 0)]
partition: [(2, 2, 0), (3, 3, 0), (partition: [(2, 2, 0), (3, 3, 0), (4, 2, 0), (4, 3, 0), (4, 4, 0), (5, 3, 0), (5, 4, 0), (5, 5, 0), (6, 2, 0), (6, 3, 0), (6, 4, 0), (6, 5, 0), (6, 6, 0)]
4, 2, 0neighbor: [(1, 14), (2, 1), (3, 1), (3, 2), (4, 2), (4, 3), (5, 2), (5, 4), (6, 2), (6, 3), (6, 4), (6, 5), (7, 4), (7, partition: 5), (7, 6), (8, 5), (8, 7[(2, 2, 0)), (9, 3), (9, 6), (, (3, 3, 0), (4, 210, 4), (10, 6), (10, 7),, 0), (4, 3, 0), (4, 4, (10, 9), (11, 5), (11, 0), (5, 3, 0), (5,  6), (11, 7), (11, 8), (4, 0), (5, 5, 0), (6, 211, 10), (12, 7), (12, , 0), (6, 3, 0),8), (12, 11), (13, 8), (13 (6, 4, 0), (6, 5, 0), (, 12)]
6, 6, 0)]
), neighbor: [(1, 14), (2, 1), (3, 1), (3, 2), (4, 2), (4, 3), (5, 2), (5, 4), (6, 2), (6, 3), (6, 4), (6, 5), (7, 4), (7, 5), (7, 6), (8, 5),partition: partition:  (8, 7), (9, 3), (9, 6), (10, 4),[(2, 2, [(2 (10, 6), (10, 7), (10, 90), (3, 3, 0), (4, 2, 0, 2, 0), (3, 3, 0), (4, ), (11, 5), (11, 6), (11, 7), (), (4, 3, 0), (4, 4, 0), (2, 0), (4, 3, 0), (4, 4, 11, 8), (11, 10), (12, 7), (5, 3, 0), (5, 4, 0), (5, 0), (5, 3, 0), (5, 4, 0), (512, 8), (12, 11), (13, 8), (13, 125, 0), (6, 2, 0), (6, 3, , 5, 0), (6, 2, 0), (6, )]
0), (6, 4, 0), (6, 5, 0), 3, 0), (6, 4, 0), (6, 5, 0),(6, 6, 0)]
 (6, 6, 0)]
(4neighbor: [(1, 14), (2, 1), (3, 1), (3, 2), (4, 2), (4, 3), (5, 2), (5, 4), (6, 2), (6, 3), (6, 4), (6, 5), (7, 4), (7, 5), (7, 6), (8, 5), (8, 7), (9, 3), (9, 6), (10, 4), (10, 6), (10, 7), (10, 9), (11, 5), (11, 6), (11, 7), (11, 8), (11, 10), (12, 7), (12, 8), (12, 11), (13, 8), (13, 12)]
partition: [(2, 2, 0), (3, 3, 0), (4, 2, 0), (4, 3, 0), (4, 4, 0), (5, 3, 0), (5, 4, 0), (5, 5, 0), (6, 2, 0), (6, 3, 0), (6, 4, 0), (6, 5, 0), (6, 6, 0)]
neighbor: [(1, 14), (2, 1), (3, 1), (3, 2), (4, 2), (4, 3), (5, 2), (5, 4), (6, 2), (6, 3), (6, 4), (6, 5), (7, 4), (7, 5), (7, 6), (8, 5), (8, 7), (9, 3), (9, 6), (10, 4), (10, 6), (10, 7), (10, 9), (11, 5), (11, 6), (11, 7), (11, 8), (11, 10), (12, 7), (12, 8), (12, 11), (13, 8), (13, 12)]
,neighbor: [(1, 14), (2, 1), (3, 1), (3, 2), (4, 2), (4, 3), (5, 2), (5, 4), (6, 2), (6, 3), (6, 4), (6, 5), (7, 4), (7, 5), (7, 6), (8, 5), (8, 7), (9, 3), (9, 6), (10, 4), (10, 6), (10, 7), (10, 9), (11, 5), (11, 6), (11, 7), (11, 8), (11, 10), (12, 7), (12, 8), (12, 11), (13, 8), (13, 12)]
neighbor: [(1, 14), (partition: [(2, 2, 0), (3, 3, 0), (4, 2, 0), (4, 3, 0), (4, 4, 0), (5, 3, 0), (5, 4, 0), (5, 5, 0), (6, 2, 0), (6, 3, 0), (6, 4, 0), (6, 5, 0), (6, 6, 0)]
neighbor: [(1, 14), (2, 1), (3, 1), (3, 2), (4, 2), (4, 3), (5, 2), (5, 4), (6, 2), (6, 3), (6, 4), (6, 5), (7, 4), (7, 5), (7, 6), (8, 5), (8, 7), (9, 3), (9, 6), (10, 4), (10, 6), (10, 7), (10, 9), (11, 5), (11, 6), (11, 7), (11, 8), (11, 10), (12, 7), (12, 8), (12, 11), (13, 8), (13, 12)]
neighbor: [(1, 14), (2, 1), (3, 1), (3, 2), (4, 2), (4, 3), (5, 2), (5, 4), (6, 2), (6, 3), (6, 4), (6, 5), (7, 4), (7, 5), (7, 6), (8, 5), (8, 7), (9, 3), (9, 6), (10, 4), (10, 6), (10, 7), (10, 9), (11, 5), (11, 6), (11, 7), (11, 8), (11, 10), (12, 7), (12, 8), (12, 11), (13, 8), (13, 12)]
neighbor: [(2, 1), (3, 1), (3, 21, 14), (2, 1), (3, ), (4, 2), (4, 3), (1), (3, 2), (4, 2), (45, 2), (5, 4), (6, 2),, 3), (5, 2), (5, 4), (6, 3), (6, 4), (6, (6, 2), (6, 3), (6,  5), (7, 4), (7, 5), (4), (6, 5), (7, 4), (7,7, 6), (8, 5), (8, 7) 5), (7, 6), (8, 5), (, (9, 3), (9, 6), (10, 8, 7), (9, 3), (9, 6), (104), (10, 6), (10, 7), (10partition: , 4), (10, 6), (10, 7),, 9), (11, 5), (11, 6) (10, 9), (11, 5), (11, (11, 7), (11, 8), (11,[(2, 2, 0), 6), (11, 7), (11, 8), (11, , (3, 3, 0), (4,  10), (12, 7), (12, 8), (2, 0), (4, 3, 0), 10), (12, 7), (12, 8), (12(4, 4, 0), (5, 3,12, 11), (13, 8), (13, 12) 0), (5, 4, 0), (, 11), (13, 8), (13, 12]
5, 5, 0), (6, 2, )]
0), (6, 3, 0), ( 6, 4, 0), (6, 5, 0), (6, 6, 0)]
3, 0neighbor: [(1, 14), ()2, 1), (3, 1), (3, 2,), (4, 2), (4, 3), (5, 2), (5, 4),  (6, 2), (6, 3), (6, 4), (6, 5)(, (7, 4), (7, 5), (7, 6), (8, 54), (8, 7), (9, 3), (9, 6), (10, 4,), (10, 6), (10,  7), (10, 9), (11, 5),4 (11, 6), (11, 7), (11, 8), (11, 10),, (12, 7), (12, 8), (12, 11), (13, 8 ), (13, 12)]
0),partition: [(2, 2, 0), (3, 3, 0), (4, 2, 0), (4, 3, 0), (4, 4, 0), (5, 3, 0), (5, 4, 0), (5, 5, 0), (6, 2, 0), (6, 3, 0), (6, 4, 0), (6, 5, 0), (6, 6, 0)]
neighbor: [(1, 14), (2, 1), (3, 1), (3, 2), (4, 2), (4, 3), (5, 2), (5, 4), (6, 2), (6, 3), (6, 4), (6, 5), (7, 4), (7, 5), (7, 6), (8, 5), (8, 7), (9, 3), (9, 6), (10, 4), (10, 6), (10, 7), (10, 9), (11, 5), (11, 6), (11, 7), (11, 8), (11, 10), (12, 7), (12, 8), (12, 11), (13, 8), (13, 12)]
partition: [(2, 2, 0), (3, 3, 0), (4, 2, 0), (4, 3, 0), (4, 4, 0), (5, 3, 0), (5, 4, 0), (5, 5, 0), (6, 2, 0), (6, 3, 0), (6, 4, 0), (6, 5, 0), (6, 6, 0)]
neighbor: [(1, 14), (2, 1), (3, 1), (3, 2), (4, 2), (4, 3), (5, 2), (5, 4), (6, 2), (6, 3), (6, 4), (6, 5), (7, 4), (7, 5), (7, 6), (8, 5), (8, 7), (9, 3), (9, 6), (10, 4), (10, 6), (10, 7), (10, 9), (11, 5), (11, 6), (11, 7), (11, 8), (11, 10), (12, 7), (12, 8), (12, 11), (13, 8), (13, 12)]
partition: [(2, 2, 0), (3, 3, 0), (4, 2, 0), (4, 3, 0), (4, 4, 0), (5, 3, 0), (5, 4, 0), (5, 5, 0), (6, 2, 0), (6, 3, 0), (6, 4, 0), (6, 5, 0), (6, 6, 0)]
neighbor: [(1, 14), (2, 1), (3, 1), (3, 2), (4, 2), (4, 3), (5, 2), (5, 4), (6, 2), (6, 3), (6, 4), (6, 5), (7, 4), (7, 5), (7, 6), (8, 5), (8, 7), (9, 3), (9, 6), (10, 4), (10, 6), (10, 7), (10, 9), (11, 5), (11, 6), (11, 7), (11, 8), (11, 10), (12, 7), (12, 8), (12, 11), (13, 8), (13, 12)]
 (5, 3, 0), (5, 4, 0), (5, 5, 0), (6, 2, 0), (6, 3, 0), (6, 4, 0), (6, 5, 0), (6, 6, 0)]
neighbor: [(1, 14), (2, 1), (3, 1), (3, 2), (4, 2), (4, 3), (5, 2), (5, 4), (6, 2), (6, 3), (6, 4), (6, 5), (7, 4), (7, 5), (7, 6), (8, 5), (8, 7), (9, 3), (9, 6), (10, 4), (10, 6), (10, 7), (10, 9), (11, 5), (11, 6), (11, 7), (11, 8), (11, 10), (12, 7), (12, 8), (12, 11), (13, 8), (13, 12)]
partition: [(2, 2, 0), (3, 3, 0), (4, 2, 0), (4, 3, 0), (4, 4, 0), (5, 3, 0), (5, 4, 0), (5, 5, 0), (6, 2, 0), (6, 3, 0), (6, 4, 0), (6, 5, 0), (6, 6, 0)]
neighbor: [(1, 14), (2, 1), (3, 1), (3, 2), (4, 2), (4, 3), (5, 2), (5, 4), (6, 2), (6, 3), (6, 4), (6, 5), (7, 4), (7, 5), (7, 6), (8, 5), (8, 7), (9, 3), (9, 6), (10, 4), (10, 6), (10, 7), (10, 9)partition: , (11, 5), (11, 6), [((11, 7), (11, 8), (11, 10), (12, 7), 2, 2, 0), ((12, 8), (12, 11),3, 3, 0),partition:  (4, 2, 0), (13, 8), (13, 12)]
 (4, 3, 0)[(, (4, 4, 02, 2, 0), (3, ), (5, 3,3, 0), (4, 2 0), (5, , 0), (4, 3, 0),4, 0), (5, 5, 0), (6, (4, 4, 0), (5 2, 0), (, 3, 0), (5, 46, 3, 0), (6, 4, 0), 0), (5, 5, 0), (6, 5, 0), (6, 6, , (6, 2, 0), (0)]
6, 3, 0), (6, 4, 0), (6, 5, 0), (6, 6, 0)]
neighbor: [(1, 14), (2, 1), (3, 1), (3, 2neighbor: [(1, 14), (), (4, 2), 2, 1), (3, 1), (3, (4, 3), (52), (4, 2), (4, , 2), (5,3), (5, 2), (5 4), (6, 2), (6, 3), (, 4), (6, 2), (6, 4), (6,6, 3), (6, 4), 5), (7, 4), (7, 5) (6, 5), (7, 4), (7, 6), , (7, 5), (7, 6(8, 5), (8,), (8, 5), (8,  7), (9, 37), (9, 3), (9,), (9, 6) 6), (10, 4), (, (10, 4), (10, 6), (10, 10, 6), (10, 7), (7), (10, 9), (11, 5), 10, 9), (11, 5)(11, 6), (11, (11, 6), (11, , 7), (11, 7), (11, 8), (11,8), (11, 10) 10), (12, 7), (, (12, 7), (12, 8), (12, 8), (12, 11), 12, 11), (13,(13, 8), (13, 12)] 8), (13, 12)]

partition: [(2, 2, 0), (3, 3, 0), (4, 2, 0), (4, 3, 0), (4, 4, 0), (5, 3, 0), (5, 4, 0), (5, 5, 0), (6, 2, 0), (6, 3, 0), (6, 4, 0), (6, 5, 0), (6, 6, 0)]
neighbor: [(1, 14), (2, 1), (3, 1), (3, 2), (4, 2), (4, 3), (5, 2), (5, 4), (6, 2), (6, 3), (6, 4), (6, 5), (7, 4), (7, 5), (7, 6), (8, 5), (8, 7), (9, 3), (9, 6), (10, 4), (10, 6), (10, 7), (10, 9), (11, 5), (11, 6), (11, 7), (11, 8), (11, 10), (12, 7), partition: (12, 8), (12, 11[(2, 2, 0), (3, ), (13, 8), (133, 0), (4, 2, 0),, 12)]
 (4, 3, 0), (4, 4, 0), (5, 3, 0), (5, 4, 0), (5, 5, 0), (6, 2, 0), (6, 3, 0), (6, 4, 0), (6, 5, 0), (6, 6, 0)]
neighbor: [(1, 14), (2, 1), (3, 1), (3, 2), (4, 2), (4, 3), (5, 2), (5, 4), (6, 2), (6, 3), (6, 4), (6, 5), (7, 4), (7, 5), (7, 6), (8, 5), (8, 7), (9, 3), (9, 6), (10, 4), (10, 6), (10, 7), (10, 9), (11, 5), (11, 6), (11, 7), (11, 8), (11, 10), (12, 7), (12, 8), (12, 11), (13, 8), (13, 12)]
partition: [(2, 2, 0), (3, 3, 0), (4, 2, 0), (4, 3, 0), (4, 4, 0), (5, 3, 0), (5, 4, 0), (5, 5, 0), (6, 2, 0), (6, 3, 0), (6, 4, 0), (6, 5, 0), (6,partition: [(2, 2, 0), (3, 3, 0), (4, 2, 0), (4, 3, 0), (4, 4, 6, 0)]
 0), (5, 3, 0), (5, 4, 0), (5, 5, 0), (6, 2, 0), (6, 3, 0), (6, 4, 0), (6, 5, 0), (6, 6, 0)]
neighbor: [(1, 14), (2, 1), (3, 1), (3, 2), (4, 2), neighbor: [(1, 14), ((4, 3), (5, 2), (5, 4), (6, 2)2, 1), (3, 1), (3, 2, (6, 3), (6), (4, 2), (4, 3), 4), (6, 5), (7, 4), (7, 5), (7, 6), (, (5, 2), (5,8, 5), (8, 7), (9,  4), (6, 2), (63), (9, 6), (10, 3), (6, 4), (6, 5), (7, 4),, 4), (10, 6), (7, 5), (7, 6) (10, 7), (10, , (8, 5), (8, 9), (11, 5), (117), (9, 3), (9,, 6), (11, 7),  6), (10, 4), (10(11, 8), (11, 10),, 6), (10, 7),  (12, 7), (12, 8), (12, 11), (13,(10, 9), (11, 5), (11, 6), (11, 7), 8), (13, 12)]
 (11, 8), (11, 10),partition: [( (12, 7), (12, 8),2, 2, 0), (12, 11), (13, 8), (3, 3, 0), (4, 2partition:  (13, 12)]
, 0), (4, 3, 0), (4, 4, 0), [(2(5, 3, 0), (5, , 2, 0), (3, 4, 0), (5, 5, 0), 3, 0), (4, 2, 0),(6, 2, 0), (6,  (4, 3, 0), (4,3, 0), (6, 4,  4, 0), (5, 3, 0), (0), (6, 5, 0),5, 4, 0), (5, 5 (6, 6, 0)]
, 0), (6, 2, 0), (6, 3, 0), (6,partition:  4, 0), (6, 5, 0)[(, (6, 6, 0)]
2, 2, 0), (3, 3, 0), (4, 2, 0), (4, 3, 0), (4, 4, 0neighbor: [(1, 14), (5, 3, 0), (5), (2, 1), (3, , 4, 0), (5, 5,1), (3, 2), (4,  0), (6, 2, 0),2), (4, 3), (5 (6, 3, 0), (6, 2), (5, 4), (6,, 4, 0), (6, 5, neighbor: [(1, 14),  2), (6, 3), (60), (6, 6, 0)]
, 4), (6, 5), (7(2, 1), (3, 1), (3,, 4), (7, 5), 2), (4, 2), (4,  (7, 6), (8, 53), (5, 2), (5, ), (8, 7), (94), (6, 2), (6, , 3), (9, 6),3), (6, 4), (6, 5), (10, 4), (10, 6),  (7, 4), (7, 5),(10, 7), (10, 9 (7, 6), (8, 5), ), (11, 5), (11,(8, 7), (9, 3), ( 6), (11, 7), (119, 6), (10, 4), (10neighbor: [(1, 14), (2, 6), (10, 7), (10, 9, 8), (11, 10), (, 1), (3, 1), (), (11, 5), (11, 6), (1112, 7), (12, 8), 3, 2), (4, 2), (12, 11), (13, 8), , 7), (11, 8), (11, (4, 3), (5, 2),(13, 12)]
10), (12, 7), (12,  (5, 4), (6, 2), (6, 3), (8), (12, 11), (13, 6, 4), (6, 5), (7, 4), (7, 8), (13, 12)]
5), (7, 6), (8, 5), (8, 7), (9, 3), (9, 6), (10, 4), (10, 6), (10, 7), (10, 9), (11, 5), (11, 6), (11, 7), (11, 8), (11, 10), (12, 7), (12, 8), (12, 11), (13, 8), (13, 12)]
partition: [(2, 2, 0), (3, 3, 0), (4, 2, 0), (4, 3, 0), (4, 4, 0), (5, 3, 0), (5, 4, 0), (5, 5, 0)partition: , (6, 2, 0),[(2, 2, 0), (6, 3, 0),  (3, 3, 0), (4, 2,(6, 4, 0) 0), (4, 3, 0), (, (6, 5, 0), (6, 6, 0)]
4, 4, 0), (5, 3, 0), (5, 4, 0), (5, 5, 0), (6, 2, 0), (6, 3, 0), (6, 4, 0), (6, 5, 0), (6, 6, 0)]
neighbor: [(1, 14), (2, 1), (3, 1), (3, 2), (4, 2), (4, 3), (5, 2), (5, 4), (6, 2), (6, 3), (6, 4),neighbor: [(1, 14), (6, 5), (7, (2, 1), (3, 1),  4), (7, 5), (7, 6), ((3, 2), (4, 2), 8, 5), (8, (4, 3), (5, 2)7), (9, 3), (, (5, 4), (6, 29, 6), (10, 4), (6, 3), (6, ), (10, 6), (4), (6, 5), (7, 10, 7), (10, 94), (7, 5), (7,), (11, 5), ( 6), (8, 5), (811, 6), (11, 7partition: [), (11, 8), 7), (9, 3), (9, 6, (11, 10), ((2, 2, 0), (3, 12, 7), (12, ), (10, 4), (10, 6), (10,8), (12, 11), 3, 0), (4, 2, 0), ((13, 8), (13,  7), (10, 9), (11, 5)12)]
4, 3, 0), (4, 4, 0),, (11, 6), (11, 7), (11,  (5, 3, 0), (5, 48), (11, 10), (12, 7, 0), (5, 5, 0), (6), (12, 8), (12, 11), , 2, 0), (6, 3, 0), (6,(13, 8), (13, 12)]
 4, 0), (6, 5, 0), (6, 6, 0)]
neighbor: [(1, 14), (2, 1), (3, 1), (3, 2), (4, 2), (4, 3), (5, 2), (5, 4), (6, 2), (6, 3), (6, 4), (6, 5), (7, 4), (7, 5), (7, 6), (8, 5), (8, 7), (9, 3), (9, 6), (10, 4), (10, 6), (10, 7), (10, 9), (11, 5), (11, 6), (11, 7), (11, 8), (11, 10), (12, 7), (12, 8), (12, 11), (13, 8), (13, 12)]
partition: [(2, 2, 0), (3, 3, 0), (4, 2, 0), (4, 3, 0), (4, 4, 0), (5, 3, 0), (5, 4, 0), (5, 5, 0), (6, 2, 0), (6, 3, 0), (6, 4, 0), (6, 5, 0), (6, 6, 0)]
neighbor: [(1, 14), (2, 1), (3, 1), (3, 2), (4, 2), (4, 3), (5, 2), (5, 4), (6, 2), (6, 3), (6, 4), (6, 5), (7, 4), (7, 5), (7, 6), (8, 5), (8, 7), (9, 3), (9, 6), (10, 4), (10, 6), (10, 7), (10, 9), (11, 5), (11, 6), (11, 7), (11, 8), (11, 10), (12, 7), (12, 8), (12, 11), (13, 8), (13, 12)]
partition: [(2, 2, 0), (3, 3, 0), (4, 2, 0), (4, 3, 0), (4, 4, 0), (5, 3, 0), (5, 4, 0), (5, 5, 0), (6, 2, 0), (6, 3, 0), (6, 4, 0), (6, 5, 0), (6, 6, 0)]
neighbor: [(1, 14), (2, 1), (3, 1), (3, 2), (4, 2), (4, 3), (5, 2), (5, 4), (6, 2), (6, 3), (6, 4), (6, 5), (7, 4), (7, 5), (7, 6), (8, 5), (8, 7), (9, 3), (9, 6), (10, 4), (10, 6), (10, 7), (10, 9), (11, 5), (11, 6), (11, 7), (11, 8), (11, 10), (12, 7), (12, 8), (12, 11), (13, 8), (13, 12)]
partition: [(2, 2, 0), (3, 3, 0), (partition: [(2, 2, 0), (3, 3, 0), (4, 2, 0), (4, 3, 0), (4, 4, 4, 2, 0), (4, 3, 0), (4, 4, 0), (5, 3, 0), (5, 4, 0), (5, 5, 0), (6, 20), (5, 3, 0), (5, 4, 0), (5, 0), (6, 3, 0), (, 5, 0), (6, 2, 0), 6, 4, 0), (6, 5, 0),(6, 3, 0), (6, 4, 0) (6, 6, 0)]
, (6, 5, 0), (6, 6, 0)]
neighbor: [(1neighbor: [(1, 14), (2, 1, 14), (2, 1), (3, 1)), (3, 1), (3, 2), (, (3, 2), (4, 2), (4, 4, 2), (4, 3), (5, 2)3), (5, 2), (5, 4),, (5, 4), (6, 2), ( (6, 2), (6, 3), (6,6, 3), (6, 4), (6, 5), ( 4), (6, 5), (7, 4),7, 4), (7, 5), (7,  (7, 5), (7, 6), (8, 6), (8, 5), (8, 7), (9, 5), (8, 7), (9, 3), (9,3), (9, 6), (10, 4), (10 6), (10, 4), (10, 6), (10, 6), (10, 7), (10, 9), (, 7), (10, 9), (11, 511, 5), (11, 6), (11,), (11, 6), (11, 7), ( 7), (11, 8), (11, 10), 11, 8), (11, 10), (12,(12, 7), (12, 8), (12 7), (12, 8), (12, 11), (, 11), (13, 8), (13, 12)]
13, 8), (13, 12)]
partition: [(2, 2, 0), (3, 3, 0), (4, 2, 0), (4, 3, 0), (4, 4, 0), (5, 3, 0), (5, 4, 0), (5, 5, 0), (6, 2, 0), (6, 3, 0), (6, 4, 0), (6, 5, 0), (6, 6, 0)]
neighbor: [(1, 14), (2, 1), (3, 1), (3, 2), (4, 2), (4, 3), (5, 2), (5, 4), (6, 2), (6, 3), (6, 4), (6, 5), (7, 4), (7, 5), (7, 6), (8, 5), (8, 7), (9, 3), (9, 6), (10, 4), (10, 6), (10, 7), (10, 9), (11, 5), (11, 6), (11, 7), (11, 8), (11, 10), (12, 7), (12, 8), (12, 11), (13, 8), (13, 12)]
partition: [(2, 2, 0), (3, 3, 0), (4, 2, 0), (4, 3, 0), (4, 4, 0), (5, 3, 0), (5, 4, 0), (5, 5, 0), (6, 2, 0), (6, 3, 0), (6, 4, 0), (6, 5, 0), (6, 6, 0)]
neighbor: [(1, 14), (2, 1), (3, 1), (3, 2), (4, 2), (4, 3), (5, 2), (5, 4), (6, 2), (6, 3), (6, 4), (6, 5), (7, 4), (7, 5), (7, 6), (8, 5), (8, 7), (9, 3), (9, 6), (10, 4), (10, 6), (10, 7), (10, 9), (11, 5), (11, 6), (11, 7), (11, 8), (11, 10), (12, 7), (12, 8), (12, 11), (13, 8), (13, 12)]
partition: [(2, 2, 0), (3, 3, 0), (4, 2, 0), (4, 3, 0), (4, 4, 0), (5, 3, 0), (5, 4, 0), (5, 5, 0), (6, 2, 0), (6, 3, 0), (6, 4, 0), (6, 5, 0), (6, 6, 0)]
partition: [(neighbor: [(1, 14), (2, 1)2, 2, 0), (3, 3, 0), (4,, (3, 1), (3, 2), (4, 2), 2, 0), (4, 3, 0), ( (4, 3), (5, 2), (5, 44, 4, 0), (5, 3, 0), (), (6, 2), (6, 3), (6,partition: 5, 4, 0), (5, 5, 0), (6,  4), (6, 5), (7, 4), (7, 5)[(2, 22, 0), (6, 3, 0), (6, 4, partition: [(, (7, 6), (8, 5), (8, 7), (9, 3), 0), (3, 3, 0), (4, 2, 0), (4, 0), (6, 5, 0), (6, 6, 0)]
2, 2, 0), (3, 3, 0), (4, 2, (9, 6), (10, 4), (10, 6), (10,3, 0), (4, 4, 0), (5, 3, 0), 0), (4, 3, 0), (4, 4, 7), (10, 9), (11, 5), (11, 6),, (5, 4, 0), (5, 5, 0), (6,  0), (5, 3, 0), (5, 4, 0),  (11, 7), (11, 8), (11, 10), (12,2, 0), (6, 3, 0), (6, 4, 0)(5, 5, 0), (6, 2, 0), (6, 3,  7), (12, 8), (12, 11), (13, 8), (13,, (6, 5, 0), (6, 6, 0)]
0), (6, 4, 0), (6, 5, 0), (6 12)]
neighbor: [(1, 14), (2, 1), (3, 1), (3, 2), , 6, 0)]
(4, 2), (4, 3), (5, 2), (5, 4), (6, 2), (6, 3), (6, 4), (6, 5), (7, 4), (neighbor: [(1, 14), (2, 1), (7, 5), (7, 6), (8, 5),3, 1), (3, 2), (4, 2 (8, 7), (9, 3), (9,neighbor: [(1, 14), (2, 1), (3, 1), (3, ), (4, 3), (5, 2), (5, 4),  6), (10, 4), (10, 6), (10, 7),2), (4, 2), (4, 3), (5, 2), (6, 2), (6, 3), (6, 4), (6,  (10, 9), (11, 5), (11, 6), (11(5, 4), (6, 2), (6, 3), (6,5), (7, 4), (7, 5), (7, 6),, 7), (11, 8), (11, 10), (12, 7) 4), (6, 5), (7, 4), (7,  (8, 5), (8, 7), (9, 3),, (12, 8), (12, 11), (13, 8)5), (7, 6), (8, 5), (8, 7) (9, 6), (10, 4), (10, 6), (10, , (13, 12)]
, (9, 3), (9, 6), (10, 4), (107), (10, 9), (11, 5), (11, , 6), (10, 7), (10, 96), (11, 7), (11, 8), (11), (11, 5), (11, 6), (11,, 10), (12, 7), (12, 8 7), (11, 8), (11, 10)), (12, 11), (13, 8), (13, , (12, 7), (12, 8), (12, 1112)]
), (13, 8), (13, 12)]
partition: [(2, 2, 0), (3, 3, 0), (4, 2, 0), (4, 3, 0), (4, 4, 0), (5, 3, 0), (5, 4, 0), (5, 5, 0), (6, 2, 0), (6, 3, 0), (6, 4, 0), (6, 5, 0), (6, 6, 0)]
neighbor: [(1, 14), (2, 1), (3, 1), partition: [(2, 2, 0), (3, 3, 0), (4, 2, 0), (4, 3, 0), (4, 4, 0), ((3, 2), (4, 2), (4, 3), (5,5, 3, 0), (5, 4, 0), (5, 5, 0), (6, 2, 0), (6, 3, 0) 2), (5, 4),, (6, 4, 0), (6, 5, 0) (6, 2), (6, 3), (6, 4), , (6, 6, 0)]
(6, 5), (7, 4), (7, 5), (7, 6), (8, 5), (8, 7), (9, 3), (9, 6), (10, 4), (10, 6), (10, 7), (10, 9), (11, 5), (11, 6), (11, 7), (11, 8), (neighbor: [(1, 14), (2, 11, 10), (12, 71), (3, 1), (3, 2), (4), (12, 8), (12, 2), (4, 3), (5, , 11), (13, 8), 2), (5, 4(13, 12)]
), (6, 2), (6, 3), (6, 4), (6, 5), (7, 4), (7, 5), (7, 6), (8, 5), (8, 7), (9, 3), (9, 6), (10, 4), (10, 6), (10, 7), (10, 9), (11, 5), (11, 6), (11, 7), (11, 8), (11, 10), (12, 7), (12, 8), (12, 11), (13, 8), (13, 12)]
partition: [(2, 2, 0), (3, 3, 0), (4, 2, 0), (4, 3, 0), (4, 4, 0), (5, 3, 0), (5, 4, 0), (5, 5, 0), (6, 2, 0), (6, 3, 0), (6, 4, 0), (6, 5, 0), (6, 6, 0)]
neighbor: [(1, 14), (2, 1), (3, 1), (3, 2), (4, 2), (4, 3),partition:  (5, 2), (5, 4), (6, [(2), (6, 3), (6, 4), (2, 2, 0), (3, 3, 0), (6, 5), (7, 4), (7, 5), (74, 2, 0), (4, 3, 0), , 6), (8, 5), (8, 7), (4, 4, 0), (5, 3, 0), ((9, 3), (9, 6), (10, 4), (5, 4, 0), (5, 5, 0),10, 6), (10, 7), (10, 9 (6, 2, 0), (6, 3, 0)), (11, 5), (11, 6), (11, 7, (6, 4, 0), (6, 5), (11, 8), (11, 10), (12, 7, 0), (6, 6, 0)]
), (12, 8), (12, 11), (13, 8), (13, 12)]
neighbor: [(1, 14), (2, 1), (3, 1), (3, 2), (4, 2), (4, 3), (5, 2), (5, 4), (6, 2), (6, 3), (6, 4), (6, 5), (7, 4), (7, 5), (7, 6), (8, 5), (8, 7), (9, 3), (9, 6), (10, 4), (10, 6), (10, 7), (10, 9), (11, 5), (11, 6), (11, 7), (11, 8), (11, 10), (12, 7), (12, 8), (12, 11), (13, 8), (13, 12)]
partition: [(2, 2, 0), (3, 3, 0), (4, 2, 0), (4, 3, 0), (4, 4, 0), (5, 3, 0), (5, 4, 0), (5, 5, 0), (6, 2, 0), (6, 3, 0), (6, 4, 0), (6, 5, 0), (6, 6, 0)]
neighbor: [(1, 14), (2, 1), (3, 1), (3, 2), (4, 2), (4, 3), (5, 2), (5, 4), (6, 2), (6, 3), (6, 4), (6, 5), (7, 4), (7, 5), (7, 6), (8, 5), (8, 7), (9, 3), (9, 6), (10, 4), (10, 6), (10, 7), (10, 9), (11, 5), (11, 6), (11, partition: [(2, 2, 0), (3, 3, 0), (4, 2, 0), (7), (11, 8), (11, 10), (12, 7), (4, 3, 0), (4, 4, 0), (5, 3, 0), (5, 4, 0), (5, 5, 0), (6, 2, 0), (612, 8), (12, 11), (13,, 3, 0), (6, 8), (13, 12)]
 4, 0), (6, 5, 0), (6, 6, 0)]
neighbor: [(1, 14), (2, 1), (3, 1), (3, 2), (4, 2), (4, 3), (5, 2), (5, 4), (6, 2), (6, 3), (6, 4), (6, 5), (7, 4), (7, 5), (7, 6), (8, 5), (8, 7), (9, 3), (9, 6), (10, 4), (10, 6), (10, 7), (10, 9), (11, 5), (11, 6), (11, 7), (11, 8), (11, 10), (12, 7), (12, 8), (12, 11), (13, 8), (13, 12)]
partition: [(2, 2, 0), (3, 3, 0), (4, 2, 0), (4, 3, 0), (4, 4, 0), (5, 3, 0), (5, 4, 0), (5, 5, 0), (6, 2, 0), (6, 3, 0), (6, 4, 0), (6, 5, 0), (6, 6, 0)]
neighbor: [(1, 14), (2, 1), (3, 1), (3, 2), (4, 2), (4, 3), (5, 2), (5, 4), (6, 2), (6, 3), (6, 4), (6, 5), (7, 4), (7, 5), (7, 6), (8, 5), (8, 7), (9, 3), (9, 6), (10, 4), (10, 6), (10, 7), (10, 9), (11, 5), (11, 6), (11, 7), (11, 8), (11, 10), (12, 7), (12, 8), (12, 11), (13, 8), (13, 12)]
partition: [(2, 2, 0), (3, 3, 0), (4, 2, 0), (4, 3, 0), (4, 4, 0), (5, 3, 0), (5, 4, 0), (5, 5, 0), (6, 2, 0), (6, 3, 0), (6, 4, 0), (6, 5, 0), (6, 6, 0)]
neighbor: [(1, 14), (2, 1), (3, 1), (3, 2), (4, 2), (4, 3), (5, 2), (5, 4), (6, 2), (6, 3), (6, 4), (6, 5), (7, 4), (7, 5), (7, 6), (8, 5), (8, 7), (9, 3), (9, 6), (10, 4), (10, 6), (10, 7), (10, 9), (11, 5), (11, 6), (11, 7), (11, 8), (11, 10), (12, 7), (12, 8), (12, 11), (13, 8), (13, 12)]
partition: [(2, 2, 0), (3, 3, 0), (4, 2, 0), (4, 3, 0), (4, 4, 0), (5, 3, 0), (5, 4, 0), (5, 5, 0), (6, 2, 0), (6, 3, 0), (6, 4, 0), (6, 5, 0), (6, 6, 0)]
neighbor: [(1, 14), (2, 1), (3, 1), (3, 2), (4, 2), (4, 3), (5, 2), (5, 4), (6, 2), (6, 3), (6, 4), (6, 5), (7, 4), (7, 5), (7, 6), (8, 5), (8, 7), (9, 3), (9, 6), (10, 4), (10, 6), (10, 7), (10, 9), (11, 5), (11, 6), (11, 7), (11, 8), (11, 10), (12, 7), (12, 8), (12, 11), (13, 8), (13, 12)]
partition: [(2, 2, 0), (3, 3, 0), (4, 2, 0), (4, 3, 0), (4, 4, 0), (5, 3, 0), (5, 4, 0), (5, 5, 0), (6, 2, 0), (6, 3, 0), (6, 4, 0), (6, 5, 0), (6, 6, 0)]
neighbor: [(1, 14), (2, 1), (3, 1), (3, 2), (4, 2), (4, 3), (5, 2), (5, 4), (6, 2), (6, 3), (6, 4), (6, 5), (7, 4), (7, 5), (7, 6), (8, 5), (8, 7), (9, 3), (9, 6), (10, 4), (10, 6), (10, 7), (10, 9), (11, 5), (11, 6), (11, 7), (11, 8), (11, 10), (12, 7), (12, 8), (12, 11), (13, 8), (13, 12)]
partition: [(2, 2, 0), (3, 3, 0), (4, 2, 0), (4, 3, 0), (4, 4, 0), (5, 3, 0), (5, 4, 0), (5, 5, 0), (6, 2, 0), (6, 3, 0), (6, 4, 0), (6, 5, 0), (6, 6, 0)]
neighbor: [(1, 14), (2, 1), (3, 1), (3, 2), (4, 2), (4, 3), (5, 2), (5, 4), (6, 2), (6, 3), (6, 4), (6, 5), (7, 4), (7, 5), (7, 6), (8, 5), (8, 7), (9, 3), (9, 6), (10, 4), (10, 6), (10, 7), (10, 9), (11, 5), (11, 6), (11, 7), (11, 8), (11, 10), (12, 7), (12, 8), (12, 11), (13, 8), (13, 12)]
partition: [(2, 2, 0), (3, 3, 0), (4, 2, 0), (4, 3, 0), (4, 4, 0), (5, 3, 0), (5, 4, 0), (5, 5, 0), (6, 2, 0), (6, 3, 0), (6, 4, 0), (6, 5, 0), (6, 6, 0)]
neighbor: [(1, 14), (2, 1), (3, 1), (3, 2), (4, 2), (4, 3), (5, 2), (5, 4), (6, 2), (6, 3), (6, 4), (6, 5), (7, 4), (7, 5), (7, 6), (8, 5), (8, 7), (9, 3), (9, 6), (10, 4), (10, 6), (10, 7), (10, 9), (11, 5), (11, 6), (11, 7), (11, 8), (11, 10), (12, 7), (12, 8), (12, 11), (13, 8), (13, 12)]
partition: [(2, 2, 0), (3, 3, 0), (4, 2, 0), (4, 3, 0), (4, 4, 0), (5, 3, 0), (5, 4, 0), (5, 5, 0), (6, 2, 0), (6, 3, 0), (6, 4, 0), (6, 5, 0), (6, 6, 0)]
neighbor: [(1, 14), (2, 1), (3, 1), (3, 2), (4, 2), (4, 3), (5, 2), (5, 4), (6, 2), (6, 3), (6, 4), (6, 5), (7, 4), (7, 5), (7, 6), (8, 5), (8, 7), (9, 3), (9, 6), (10, 4), (10, 6), (10, 7), (10, 9), (11, 5), (11, 6), (11, 7), (11, 8), (11, 10), (12, 7), (12, 8), (12, 11), (13, 8), (13, 12)]
partition: [(2, 2, 0), (3, 3, 0), (4, 2, 0), (4, 3, 0), (4, 4, 0), (5, 3, 0), (5, 4, 0), (5, 5, 0), (6, 2, 0), (6, 3, 0), (6, 4, 0), (6, 5, 0), (6, 6, 0)]
neighbor: [(1, 14), (2, 1), (3, 1), (3, 2), (4, 2), (4, 3), (5, 2), (5, 4), (6, 2), (6, 3), (6, 4), (6, 5), (7, 4), (7, 5), (7, 6), (8, 5), (8, 7), (9, 3), (9, 6), (10, 4), (10, 6), (10, 7), (10, 9), (11, 5), (11, 6), (11, 7), (11, 8), (11, 10), (12, 7), (12, 8), (12, 11), (13, 8), (13, 12)]
partition: [(2, 2, 0), (3, 3, 0), (4, 2, 0), (4, 3, 0), (4, 4, 0), (5, 3, 0), (5, 4, 0), (5, 5, 0), (6, 2, 0), (6, 3, 0), (6, 4, 0), (6, 5, 0), (6, 6, 0)]
neighbor: [(1, 14), (2, 1), (3, 1), (3, 2), (4, 2), (4, 3), (5, 2), (5, 4), (6, 2), (6, 3), (6, 4), (6, 5), (7, 4), (7, 5), (7, 6), (8, 5), (8, 7), (9, 3), (9, 6), (10, 4), (10, 6), (10, 7), (10, 9), (11, 5), (11, 6), (11, 7), (11, 8), (11, 10), (12, 7), (12, 8), (12, 11), (13, 8), (13, 12)]
partition: [(2, 2, 0), (3, 3, 0), (4, 2, 0), (4, 3, 0), (4, 4, 0), (5, 3, 0), (5, 4, 0), (5, 5, 0), (6, 2, 0), (6, 3, 0), (6, 4, 0), (6, 5, 0), (6, 6, 0)]
neighbor: [(1, 14), (2, 1), (3, 1), (3, 2), (4, 2), (4, 3), (5, 2), (5, 4), (6, 2), (6, 3), (6, 4), (6, 5), (7, 4), (7, 5), (7, 6), (8, 5), (8, 7), (9, 3), (9, 6), (10, 4), (10, 6), (10, 7), (10, 9), (11, 5), (11, 6), (11, 7), (11, 8), (11, 10), (12, 7), (12, 8), (12, 11), (13, 8), (13, 12)]
partition: [(2, 2, 0), (3, 3, 0), (4, 2, 0), (4, 3, 0), (4, 4, 0), (5, 3, 0), (5, 4, 0), (5, 5, 0), (6, 2, 0), (6, 3, 0), (6, 4, 0), (6, 5, 0), (6, 6, 0)]
neighbor: [(1, 14), (2, 1), (3, 1), (3, 2), (4, 2), (4, 3), (5, 2), (5, 4), (6, 2), (6, 3), (6, 4), (6, 5), (7, 4), (7, 5), (7, 6), (8, 5), (8, 7), (9, 3), (9, 6), (10, 4), (10, 6), (10, 7), (10, 9), (11, 5), (11, 6), (11, 7), (11, 8), (11, 10), (12, 7), (12, 8), (12, 11), (13, 8), (13, 12)]
partition: [(2, 2, 0), (3, 3, 0), (4, 2, 0), (4, 3, 0), (4, 4, 0), (5, 3, 0), (5, 4, 0), (5, 5, 0), (6, 2, 0), (6, 3, 0), (6, 4, 0), (6, 5, 0), (6, 6, 0)]
neighbor: [(1, 14), (2, 1), (3, 1), (3, 2), (4, 2), (4, 3), (5, 2), (5, 4), (6, 2), (6, 3), (6, 4), (6, 5), (7, 4), (7, 5), (7, 6), (8, 5), (8, 7), (9, 3), (9, 6), (10, 4), (10, 6), (10, 7), (10, 9), (11, 5), (11, 6), (11, 7), (11, 8), (11, 10), (12, 7), (12, 8), (12, 11), (13, 8), (13, 12)]
partition: [(2, 2, 0), (3, 3, 0), (4, 2, 0), (4, 3, 0), (4, 4, 0), (5, 3, 0), (5, 4, 0), (5, 5, 0), (6, 2, 0), (6, 3, 0), (6, 4, 0), (6, 5, 0), (6, 6, 0)]
neighbor: [(1, 14), (2, 1), (3, 1), (3, 2), (4, 2), (4, 3), (5, 2), (5, 4), (6, 2), (6, 3), (6, 4), (6, 5), (7, 4), (7, 5), (7, 6), (8, 5), (8, 7), (9, 3), (9, 6), (10, 4), (10, 6), (10, 7), (10, 9), (11, 5), (11, 6), (11, 7), (11, 8), (11, 10), (12, 7), (12, 8), (12, 11), (13, 8), (13, 12)]
partition: [(2, 2, 0), (3, 3, 0), (4, 2, 0), (4, 3, 0), (4, 4, 0), (5, 3, 0), (5, 4, 0), (5, 5, 0), (6, 2, 0), (6, 3, 0), (6, 4, 0), (6, 5, 0), (6, 6, 0)]
neighbor: [(1, 14), (2, 1), (3, 1), (3, 2), (4, 2), (4, 3), (5, 2), (5, 4), (6, 2), (6, 3), (6, 4), (6, 5), (7, 4), (7, 5), (7, 6), (8, 5), (8, 7), (9, 3), (9, 6), (10, 4), (10, 6), (10, 7), (10, 9), (11, 5), (11, 6), (11, 7), (11, 8), (11, 10), (12, 7), (12, 8), (12, 11), (13, 8), (13, 12)]
partition: [(2, 2, 0), (3, 3, 0), (4, 2, 0), (4, 3, 0), (4, 4, 0), (5, 3, 0), (5, 4, 0), (5, 5, 0), (6, 2, 0), (6, 3, 0), (6, 4, 0), (6, 5, 0), (6, 6, 0)]
neighbor: [(1, 14), (2, 1), (3, 1), (3, 2), (4, 2), (4, 3), (5, 2), (5, 4), (6, 2), (6, 3), (6, 4), (6, 5), (7, 4), (7, 5), (7, 6), (8, 5), (8, 7), (9, 3), (9, 6), (10, 4), (10, 6), (10, 7), (10, 9), (11, 5), (11, 6), (11, 7), (11, 8), (11, 10), (12, 7), (12, 8), (12, 11), (13, 8), (13, 12)]
partition: [(2, 2, 0), (3, 3, 0), (4, 2, 0), (4, 3, 0), (4, 4, 0), (5, 3, 0), (5, 4, 0), (5, 5, 0), (6, 2, 0), (6, 3, 0), (6, 4, 0), (6, 5, 0), (6, 6, 0)]
neighbor: [(1, 14), (2, 1), (3, 1), (3, 2), (4, 2), (4, 3), (5, 2), (5, 4), (6, 2), (6, 3), (6, 4), (6, 5), (7, 4), (7, 5), (7, 6), (8, 5), (8, 7), (9, 3), (9, 6), (10, 4), (10, 6), (10, 7), (10, 9), (11, 5), (11, 6), (11, 7), (11, 8), (11, 10), (12, 7), (12, 8), (12, 11), (13, 8), (13, 12)]
partition: [(2, 2, 0), (3, 3, 0), (4, 2, 0), (4, 3, 0), (4, 4, 0), (5, 3, 0), (5, 4, 0), (5, 5, 0), (6, 2, 0), (6, 3, 0), (6, 4, 0), (6, 5, 0), (6, 6, 0)]
neighbor: [(1, 14), (2, 1), (3, 1), (3, 2), (4, 2), (4, 3), (5, 2), (5, 4), (6, 2), (6, 3), (6, 4), (6, 5), (7, 4), (7, 5), (7, 6), (8, 5), (8, 7), (9, 3), (9, 6), (10, 4), (10, 6), (10, 7), (10, 9), (11, 5), (11, 6), (11, 7), (11, 8), (11, 10), (12, 7), (12, 8), (12, 11), (13, 8), (13, 12)]
partition: [(2, 2, 0), (3, 3, 0), (4, 2, 0), (4, 3, 0), (4, 4, 0), (5, 3, 0), (5, 4, 0), (5, 5, 0), (6, 2, 0), (6, 3, 0), (6, 4, 0), (6, 5, 0), (6, 6, 0)]
neighbor: [(1, 14), (2, 1), (3, 1), (3, 2), (4, 2), (4, 3), (5, 2), (5, 4), (6, 2), (6, 3), (6, 4), (6, 5), (7, 4), (7, 5), (7, 6), (8, 5), (8, 7), (9, 3), (9, 6), (10, 4), (10, 6), (10, 7), (10, 9), (11, 5), (11, 6), (11, 7), (11, 8), (11, 10), (12, 7), (12, 8), (12, 11), (13, 8), (13, 12)]
partition: [(2, 2, 0), (3, 3, 0), (4, 2, 0), (4, 3, 0), (4, 4, 0), (5, 3, 0), (5, 4, 0), (5, 5, 0), (6, 2, 0), (6, 3, 0), (6, 4, 0), (6, 5, 0), (6, 6, 0)]
neighbor: [(1, 14), (2, 1), (3, 1), (3, 2), (4, 2), (4, 3), (5, 2), (5, 4), (6, 2), (6, 3), (6, 4), (6, 5), (7, 4), (7, 5), (7, 6), (8, 5), (8, 7), (9, 3), (9, 6), (10, 4), (10, 6), (10, 7), (10, 9), (11, 5), (11, 6), (11, 7), (11, 8), (11, 10), (12, 7), (12, 8), (12, 11), (13, 8), (13, 12)]
partition: [(2, 2, 0), (3, 3, 0), (4, 2, 0), (4, 3, 0), (4, 4, 0), (5, 3, 0), (5, 4, 0), (5, 5, 0), (6, 2, 0), (6, 3, 0), (6, 4, 0), (6, 5, 0), (6, 6, 0)]
neighbor: [(1, 14), (2, 1), (3, 1), (3, 2), (4, 2), (4, 3), (5, 2), (5, 4), (6, 2), (6, 3), (6, 4), (6, 5), (7, 4), (7, 5), (7, 6), (8, 5), (8, 7), (9, 3), (9, 6), (10, 4), (10, 6), (10, 7), (10, 9), (11, 5), (11, 6), (11, 7), (11, 8), (11, 10), (12, 7), (12, 8), (12, 11), (13, 8), (13, 12)]
partition: [(2, 2, 0), (3, 3, 0), (4, 2, 0), (4, 3, 0), (4, 4, 0), (5, 3, 0), (5, 4, 0), (5, 5, 0), (6, 2, 0), (6, 3, 0), (6, 4, 0), (6, 5, 0), (6, 6, 0)]
neighbor: [(1, 14), (2, 1), (3, 1), (3, 2), (4, 2), (4, 3), (5, 2), (5, 4), (6, 2), (6, 3), (6, 4), (6, 5), (7, 4), (7, 5), (7, 6), (8, 5), (8, 7), (9, 3), (9, 6), (10, 4), (10, 6), (10, 7), (10, 9), (11, 5), (11, 6), (11, 7), (11, 8), (11, 10), (12, 7), (12, 8), (12, 11), (13, 8), (13, 12)]
partition: [(2, 2, 0), (3, 3, 0), (4, 2, 0), (4, 3, 0), (4, 4, 0), (5, 3, 0), (5, 4, 0), (5, 5, 0), (6, 2, 0), (6, 3, 0), (6, 4, 0), (6, 5, 0), (6, 6, 0)]
neighbor: [(1, 14), (2, 1), (3, 1), (3, 2), (4, 2), (4, 3), (5, 2), (5, 4), (6, 2), (6, 3), (6, 4), (6, 5), (7, 4), (7, 5), (7, 6), (8, 5), (8, 7), (9, 3), (9, 6), (10, 4), (10, 6), (10, 7), (10, 9), (11, 5), (11, 6), (11, 7), (11, 8), (11, 10), (12, 7), (12, 8), (12, 11), (13, 8), (13, 12)]
partition: [(2, 2, 0), (3, 3, 0), (4, 2, 0), (4, 3, 0), (4, 4, 0), (5, 3, 0), (5, 4, 0), (5, 5, 0), (6, 2, 0), (6, 3, 0), (6, 4, 0), (6, 5, 0), (6, 6, 0)]
neighbor: [(1, 14), (2, 1), (3, 1), (3, 2), (4, 2), (4, 3), (5, 2), (5, 4), (6, 2), (6, 3), (6, 4), (6, 5), (7, 4), (7, 5), (7, 6), (8, 5), (8, 7), (9, 3), (9, 6), (10, 4), (10, 6), (10, 7), (10, 9), (11, 5), (11, 6), (11, 7), (11, 8), (11, 10), (12, 7), (12, 8), (12, 11), (13, 8), (13, 12)]
partition: [(2, 2, 0), (3, 3, 0), (4, 2, 0), (4, 3, 0), (4, 4, 0), (5, 3, 0), (5, 4, 0), (5, 5, 0), (6, 2, 0), (6, 3, 0), (6, 4, 0), (6, 5, 0), (6, 6, 0)]
neighbor: [(1, 14), (2, 1), (3, 1), (3, 2), (4, 2), (4, 3), (5, 2), (5, 4), (6, 2), (6, 3), (6, 4), (6, 5), (7, 4), (7, 5), (7, 6), (8, 5), (8, 7), (9, 3), (9, 6), (10, 4), (10, 6), (10, 7), (10, 9), (11, 5), (11, 6), (11, 7), (11, 8), (11, 10), (12, 7), (12, 8), (12, 11), (13, 8), (13, 12)]
dof: [[1, 1], [2, 2], [3, 1], [3, 2], [3, 3], [4, 2], [4, 3], [4, 4], [5, 1], [5, 2], [5, 3], [5, 4], [5, 5]]
dof: [[1, 1], [2, 2], [3, 1], [3, 2], [3, 3], [4, 2], [4, 3], [4, 4], [5, 1], [5, 2], [5, 3], [5, 4], [5, 5]]
dof: [[1, 1], [2, 2], [3, 1], [3, 2], [3, 3], [4, 2], [4, 3], [4, 4], [5, 1], [5, 2], [5, 3], [5, 4], [5, 5]]
dof: [[1, 1], [2, 2], [3, 1], [3, 2], [3, 3], [4, 2], [4, 3], [4, 4], [5, 1], [5, 2], [5, 3], [5, 4], [5, 5]]
dof: [[1, 1], [2, 2], [3, 1], [3, 2], [3, 3], [4, 2], [4, 3], [4, 4], [5, 1], [5, 2], [5, 3], [5, 4], [5, 5]]
dof: [[1, 1], [2, 2], [3, 1], [3, 2], [3, 3], [4, 2], [4, 3], [4, 4], [5, 1], [5, 2], [5, 3], [5, 4], [5, 5]]
dof: [[1, 1], [2, 2], [3, 1], [3, 2], [3, 3], [4, 2], [4, 3], [4, 4], [5, 1], [5, 2], [5, 3], [5, 4], [5, 5]]
dof: [[1, 1], [2, 2], [3, 1], [3, 2], [3, 3], [4, 2], [4, 3], [4, 4], [5, 1], [5, 2], [5, 3], [5, 4], [5, 5]]
dof: [[1, 1], [2, 2], [3, 1], [3, 2], [3, 3], [4, 2], [4, 3], [4, 4], [5, 1], [5, 2], [5, 3], [5, 4], [5, 5]]
dof: [[1, 1], [2, 2], [3, 1], [3, 2], [3, 3], [4, 2], [4, 3], [4, 4], [5, 1], [5, 2], [5, 3], [5, 4], [5, 5]]
dof: [[1, 1], [2, 2], [3, 1], [3, 2], [3, 3], [4, 2], [4, 3], [4, 4], [5, 1], [5, 2], [5, 3], [5, 4], [5, 5]]
dof: [[1, 1], [2, 2], [3, 1], [3, 2], [3, 3], [4, 2], [4, 3], [4, 4], [5, 1], [5, 2], [5, 3], [5, 4], [5, 5]]
dof: [[1, 1], [2, 2], [3, 1], [3, 2], [3, 3], [4, 2], [4, 3], [4, 4], [5, 1], [5, 2], [5, 3], [5, 4], [5, 5]]
dof: [[1, 1], [2, 2], [3, 1], [3, 2], [3, 3], [4, 2], [4, 3], [4, 4], [5, 1], [5, 2], [5, 3], [5, 4], [5, 5]]
dof: [[1, 1], [2, 2], [3, 1], [3, 2], [3, 3], [4, 2], [4, 3], [4, 4], [5, 1], [5, 2], [5, 3], [5, 4], [5, 5]]
dof: [[1, 1], [2, 2], [3, 1], [3, 2], [3, 3], [4, 2], [4, 3], [4, 4], [5, 1], [5, 2], [5, 3], [5, 4], [5, 5]]
dof: [[1, 1], [2, 2], [3, 1], [3, 2], [3, 3], [4, 2], [4, 3], [4, 4], [5, 1], [5, 2], [5, 3], [5, 4], [5, 5]]
dof: [[1, 1], [2, 2], [3, 1], [3, 2], [3, 3], [4dof: , 2], [4, 3], [4, 4], [5, 1], [5, 2], [5, 3], [5, 4], [[[5, 5]]
1, 1], [2, 2], [3, 1], [3, 2], [3, 3], [4, 2], [4, 3], [4, 4], [5, 1], [5, 2], [5, 3], [5, 4], [5, 5]]
dof: [[1, 1], [2, 2], [3, 1], [3, 2], [3, 3], [4, 2], [4, 3], [4, 4], [5, 1], [5, 2], [5, 3], [5, 4], [5, 5]]
dof: [[1, 1], [2, 2], [3, 1], [3, 2], [3, 3], [4, 2], [4, 3], [4, 4], [5, 1], [5, 2], [5, 3], [5, 4], [5, 5]]
dof: [[1, 1], [2, 2], [3, 1], [3, 2], [3, 3], [4, 2], [4, 3], [4, 4], [5, 1], [5, 2], [5, 3], [5, 4], [5, 5]]
dof: [[1, 1], [2, 2], [3, 1], [3, 2], [3, 3], [4, 2], [4, 3], [4, 4], [5, 1], [5, 2], [5, 3], [5, 4], [5, 5]]
dof: [[1, 1], [2, 2], [3, 1], [3, 2], [3, 3], [4, 2], [4, 3], [4, 4], [5, 1], [5, 2], [5, 3], [dof: [[1, 1], [2, 2], [3, 1], [3, 2], [3, 3], [4,5, 4], [5, 5]]
 2], [4, 3], [4, 4], [5, 1], [5, 2], [5, 3], [5, 4], [5, 5]]
dof: [[1, 1], [2, 2], [3, 1], [3, 2], [3, 3], [4, 2], [4, 3], [4, 4], [5, 1], [5, 2], [5, 3], [5, 4], [5, 5]]
dof: [[1, 1], [2, 2], [3, 1], [3, 2], [3, 3], [4, 2], [4, 3], [4, 4], [5, 1], [5, 2], [5, 3], [5, 4], [5, 5]]
dof: [[1, 1], [2, 2], [3, 1], [3, 2], [3, 3], [4, 2], [4, 3], [4, 4], [5, 1], [5, 2], [5, 3], [5, 4], [5, 5]]
dof: [[1, 1], [2, 2], [3, 1], [3, 2], [3, 3], [4, 2], [4, 3], [4, 4], [5, 1], [5, 2], [5, 3], [5, 4], [5, 5]]
dof: [[1, 1], [2, 2], [3, 1], [3, 2], [3, 3], [4, 2], [4, 3], [4, 4], [5, 1], [5, 2], [5, 3], [5, 4], [5, 5]]
dof: [[1, 1], [2, 2], [3, 1], [3, 2], [3, 3], [4, 2], [4, 3], [4, 4], [5, 1], [5, 2], [5, 3], [5, 4], [5, 5]]
dof: [[1, 1], [2, 2], [3, 1], [3, 2], [3, 3], [4, 2], [4, 3], [4, 4], [5, 1], [5, 2], [5, 3], [5, 4], [5, 5]]
dof: [[1, 1], [2, 2], [3, 1], [3, 2], [3, 3], [4, 2], [4, 3], [4, 4], [5, 1], [5, 2], [5, 3], [5, 4], [5, 5]]
dof: [[1, 1], [2, 2], [3, 1], [3, 2], [3, 3], [4, 2], [4, 3], [4, 4], [5, 1], [5, 2], [5, 3], [5, 4], [5, 5]]
dof: [[1, 1], [2, 2], [3, 1], [3, 2], [3, 3], [dof: [[1, 1], [2, 2], [3, 1], [3, 2], [3, 3], [4, 2], [4, 3], [4, 4], [5, 1], [5, 2], [5, 3], 4,[5, 4], [5, 5]]
 2], [4, 3], [dof: [[1, 1], [2, 2], [34, 1], [3, 2], [3, 3], [4, 2], ,[4, 3], [4, 4], [5, 1], [5, 2] , [5, 3], [5, 44], [5, 5]]
], [5, 1], [5, 2]dof: [[1, 1], [2, 2], [3, 1], [3, 2], [3, 3], [4, 2], [4, 3], [4, 4], [5, 1], [5, 2], [5, 3], [5, 4], [5, 5]]
, [5, 3], [5, 4], [5, 5]]
dof: [[1, 1], [2, 2], [3, 1], [dof: [[1, 1], [2, 2], [3, 1], [3, 2], [3, 3], [4, 2], [4, 3], [4, 4], [5, 1], [5, 2], [5, 3], [5, 4], [5, 5]]
3, 2], [3, 3], [4, 2], [4, 3], [4, 4], [5, 1], [5, 2], [5, 3], [5, 4], [5, 5]]
dof: [[1, 1], [2, 2], [3, 1], [3, 2], [3, 3], [4, 2], [4, 3], [4, 4], [5, 1], [5, 2], [5, 3], [5, 4], [5, 5]]
dof: [[1, 1], [2, 2], [3, 1], [3, 2], [3, 3], [4, 2], [4, 3], [4, 4], [5, 1], [5, 2], [5, 3], [5, 4], [5, 5]]
dof: [[1, 1], [2, 2], [3, 1], [3, 2], [3, 3], [4, 2], dof: [[1, 1], [2, 2], [3, 1], [3, 2], [3, 3], [4, 2], [4, 3], [4, 4], [5, 1], [5, 2][4, 3], [4, 4], [5, 1], [5, 2], [5, 3], [5, 4], [5, 5]]
, [5, 3], [5, 4], [5, 5]]
dof: [[1, 1], [2, 2], [3, 1], [3, 2], [3, 3], [4, 2], [4, 3], [4, 4], [5, 1], [5, 2], [5, 3], [5, 4], [5, 5]]
dof: [[1, 1], [2, 2], [3, 1], [3, 2], [3, 3], [dof: [[1,4, 2], [4, 3], [4, 4], [5, 1], [5, 2], [5, 1], [2, 2], [ 3], [5, 4], 3, 1], [3, 2][5, 5]]
, [3, 3], [4, 2], [4, 3], [4, 4], [5, 1], [5, 2], [5, 3], [5, 4], [5, 5]]
dof: [[1, 1], [2, 2], [3, 1], [3, 2], [3, 3], [4, 2], [4, 3], [4, 4], [5, 1], [5, 2], [5, 3], [5, 4], [5, 5]]
dof: [[1, 1], [2, 2], [3, 1], [3, 2], [3, 3], [4, 2], [4, 3], [4, 4], [5, 1], [5, 2], [5, 3], [5, 4], [5, 5]]
dof: [[1, 1], [2, 2], [3, 1], [3, 2], [3, 3], [4, 2], [4, 3], [4, 4], [5, 1], [5, 2], [5, 3], [5, 4], [5, 5]]
dof: [[1, 1], [2, 2], [3, 1], [3, 2], [3, 3], [4, 2], [4, 3], [4, 4], [5, 1], [5, 2], [5, 3], [5, 4], [5, 5]]
dof: [[1, 1], [2, 2], [3, 1], [3, 2], [3, 3], [4, 2], [4, 3], [4, 4], [5, 1], [5, 2], [5, 3], [5, 4], [5, 5]]
dof: [[1, 1], [2, 2], [3, 1], [3, 2], [3, 3], [4, 2], [4, 3], [4, 4], [5, 1], [5, 2], [5, 3], [5, 4], [5, 5]]
dof: [[1, 1], [2, 2], [3, 1], [3, 2], [3, 3], [4, 2], [4, 3]dof: [[1, 1], [2, 2, [4, 4], [5, 1]], [3, 1], [3, [5, 2], [5, 2], [3, 3], , 3], [5, 4],[4, 2], [4, 3 [5, 5]]
], [4, 4], [5, 1], [5, 2], [5, 3], [5, 4], [5, 5]]
dof: [[1, 1], [2, 2], [3, 1], [3, 2], [3, 3], [4, 2], [4, 3], [4, 4], [5, 1], [5, 2], [5, 3], [5, 4], [5, 5]]
dof: [[1, 1], [2, 2], [3, 1], [3, 2], [3, 3], [4, 2], [4, 3], [4, 4], [5, 1], [5, 2], [5, 3], [5, 4], [5, 5]]
dof: [[1, 1], [2, 2], [3, 1]dof: [, [3, 2], [3, 3],[1, 1], [2,  [4, 2], [4, 2], [3, 13], [4, 4], [5,], [3, 2],  1], [5, 2], [[3, 3], [4, 2],5, 3], [5, 4], [4, 3], [ [5, 5]]
4, 4], [5, 1], [5, 2], [5, 3], [5, 4], [5, 5]]
dof: [[1, 1], [2, 2], [3, 1], [3, 2], [3, 3], [4, 2], [4, 3], [4, 4], [5, 1], [5, 2], [5, 3], [5, 4], [5, 5]]
dof: [[1, 1], [2, 2], [3, 1], [3, 2], [3, 3], [4, 2], [4, 3], [4, 4], [5, 1], [5, 2], [5, 3], [dof: [5, 4], [5, 5]]
[1, 1], [2, 2], [3, 1], [3, 2], [3, 3], [4, 2], [4, 3], [4, 4], [5, 1], [5, 2], [5, 3], [5, 4], [5, 5]]
dof: [[1, 1], [2, 2], [3, 1], [3, 2], [3, 3], [4, 2], [4, 3], [4, 4], [5, 1], [5, 2], [5, 3], [5, 4], [5, 5]]
dof: [[1, 1], [2, 2], [3, 1], [3, 2], [3dof: [[1, 1], [2, 2], [3, 1], [3, 2], [3, 3], [, 3], [4, 2], [4, 3], [4, 4], [5, 1], [5, 2], [5, 3], [5, 4], [5, 5]]
4, 2], [4, 3], [4, 4], [5, 1], [5, 2], [5, 3], [5, 4], [5, 5]]
dof: [[1, 1], [2, 2], [3, 1], [3, 2], [3, 3], [4, 2], [4, 3], [4, 4], [5, 1], [5, 2], [5, 3], [5, 4], [5, 5]]
dof: [[1, 1], [2, 2], [3, 1], [3, 2], [3, 3], [4, 2], [4, 3], [4, 4], [5, 1], [5, 2], [5, 3], [5, 4], [5, 5]]
dof: [[1, 1], [2, 2], [3, 1], [3, 2], [3, 3], [4, 2], [4, 3], [4, 4], [5, 1], [5, 2], [5, 3], [5, 4], [5, 5]]
dof: [[1, 1], [2, 2], [3, 1], [3, 2], [3, 3], [4, 2], [4, 3], [4, 4], [5, 1], [5, 2], [5, 3], [5, 4], [5, 5]]
dof: [[1, 1], [2, 2], [3, 1], [3, 2], [3, 3], [4, 2], [4, 3], [4, 4], [5, 1], [5, 2], [5, 3], [5, 4], [5, 5]]
dof: [[1, 1], [2, 2], [3, 1], [3, 2], [3, 3], [4, 2], [4, 3], [4, 4], [5, 1], [5, 2], [5, 3], [5, 4], [5, 5]]
dof: [[1, 1], [2, 2], [3, 1], [3, 2], [3, 3], [4, 2], [4, 3], [4, 4], [5, 1], [5, 2], [5, 3], [5, 4], [5, 5]]
dof: [[1, 1], [2, 2], [3, 1], [3, 2], [3, 3], [4, 2], [4, 3], [4, 4], [5, 1], [5, 2], [5, 3], [5, 4], [5, 5]]
dof: [[1, 1], [2, 2], [3, 1], [3, 2], [3, 3], [4, 2], [4, 3], [4, 4], [5, 1], [5, 2], [5, 3], [5, 4], [5, 5]]
dof: [[1, 1], [2, 2], [3, 1], [3, 2], [3, 3], [4, 2], [4, 3], [4, 4], [5, 1], [5, 2], [5, 3], [5, 4], [5, 5]]
dof: [[1, 1], [2, 2], [3, 1dof: [[1, 1], [2, 2], [3, 1], [3,] 2], [3, 3], [4, 2], [4, 3], [4, 4], [5, 1,], [5, 2], [5, 3], [5, 4],  [5, 5]]
[3dof: [[1, 1], [2, 2], [3, 1], [3, 2], [3, 3], [4, 2], [4, 3], [4, 4], [5, 1], [5, 2], [5, 3], [5, 4], [5, 5]]
, 2], dof: [[1, 1], [2, 2], [[3, 1], [3, 23], [3, 3], [4, 2], [4, ,3], [4, 4], [5, 1], [5,  2], [5, 3], [5, 4], [5, 5]]
3], [4, 2], [4, 3], [4, 4], [5, 1], [5, 2], [5, 3], [5, 4], [5,dof: [[1, 1], [2, 2], [3, 1], [3, 2], [3, 3], [4, 2], [4, 3], [4, 4], [5, 1], [5, 2], [5, 3], [5, 4], [5, 5]]
dof: [[1, 1], [2, 2], [3, 1], [3, 2], [3, 3], [4, 2], [4, 3], [4, 4], [5, 1], [5, 2], [5, 3], [5, 4], [5, 5]]
 5]]
dof: [[1, 1], [2, 2], [3, 1], [3, 2], [3, 3], [4, 2], [4, 3], [4, 4], [5, 1], [5, 2], [5, 3], [5, 4], [5, 5]]
dof: [[1, 1], [2, 2], [3, 1], [3, 2], [3, 3], [4, 2], [4, 3], [4, 4], [5, 1], [5, 2], [5, 3], [5, 4], [5, 5]]
dof: [[1, 1], [2, 2], [3, 1], [3, 2], [3, 3], [4, 2], [4, 3], [4, 4], [5, 1], [5, 2], [5, 3], [5, 4], [5, 5]]
dof: [[1, 1], [2, 2], [3, 1], [3, 2], [3, 3], [4, 2], [4, 3], [4, 4], [5, 1], [5, 2], [5, 3], [5, 4], [5, 5]]
dof: [[1, 1], [2, 2], [3, 1], [3, 2], [3, 3], [4, 2], [4, 3], [4, 4], [5, 1], [5, 2], [5, 3], [5, 4], [5, 5]]
dof: [[1, 1], [2, 2], [3, 1], [3, 2], [3, 3], [4, 2], [4, 3], [4, 4], [5, 1], [5, 2], [5, 3], [5, 4], [5, 5]]
dof: [[1, 1], [2, 2], [3, 1], [3, 2], [3, 3], [4, 2], [4, 3], [4, 4], [5, 1], [5, 2], [5, 3], [5, 4], [5, 5]]
dof: [[1, 1], [2, 2], [3, 1], [3, 2], [3, 3], [4, 2], [4, 3], [4, 4], [5, 1], [5, 2], [5, 3], [5, 4], [5, 5]]
dof: [[1, 1], [2, 2], [3, 1], [3, 2], [3, 3], [4, 2], [4, 3], [4, 4], [5, 1], [5, 2], [5, 3], [5, 4], [5, 5]]
dof: [[1, 1], [2, 2], [3, 1], [3, 2], [3, 3], [4, 2], [4, 3], [4, 4], [5, 1], [5, 2], [5, 3], [5, 4], [5, 5]]
dof: [[1, 1], [2, 2], [3, 1], [3, 2], [3, 3], [4, 2], [4, 3], [4, 4], [5, 1], [5, 2], [5, 3], [5, 4], [5, 5]]
dof: [[1, 1], [2, 2], [3, 1], [3, 2], [3, 3], [4, 2], [4, 3], [4, 4], [5, 1], [5, 2], [5, 3], [5, 4], [5, 5]]
dof: [[1, 1], [2, 2], [3, 1], [3, 2], [3, 3], [4, 2], [4, 3], [4, 4], [5, 1], [5, 2], [5, 3], [5, 4], [5, 5]]
dof: [[1, 1], [2, 2], [3, 1], [3, 2], [3, 3], [4, 2], [4, 3], [4, 4], [5, 1], [5, 2], [5, 3], [5, 4], [5, 5]]
dof: [[1, 1], [2, 2], [3, 1], [3, 2], [3, 3], [4, 2], [4, 3], [4, 4], [5, 1], [5, 2], [5, 3], [5, 4], [5, 5]]
dof: [[1, 1], [2, 2], [3, 1], [3, 2], [3, 3], [4, 2], [4, 3], [4, 4], [5, 1], [5, 2], [5, 3], [5, 4], [5, 5]]
dof: [[1, 1], [2, 2], [3, 1], [3, 2], [3, 3], [4, 2], [4, 3], [4, 4], [5, 1], [5, 2], [5, 3], [5, 4], [5, 5]]
dof: [[1, 1], [2, 2], [3, 1], [3, 2], [3, 3], [4, 2], [4, 3], [4, 4], [5, 1], [5, 2], [5, 3], [5, 4], [5, 5]]
dof: [[1, 1], [2, 2], [3, 1], [3, 2], [3, 3], [4, 2], [4, 3], [4, 4], [5, 1], [5, 2], [5, 3], [5, 4], [5, 5]]
dof: [[1, 1], [2, 2], [3, 1], [3, 2], [3, 3], [4, 2], [4, 3], [4, 4], [5, 1], [5, 2], [5, 3], [5, 4], [5, 5]]
dof: [[1, 1], [2, 2], [3, 1], [3, 2], [3, 3], [4, 2], [4, 3], [4, 4], [5, 1], [5, 2], [5, 3], [5, 4], [5, 5]]
dof: [[1, 1], [2, 2], [3, 1], [3, 2], [3, 3], [4, 2], [4, 3], [4, 4], [5, 1], [5, 2], [5, 3], [5, 4], [5, 5]]
dof: [[1, 1], [2, 2], [3, 1], [3, 2], [3, 3], [4, 2], [4, 3], [4, 4], [5, 1], [5, 2], [5, 3], [5, 4], [5, 5]]
dof: [[1, 1], [2, 2], [3, 1], [3, 2], [3, 3], [4, 2], [4, 3], [4, 4], [5, 1], [5, 2], [5, 3], [5, 4], [5, 5]]
dof: [[1, 1], [2, 2], [3, 1], [3, 2], [3, 3], [4, 2], [4, 3], [4, 4], [5, 1], [5, 2], [5, 3], [5, 4], [5, 5]]
dof: [[1, 1], [2, 2], [3, 1], [3, 2], [3, 3], [4, 2], [4, 3], [4, 4], [5, 1], [5, 2], [5, 3], [5, 4], [5, 5]]
dof: [[1, 1], [2, 2], [3, 1], [3, 2], [3, 3], [4, 2], [4, 3], [4, 4], [5, 1], [5, 2], [5, 3], [5, 4], [5, 5]]
dof: [[1, 1], [2, 2], [3, 1], [3, 2], [3, 3], [4, 2], [4, 3], [4, 4], [5, 1], [5, 2], [5, 3], [5, 4], [5, 5]]
dof: [[1, 1], [2, 2], [3, 1], [3, 2], [3, 3], [4, 2], [4, 3], [4, 4], [5, 1], [5, 2], [5, 3], [5, 4], [5, 5]]
dof: [[1, 1], [2, 2], [3, 1], [3, 2], [3, 3], [4, 2], [4, 3], [4, 4], [5, 1], [5, 2], [5, 3], [5, 4], [5, 5]]
dof: [[1, 1], [2, 2], [3, 1], [3, 2], [3, 3], [4, 2], [4, 3], [4, 4], [5, 1], [5, 2], [5, 3], [5, 4], [5, 5]]
dof: [[1, 1], [2, 2], [3, 1], [3, 2], [3, 3], [4, 2], [4, 3], [4, 4], [5, 1], [5, 2], [5, 3], [5, 4], [5, 5]]
dof: [[1, 1], [2, 2], [3, 1], [3, 2], [3, 3], [4, 2], [4, 3], [4, 4], [5, 1], [5, 2], [5, 3], [5, 4], [5, 5]]
dof: [[1, 1], [2, 2], [3, 1], [3, 2], [3, 3], [4, 2], [4, 3], [4, 4], [5, 1], [5, 2], [5, 3], [5, 4], [5, 5]]
dof: [[1, 1], [2, 2], [3, 1], [3, 2], [3, 3], [4, 2], [4, 3], [4, 4], [5, 1], [5, 2], [5, 3], [5, 4], [5, 5]]
dof: [[1, 1], [2, 2], [3, 1], [3, 2], [3, 3], [4, 2], [4, 3], [4, 4], [5, 1], [5, 2], [5, 3], [5, 4], [5, 5]]
dof: [[1, 1], [2, 2], [3, 1], [3, 2], [3, 3], [4, 2], [4, 3], [4, 4], [5, 1], [5, 2], [5, 3], [5, 4], [5, 5]]
dof: [[1, 1], [2, 2], [3, 1], [3, 2], [3, 3], [4, 2], [4, 3], [4, 4], [5, 1], [5, 2], [5, 3], [5, 4], [5, 5]]
dof: [[1, 1], [2, 2], [3, 1], [3, 2], [3, 3], [4, 2], [4, 3], [4, 4], [5, 1], [5, 2], [5, 3], [5, 4], [5, 5]]
dof: [[1, 1], [2, 2], [3, 1], [3, 2], [3, 3], [4, 2], [4, 3], [4, 4], [5, 1], [5, 2], [5, 3], [5, 4], [5, 5]]
dof: [[1, 1], [2, 2], [3, 1], [3, 2], [3, 3], [4, 2], [4, 3], [4, 4], [5, 1], [5, 2], [5, 3], [5, 4], [5, 5]]
dof: [[1, 1], [2, 2], [3, 1], [3, 2], [3, 3], [4, 2], [4, 3], [4, 4], [5, 1], [5, 2], [5, 3], [5, 4], [5, 5]]
dof: [[1, 1], [2, 2], [3, 1], [3, 2], [3, 3], [4, 2], [4, 3], [4, 4], [5, 1], [5, 2], [5, 3], [5, 4], [5, 5]]
dof: [[1, 1], [2, 2], [3, 1], [3, 2], [3, 3], [4, 2], [4, 3], [4, 4], [5, 1], [5, 2], [5, 3], [5, 4], [5, 5]]
dof: [[1, 1], [2, 2], [3, 1], [3, 2], [3, 3], [4, 2], [4, 3], [4, 4], [5, 1], [5, 2], [5, 3], [5, 4], [5, 5]]
dof: [[1, 1], [2, 2], [3, 1], [3, 2], [3, 3], [4, 2], [4, 3], [4, 4], [5, 1], [5, 2], [5, 3], [5, 4], [5, 5]]
dof: [[1, 1], [2, 2], [3, 1], [3, 2], [3, 3], [4, 2], [4, 3], [4, 4], [5, 1], [5, 2], [5, 3], [5, 4], [5, 5]]
Total iterations * blocks 10:  20%|█▍     |  ETA: 0:19:42 ( 2.46  m/it)Total iterations * blocks 10:  30%|██▏    |  ETA: 0:26:53 ( 3.84  m/it)Total iterations * blocks 10:  40%|██▊    |  ETA: 0:26:19 ( 4.39  m/it)Total iterations * blocks 10:  50%|███▌   |  ETA: 0:24:12 ( 4.84  m/it)Total iterations * blocks 10:  60%|████▎  |  ETA: 0:20:20 ( 5.08  m/it)Total iterations * blocks 10:  70%|████▉  |  ETA: 0:15:50 ( 5.28  m/it)Total iterations * blocks 10:  80%|█████▋ |  ETA: 0:10:43 ( 5.36  m/it)Total iterations * blocks 10:  90%|██████▎|  ETA: 0:05:26 ( 5.44  m/it)Total iterations * blocks 10: 100%|███████| Time: 0:54:18 ( 5.43  m/it)
================================================     Integral 1    ============================================================
[33m  iter                          integral                                        wgt average                        reduced chi2[0m
-------------------------------------------------------------------------------------------------------------------------------
ignore              0.074953928 ± 0.00016559664                         0.074953928 ± 0.00016559664                      0.0000
     2              0.074862152 ± 0.00017900785                         0.074953928 ± 0.00016559664                      0.0000
     3              0.074854685 ± 0.00016610318                          0.07485814 ± 0.00012175955                      0.0009
     4              0.075345197 ± 0.00016773989                         0.075026214 ± 9.8536454e-05                      2.7613
     5              0.075008723 ± 0.00016751644                         0.075021718 ± 8.4932537e-05                      1.8436
     6              0.075108759 ± 0.00017488156                         0.075038329 ± 7.6399224e-05                      1.4328
     7              0.074945476 ± 0.00016989305                         0.075022711 ± 6.9678181e-05                      1.1959
     8              0.075196978 ± 0.0001750278                          0.075046551 ± 6.4736948e-05                      1.1392
     9              0.075067159 ± 0.00016667272                         0.075049252 ± 6.0344949e-05                      0.9784
    10              0.075055899 ± 0.00016847782                         0.075050008 ± 5.6810731e-05                      0.8563
-------------------------------------------------------------------------------------------------------------------------------
================================================     Integral 2    ============================================================
[33m  iter                          integral                                        wgt average                        reduced chi2[0m
-------------------------------------------------------------------------------------------------------------------------------
ignore           -3.7893768e-06 ± 1.7533187e-05                      -3.7893768e-06 ± 1.7533187e-05                      0.0000
     2            -5.717846e-07 ± 3.106488e-06                       -3.7893768e-06 ± 1.7533187e-05                      0.0000
     3            -2.533836e-06 ± 3.0798515e-06                      -1.5612579e-06 ± 2.1872112e-06                      0.2012
     4           -3.0314842e-06 ± 3.0609289e-06                      -2.0581852e-06 ± 1.7795974e-06                      0.1769
     5             5.866642e-06 ± 3.033659e-06                       -2.9379599e-08 ± 1.534993e-06                       1.8102
     6            3.4565025e-06 ± 2.9736512e-06                       7.0400321e-07 ± 1.3639977e-06                      1.6289
     7           -9.3814734e-07 ± 2.7844297e-06                       3.8621934e-07 ± 1.2249301e-06                      1.3592
     8            1.1066279e-06 ± 2.7151533e-06                       5.0804207e-07 ± 1.1165677e-06                      1.1424
     9            4.1362706e-07 ± 2.8891181e-06                       4.9577339e-07 ± 1.0414985e-06                      0.9794
    10           -9.2235634e-07 ± 2.8527164e-06                       3.2899191e-07 ± 9.7833989e-07                      0.8842
-------------------------------------------------------------------------------------------------------------------------------
================================================     Integral 3    ============================================================
[33m  iter                          integral                                        wgt average                        reduced chi2[0m
-------------------------------------------------------------------------------------------------------------------------------
ignore             0.0048559147 ± 0.00014419277                        0.0048559147 ± 0.00014419277                      0.0000
     2             0.0048659695 ± 4.4715219e-05                        0.0048559147 ± 0.00014419277                      0.0000
     3             0.0048797547 ± 4.2121737e-05                        0.0048732735 ± 3.0660515e-05                      0.0504
     4             0.0048856716 ± 4.4602148e-05                        0.0048772521 ± 2.5266483e-05                      0.0514
     5             0.0048738203 ± 4.0973761e-05                        0.0048763067 ± 2.1506266e-05                      0.0360
     6             0.0048937238 ± 4.4616829e-05                        0.0048795905 ± 1.9373099e-05                      0.0579
     7             0.0048394319 ± 4.2067149e-05                        0.0048725637 ± 1.7596754e-05                      0.1967
     8             0.0048733416 ± 4.8255531e-05                         0.004872655 ± 1.6531888e-05                      0.1639
     9             0.0048246694 ± 4.3139911e-05                        0.0048665105 ± 1.5437198e-05                      0.2946
    10             0.0049069496 ± 4.7380045e-05                        0.0048703914 ± 1.4677778e-05                      0.3401
-------------------------------------------------------------------------------------------------------------------------------
================================================     Integral 4    ============================================================
[33m  iter                          integral                                        wgt average                        reduced chi2[0m
-------------------------------------------------------------------------------------------------------------------------------
ignore            0.00042709365 ± 2.4564959e-05                       0.00042709365 ± 2.4564959e-05                      0.0000
     2            0.00038894432 ± 3.7617777e-06                       0.00042709365 ± 2.4564959e-05                      0.0000
     3            0.00039381526 ± 3.5945639e-06                       0.00039149045 ± 2.5989152e-06                      0.8764
     4            0.00039509713 ± 3.6082389e-06                       0.00039272238 ± 2.1088564e-06                      0.7671
     5            0.00039805731 ± 3.4089963e-06                       0.00039419886 ± 1.7934488e-06                      1.1018
     6            0.00039161597 ± 3.2694959e-06                       0.00039360147 ± 1.572428e-06                       0.9463
     7             0.0003938821 ± 3.3351233e-06                       0.00039365251 ± 1.4222836e-06                      0.7582
     8            0.00039770648 ± 3.3916287e-06                       0.00039425877 ± 1.3116294e-06                      0.8343
     9            0.00039118213 ± 3.3640118e-06                       0.00039385279 ± 1.2220315e-06                      0.8188
    10            0.00039346025 ± 3.8959564e-06                       0.00039381763 ± 1.1660194e-06                      0.7176
-------------------------------------------------------------------------------------------------------------------------------
================================================     Integral 5    ============================================================
[33m  iter                          integral                                        wgt average                        reduced chi2[0m
-------------------------------------------------------------------------------------------------------------------------------
ignore             -5.59491e-05 ± 8.5568465e-06                        -5.59491e-05 ± 8.5568465e-06                      0.0000
     2           -6.6670691e-05 ± 2.1444698e-06                        -5.59491e-05 ± 8.5568465e-06                      0.0000
     3           -6.2622234e-05 ± 1.0264678e-06                      -6.3376952e-05 ± 9.2594998e-07                      2.8993
     4           -6.3247379e-05 ± 9.3059077e-07                      -6.3312496e-05 ± 6.5641521e-07                      1.4545
     5             -6.17412e-05 ± 8.2166214e-07                      -6.2700439e-05 ± 5.128768e-07                       1.7137
     6           -6.0876924e-05 ± 7.2091103e-07                      -6.2087765e-05 ± 4.1792846e-07                      2.3471
     7            -6.121158e-05 ± 8.9922039e-07                       -6.193215e-05 ± 3.7900257e-07                      2.0338
     8           -6.1365144e-05 ± 8.3757688e-07                      -6.1835803e-05 ± 3.4530396e-07                      1.7582
     9           -5.9620062e-05 ± 8.0867269e-07                       -6.149418e-05 ± 3.1757078e-07                      2.4140
    10           -6.3519354e-05 ± 8.892481e-07                       -6.1723204e-05 ± 2.9907541e-07                      2.6871
-------------------------------------------------------------------------------------------------------------------------------
================================================     Integral 6    ============================================================
[33m  iter                          integral                                        wgt average                        reduced chi2[0m
-------------------------------------------------------------------------------------------------------------------------------
ignore           -4.5301934e-06 ± 1.6116258e-05                      -4.5301934e-06 ± 1.6116258e-05                      0.0000
     2            1.9072214e-06 ± 2.0679614e-06                      -4.5301934e-06 ± 1.6116258e-05                      0.0000
     3            3.6660026e-06 ± 1.8484481e-06                       2.8848773e-06 ± 1.3782179e-06                      0.4020
     4           -9.4035432e-07 ± 1.9456557e-06                       1.6068838e-06 ± 1.1246665e-06                      1.4878
     5            2.8003662e-06 ± 1.792276e-06                        1.9440385e-06 ± 9.5265521e-07                      1.0979
     6            1.1265464e-06 ± 1.8533615e-06                        1.773203e-06 ± 8.4728756e-07                      0.8619
     7            2.9983764e-06 ± 1.9640754e-06                       1.9654168e-06 ± 7.7798948e-07                      0.7551
     8            1.6900833e-06 ± 1.8212515e-06                       1.9229319e-06 ± 7.1545298e-07                      0.6325
     9            4.1893397e-07 ± 2.0118101e-06                       1.7540911e-06 ± 6.7409897e-07                      0.6130
    10             1.316517e-06 ± 2.0471082e-06                       1.7112886e-06 ± 6.4028129e-07                      0.5415
-------------------------------------------------------------------------------------------------------------------------------
================================================     Integral 7    ============================================================
[33m  iter                          integral                                        wgt average                        reduced chi2[0m
-------------------------------------------------------------------------------------------------------------------------------
ignore            1.1255784e-06 ± 4.7632646e-06                       1.1255784e-06 ± 4.7632646e-06                      0.0000
     2           -8.9414862e-08 ± 1.6049499e-07                       1.1255784e-06 ± 4.7632646e-06                      0.0000
     3           -1.8608815e-07 ± 1.4246826e-07                      -1.4347966e-07 ± 1.066171e-07                       0.2027
     4           -9.9565746e-08 ± 1.3522437e-07                      -1.2666091e-07 ± 8.3747476e-08                      0.1338
     5            2.3542756e-07 ± 1.6088832e-07                      -4.9543082e-08 ± 7.429583e-08                       1.4163
     6           -2.7686046e-08 ± 1.3625622e-07                      -4.4539616e-08 ± 6.5240122e-08                      1.0672
     7           -2.1821599e-07 ± 1.3607649e-07                      -7.6960848e-08 ± 5.8836459e-08                      1.1183
     8           -5.5846017e-08 ± 1.3299175e-07                      -7.3508979e-08 ± 5.3812663e-08                      0.9355
     9            -1.173534e-08 ± 1.5855427e-07                      -6.7135502e-08 ± 5.0961055e-08                      0.8212
    10            1.7816163e-07 ± 1.3930331e-07                      -3.8218806e-08 ± 4.7863138e-08                      1.0600
-------------------------------------------------------------------------------------------------------------------------------
================================================     Integral 8    ============================================================
[33m  iter                          integral                                        wgt average                        reduced chi2[0m
-------------------------------------------------------------------------------------------------------------------------------
ignore            7.6134424e-07 ± 4.1978213e-06                       7.6134424e-07 ± 4.1978213e-06                      0.0000
     2           -1.3030775e-07 ± 1.0157356e-07                       7.6134424e-07 ± 4.1978213e-06                      0.0000
     3           -7.2102803e-08 ± 8.3994026e-08                      -9.5746123e-08 ± 6.4801087e-08                      0.1946
     4            2.7603905e-08 ± 7.2440041e-08                      -4.0999687e-08 ± 4.8326583e-08                      0.9014
     5           -1.2116901e-07 ± 7.7293818e-08                      -6.3489328e-08 ± 4.0991463e-08                      0.8583
     6           -2.3495159e-08 ± 7.8347354e-08                      -5.4911368e-08 ± 3.633055e-08                       0.6947
     7           -1.1100512e-07 ± 6.261653e-08                       -6.9005182e-08 ± 3.1436852e-08                      0.6756
     8           -3.1879501e-08 ± 7.5970085e-08                      -6.3589571e-08 ± 2.9053632e-08                      0.5969
     9            5.9378721e-08 ± 7.2810644e-08                      -4.6739258e-08 ± 2.6989718e-08                      0.8623
    10           -1.2399667e-07 ± 8.2585699e-08                      -5.4178123e-08 ± 2.5657461e-08                      0.8531
-------------------------------------------------------------------------------------------------------------------------------
================================================     Integral 9    ============================================================
[33m  iter                          integral                                        wgt average                        reduced chi2[0m
-------------------------------------------------------------------------------------------------------------------------------
ignore            8.7547895e-05 ± 1.3550029e-05                       8.7547895e-05 ± 1.3550029e-05                      0.0000
     2            8.8467261e-05 ± 1.3205797e-06                       8.7547895e-05 ± 1.3550029e-05                      0.0000
     3            9.0054581e-05 ± 1.3648034e-06                        8.923479e-05 ± 9.4911087e-07                      0.6985
     4            9.0154291e-05 ± 1.4941359e-06                       8.9499122e-05 ± 8.0115701e-07                      0.4842
     5            8.8245914e-05 ± 1.3264846e-06                         8.91642e-05 ± 6.8579621e-07                      0.5407
     6            9.1816389e-05 ± 1.4411672e-06                       8.9653831e-05 ± 6.1926527e-07                      1.0958
     7            9.0570794e-05 ± 1.4899346e-06                       8.9788888e-05 ± 5.7184487e-07                      0.9413
     8             8.956702e-05 ± 1.339776e-06                        8.9754702e-05 ± 5.2594712e-07                      0.7882
     9            8.7487991e-05 ± 1.2631061e-06                       8.9419811e-05 ± 4.8554268e-07                      1.0677
    10            8.8604953e-05 ± 1.3283748e-06                       8.9323788e-05 ± 4.5603789e-07                      0.9757
-------------------------------------------------------------------------------------------------------------------------------
================================================     Integral 10    ============================================================
[33m  iter                          integral                                        wgt average                        reduced chi2[0m
-------------------------------------------------------------------------------------------------------------------------------
ignore           -0.00012239002 ± 2.7124358e-05                      -0.00012239002 ± 2.7124358e-05                      0.0000
     2           -0.00012016438 ± 2.5601395e-06                      -0.00012239002 ± 2.7124358e-05                      0.0000
     3           -0.00012503299 ± 2.4976107e-06                      -0.00012265886 ± 1.7878455e-06                      1.8528
     4            -0.0001227985 ± 2.2185502e-06                      -0.00012271384 ± 1.3921079e-06                      0.9276
     5           -0.00012490533 ± 2.2616521e-06                      -0.00012331596 ± 1.1855393e-06                      0.8454
     6           -0.00012605442 ± 2.1305688e-06                      -0.00012396335 ± 1.035969e-06                       0.9494
     7           -0.00012333393 ± 2.5252273e-06                      -0.00012387268 ± 9.5845433e-07                      0.7701
     8           -0.00012486163 ± 2.4007758e-06                      -0.00012400863 ± 8.9014469e-07                      0.6662
     9           -0.00012117728 ± 2.1765235e-06                      -0.00012360294 ± 8.2390946e-07                      0.7781
    10           -0.00012541334 ± 2.387157e-06                       -0.00012379563 ± 7.7882959e-07                      0.7451
-------------------------------------------------------------------------------------------------------------------------------
================================================     Integral 11    ============================================================
[33m  iter                          integral                                        wgt average                        reduced chi2[0m
-------------------------------------------------------------------------------------------------------------------------------
ignore           -4.1222359e-05 ± 1.2827513e-05                      -4.1222359e-05 ± 1.2827513e-05                      0.0000
     2           -2.6631063e-05 ± 1.1175355e-06                      -4.1222359e-05 ± 1.2827513e-05                      0.0000
     3             -2.42971e-05 ± 5.2778226e-07                      -2.4722807e-05 ± 4.7731868e-07                      3.5656
     4           -2.4309607e-05 ± 6.6818343e-07                      -2.4583223e-05 ± 3.8841751e-07                      1.9094
     5           -2.4434505e-05 ± 5.7035064e-07                      -2.4536115e-05 ± 3.2105892e-07                      1.2884
     6           -2.4924565e-05 ± 5.0768682e-07                      -2.4647054e-05 ± 2.7136692e-07                      1.0708
     7           -2.3519049e-05 ± 6.1340235e-07                      -2.4462473e-05 ± 2.4817313e-07                      1.4221
     8           -2.4014256e-05 ± 5.4716131e-07                      -2.4386021e-05 ± 2.2601896e-07                      1.2778
     9           -2.3744775e-05 ± 5.7704167e-07                      -2.4300753e-05 ± 2.1045613e-07                      1.2482
    10           -2.4428692e-05 ± 6.3783254e-07                      -2.4313311e-05 ± 1.9986091e-07                      1.0967
-------------------------------------------------------------------------------------------------------------------------------
================================================     Integral 12    ============================================================
[33m  iter                          integral                                        wgt average                        reduced chi2[0m
-------------------------------------------------------------------------------------------------------------------------------
ignore            1.6596338e-07 ± 2.4263439e-06                       1.6596338e-07 ± 2.4263439e-06                      0.0000
     2           -9.4171977e-07 ± 6.9453827e-08                       1.6596338e-07 ± 2.4263439e-06                      0.0000
     3           -8.5059373e-07 ± 3.4023553e-08                      -8.6827217e-07 ± 3.0635275e-08                      1.3835
     4           -7.9982863e-07 ± 3.5384306e-08                      -8.3904301e-07 ± 2.3188798e-08                      1.7575
     5           -8.3843103e-07 ± 3.0122184e-08                      -8.3881624e-07 ± 1.8397351e-08                      1.1718
     6           -8.0941292e-07 ± 3.0756372e-08                      -8.3110503e-07 ± 1.5801852e-08                      1.0463
     7           -8.4719496e-07 ± 3.2835837e-08                      -8.3411569e-07 ± 1.4246974e-08                      0.8758
     8           -8.5157439e-07 ± 3.4612946e-08                      -8.3663258e-07 ± 1.3180085e-08                      0.7660
     9           -8.5694248e-07 ± 3.3008796e-08                      -8.3941084e-07 ± 1.2245475e-08                      0.7029
    10           -8.4024632e-07 ± 3.3227011e-08                      -8.3951022e-07 ± 1.1494133e-08                      0.6151
-------------------------------------------------------------------------------------------------------------------------------
================================================     Integral 13    ============================================================
[33m  iter                          integral                                        wgt average                        reduced chi2[0m
-------------------------------------------------------------------------------------------------------------------------------
ignore           -6.5213378e-08 ± 1.1724682e-07                      -6.5213378e-08 ± 1.1724682e-07                      0.0000
     2            4.2020215e-08 ± 2.4866909e-09                      -6.5213378e-08 ± 1.1724682e-07                      0.0000
     3            3.8023596e-08 ± 1.6416969e-09                       3.9270324e-08 ± 1.4447209e-09                      1.6426
     4            3.9466006e-08 ± 1.6865388e-09                       3.9347694e-08 ± 1.1233706e-09                      0.8249
     5            3.9510012e-08 ± 1.462506e-09                        3.9403005e-08 ± 9.1210584e-10                      0.5523
     6            3.8064566e-08 ± 1.4926226e-09                       3.9072432e-08 ± 7.9149345e-10                      0.5472
     7            3.7777404e-08 ± 1.4156166e-09                       3.8794933e-08 ± 7.0158615e-10                      0.5525
     8            3.8546301e-08 ± 1.4955653e-09                       3.8754649e-08 ± 6.4224097e-10                      0.4638
     9            3.9425377e-08 ± 1.5897754e-09                       3.8839311e-08 ± 6.0034141e-10                      0.4172
    10            3.9733883e-08 ± 1.441875e-09                        3.8957075e-08 ± 5.5943229e-10                      0.4016
-------------------------------------------------------------------------------------------------------------------------------

===========================  Configuration  =========================================
[32m2025-11-17T17:26:18.788[0m
-------------------------------------------------------------------------------------
[33mIntegral num = 13, dof = [[1, 1], [2, 2], [3, 1], [3, 2], [3, 3], [4, 2], [4, 3], [4, 4], [5, 1], [5, 2], [5, 3], [5, 4], [5, 5], [0, 0]], with variables:[0m
1. Adaptive Continuous variable ∈ [0.0, 1.0). Learning rate = 3.0. Offset = 1.
2. Adaptive Discrete variable ∈ [1, ..., 6]. Learning rate = 3.0. Offset = 1.
-------------------------------------------------------------------------------------
[33mChangeIntegrand          Proposed     Accepted      Ratio  [0m
Norm ->  1:              2.505656%    0.426609%     0.170258
  1 ->  2:               0.443128%    0.069750%     0.157404
  1 ->  3:               0.421255%    0.051548%     0.122367
  1 ->Norm:              0.426609%    0.426609%     1.000000
  2 ->  1:               0.262634%    0.069597%     0.264997
  2 ->  3:               0.263858%    0.019426%     0.073623
  2 ->  4:               0.262481%    0.063785%     0.243007
  2 ->  5:               0.256669%    0.000000%     0.000000
  2 ->  6:               0.266152%    0.040229%     0.151149
  3 ->  1:               0.232195%    0.051548%     0.222003
  3 ->  2:               0.238619%    0.018355%     0.076923
  3 ->  4:               0.241067%    0.047724%     0.197970
  3 ->  6:               0.224853%    0.027380%     0.121769
  3 ->  9:               0.232195%    0.035640%     0.153491
  4 ->  2:               0.209098%    0.064244%     0.307242
  4 ->  3:               0.198544%    0.043747%     0.220339
  4 ->  5:               0.207109%    0.011625%     0.056130
  4 ->  6:               0.200838%    0.027992%     0.139375
  4 ->  7:               0.198238%    0.014837%     0.074846
  4 -> 10:               0.206192%    0.031510%     0.152819
  5 ->  2:               0.234030%    0.000000%     0.000000
  5 ->  4:               0.237702%    0.010707%     0.045045
  5 ->  6:               0.244126%    0.000000%     0.000000
  5 ->  7:               0.235713%    0.000000%     0.000000
  5 ->  8:               0.231277%    0.008872%     0.038360
  5 -> 11:               0.235407%    0.030133%     0.128005
  6 ->  2:               0.165504%    0.040688%     0.245841
  6 ->  3:               0.159538%    0.028451%     0.178332
  6 ->  4:               0.164433%    0.026615%     0.161860
  6 ->  5:               0.165045%    0.000000%     0.000000
  6 ->  7:               0.163057%    0.000000%     0.000000
  6 ->  9:               0.157550%    0.007801%     0.049515
  6 -> 10:               0.165657%    0.035334%     0.213296
  6 -> 11:               0.166728%    0.004130%     0.024771
  7 ->  4:               0.153879%    0.014990%     0.097416
  7 ->  5:               0.162751%    0.000000%     0.000000
  7 ->  6:               0.157397%    0.000000%     0.000000
  7 ->  8:               0.156326%    0.000000%     0.000000
  7 -> 10:               0.154491%    0.005507%     0.035644
  7 -> 11:               0.160762%    0.001683%     0.010466
  7 -> 12:               0.159691%    0.000000%     0.000000
  8 ->  5:               0.309287%    0.008413%     0.027201
  8 ->  7:               0.310052%    0.000000%     0.000000
  8 -> 11:               0.317241%    0.005965%     0.018804
  8 -> 12:               0.320148%    0.029369%     0.091734
  8 -> 13:               0.314641%    0.015602%     0.049587
  9 ->  3:               0.306687%    0.037475%     0.122195
  9 ->  6:               0.308675%    0.007189%     0.023290
  9 -> 10:               0.314182%    0.033193%     0.105648
  10 ->  4:               0.221794%    0.030286%     0.136552
  10 ->  6:               0.230512%    0.036252%     0.157266
  10 ->  7:               0.224853%    0.005354%     0.023810
  10 ->  9:               0.226841%    0.034416%     0.151719
  10 -> 11:               0.222558%    0.015449%     0.069416
  11 ->  5:               0.222100%    0.029674%     0.133609
  11 ->  6:               0.228983%    0.003977%     0.017368
  11 ->  7:               0.226994%    0.001988%     0.008760
  11 ->  8:               0.225312%    0.005660%     0.025119
  11 -> 10:               0.231889%    0.016214%     0.069921
  11 -> 12:               0.219346%    0.001071%     0.004881
  12 ->  7:               0.376743%    0.000000%     0.000000
  12 ->  8:               0.407794%    0.029216%     0.071643
  12 -> 11:               0.384850%    0.001224%     0.003180
  12 -> 13:               0.402747%    0.000000%     0.000000
  13 ->  8:               1.035088%    0.015602%     0.015073
  13 -> 12:               1.025145%    0.000000%     0.000000
-------------------------------------------------------------------------------------
[33mChangeVariable           Proposed     Accepted      Ratio  [0m
   1 / Continuous :      2.599727%    1.393323%     0.535950
   1 / Discrete   :      2.601562%    2.028111%     0.779574
   2 / Continuous :      2.672230%    1.409078%     0.527304
   2 / Discrete   :      2.700987%    0.775360%     0.287065
   3 / Continuous :      2.320267%    0.688172%     0.296592
   3 / Discrete   :      2.307265%    1.793469%     0.777314
   4 / Continuous :      2.402407%    0.827978%     0.344645
   4 / Discrete   :      2.395983%    1.270342%     0.530197
   5 / Continuous :      2.859761%    1.444412%     0.505081
   5 / Discrete   :      2.833910%    0.575746%     0.203163
   6 / Continuous :      2.586878%    0.771383%     0.298191
   6 / Discrete   :      2.602633%    0.748898%     0.287746
   7 / Continuous :      2.204475%    0.854747%     0.387732
   7 / Discrete   :      2.198051%    0.597619%     0.271886
   8 / Continuous :      3.081554%    1.489382%     0.483322
   8 / Discrete   :      3.113676%    0.832414%     0.267341
   9 / Continuous :      1.823296%    0.478768%     0.262584
   9 / Discrete   :      1.838745%    1.417643%     0.770984
  10 / Continuous :      2.238892%    0.589053%     0.263100
  10 / Discrete   :      2.239350%    0.961666%     0.429440
  11 / Continuous :      2.712918%    0.888857%     0.327639
  11 / Discrete   :      2.680490%    0.624999%     0.233166
  12 / Continuous :      3.151763%    1.203804%     0.381946
  12 / Discrete   :      3.137844%    0.723965%     0.230720
  13 / Continuous :      4.160389%    1.895188%     0.455531
  13 / Discrete   :      4.145552%    0.817118%     0.197107
-------------------------------------------------------------------------------------
[33mSwapVariable             Proposed     Accepted      Ratio  [0m
   1 / Continuous :      0.000000%    0.000000%     0.010000
   1 / Discrete   :      0.000000%    0.000000%     0.010000
   2 / Continuous :      0.337126%    0.337126%     1.000000
   2 / Discrete   :      0.340491%    0.340491%     1.000000
   3 / Continuous :      0.379802%    0.260340%     0.685461
   3 / Discrete   :      0.000000%    0.000000%     0.010000
   4 / Continuous :      0.394028%    0.150667%     0.382376
   4 / Discrete   :      0.307605%    0.307605%     1.000000
   5 / Continuous :      0.472191%    0.400911%     0.849044
   5 / Discrete   :      0.488711%    0.165504%     0.338654
   6 / Continuous :      0.488405%    0.228065%     0.466959
   6 / Discrete   :      0.327031%    0.327031%     1.000000
   7 / Continuous :      0.410701%    0.182789%     0.445065
   7 / Discrete   :      0.379496%    0.127570%     0.336155
   8 / Continuous :      0.590583%    0.437928%     0.741518
   8 / Discrete   :      0.573145%    0.000000%     0.000000
   9 / Continuous :      0.369554%    0.227912%     0.616722
   9 / Discrete   :      0.000000%    0.000000%     0.010000
  10 / Continuous :      0.455059%    0.177435%     0.389916
  10 / Discrete   :      0.274259%    0.274259%     1.000000
  11 / Continuous :      0.529092%    0.240455%     0.454467
  11 / Discrete   :      0.459189%    0.154185%     0.335776
  12 / Continuous :      0.627599%    0.285731%     0.455277
  12 / Discrete   :      0.591501%    0.099731%     0.168606
  13 / Continuous :      0.816353%    0.537199%     0.658048
  13 / Discrete   :      0.834556%    0.000000%     0.000000
-------------------------------------------------------------------------------------
[33mIntegrand            Visited      ReWeight[0m
  Norm   :            98441     0.000002
  Order 1:            50926     0.000010
  Order 2:            52476     0.000312
  Order 3:            45350     0.000154
  Order 4:            47177     0.000680
  Order 5:            55985     0.002430
  Order 6:            50937     0.000782
  Order 7:            43320     0.009977
  Order 8:            60978     0.014061
  Order 9:            35984     0.005755
  Order10:            43907     0.001997
  Order11:            52901     0.004026
  Order12:            61705     0.051769
  Order13:            81263     0.908045
-------------------------------------------------------------------------------------
[33mIntegrand evaluation = 653761
[0m
================================================     Integral 1    ============================================================
[33m  iter                          integral                                        wgt average                        reduced chi2[0m
-------------------------------------------------------------------------------------------------------------------------------
ignore              0.074953928 ± 0.00016559664                         0.074953928 ± 0.00016559664                      0.0000
     2              0.074862152 ± 0.00017900785                         0.074953928 ± 0.00016559664                      0.0000
     3              0.074854685 ± 0.00016610318                          0.07485814 ± 0.00012175955                      0.0009
     4              0.075345197 ± 0.00016773989                         0.075026214 ± 9.8536454e-05                      2.7613
     5              0.075008723 ± 0.00016751644                         0.075021718 ± 8.4932537e-05                      1.8436
     6              0.075108759 ± 0.00017488156                         0.075038329 ± 7.6399224e-05                      1.4328
     7              0.074945476 ± 0.00016989305                         0.075022711 ± 6.9678181e-05                      1.1959
     8              0.075196978 ± 0.0001750278                          0.075046551 ± 6.4736948e-05                      1.1392
     9              0.075067159 ± 0.00016667272                         0.075049252 ± 6.0344949e-05                      0.9784
    10              0.075055899 ± 0.00016847782                         0.075050008 ± 5.6810731e-05                      0.8563
-------------------------------------------------------------------------------------------------------------------------------
================================================     Integral 2    ============================================================
[33m  iter                          integral                                        wgt average                        reduced chi2[0m
-------------------------------------------------------------------------------------------------------------------------------
ignore           -3.7893768e-06 ± 1.7533187e-05                      -3.7893768e-06 ± 1.7533187e-05                      0.0000
     2            -5.717846e-07 ± 3.106488e-06                       -3.7893768e-06 ± 1.7533187e-05                      0.0000
     3            -2.533836e-06 ± 3.0798515e-06                      -1.5612579e-06 ± 2.1872112e-06                      0.2012
     4           -3.0314842e-06 ± 3.0609289e-06                      -2.0581852e-06 ± 1.7795974e-06                      0.1769
     5             5.866642e-06 ± 3.033659e-06                       -2.9379599e-08 ± 1.534993e-06                       1.8102
     6            3.4565025e-06 ± 2.9736512e-06                       7.0400321e-07 ± 1.3639977e-06                      1.6289
     7           -9.3814734e-07 ± 2.7844297e-06                       3.8621934e-07 ± 1.2249301e-06                      1.3592
     8            1.1066279e-06 ± 2.7151533e-06                       5.0804207e-07 ± 1.1165677e-06                      1.1424
     9            4.1362706e-07 ± 2.8891181e-06                       4.9577339e-07 ± 1.0414985e-06                      0.9794
    10           -9.2235634e-07 ± 2.8527164e-06                       3.2899191e-07 ± 9.7833989e-07                      0.8842
-------------------------------------------------------------------------------------------------------------------------------
================================================     Integral 3    ============================================================
[33m  iter                          integral                                        wgt average                        reduced chi2[0m
-------------------------------------------------------------------------------------------------------------------------------
ignore             0.0048559147 ± 0.00014419277                        0.0048559147 ± 0.00014419277                      0.0000
     2             0.0048659695 ± 4.4715219e-05                        0.0048559147 ± 0.00014419277                      0.0000
     3             0.0048797547 ± 4.2121737e-05                        0.0048732735 ± 3.0660515e-05                      0.0504
     4             0.0048856716 ± 4.4602148e-05                        0.0048772521 ± 2.5266483e-05                      0.0514
     5             0.0048738203 ± 4.0973761e-05                        0.0048763067 ± 2.1506266e-05                      0.0360
     6             0.0048937238 ± 4.4616829e-05                        0.0048795905 ± 1.9373099e-05                      0.0579
     7             0.0048394319 ± 4.2067149e-05                        0.0048725637 ± 1.7596754e-05                      0.1967
     8             0.0048733416 ± 4.8255531e-05                         0.004872655 ± 1.6531888e-05                      0.1639
     9             0.0048246694 ± 4.3139911e-05                        0.0048665105 ± 1.5437198e-05                      0.2946
    10             0.0049069496 ± 4.7380045e-05                        0.0048703914 ± 1.4677778e-05                      0.3401
-------------------------------------------------------------------------------------------------------------------------------
================================================     Integral 4    ============================================================
[33m  iter                          integral                                        wgt average                        reduced chi2[0m
-------------------------------------------------------------------------------------------------------------------------------
ignore            0.00042709365 ± 2.4564959e-05                       0.00042709365 ± 2.4564959e-05                      0.0000
     2            0.00038894432 ± 3.7617777e-06                       0.00042709365 ± 2.4564959e-05                      0.0000
     3            0.00039381526 ± 3.5945639e-06                       0.00039149045 ± 2.5989152e-06                      0.8764
     4            0.00039509713 ± 3.6082389e-06                       0.00039272238 ± 2.1088564e-06                      0.7671
     5            0.00039805731 ± 3.4089963e-06                       0.00039419886 ± 1.7934488e-06                      1.1018
     6            0.00039161597 ± 3.2694959e-06                       0.00039360147 ± 1.572428e-06                       0.9463
     7             0.0003938821 ± 3.3351233e-06                       0.00039365251 ± 1.4222836e-06                      0.7582
     8            0.00039770648 ± 3.3916287e-06                       0.00039425877 ± 1.3116294e-06                      0.8343
     9            0.00039118213 ± 3.3640118e-06                       0.00039385279 ± 1.2220315e-06                      0.8188
    10            0.00039346025 ± 3.8959564e-06                       0.00039381763 ± 1.1660194e-06                      0.7176
-------------------------------------------------------------------------------------------------------------------------------
================================================     Integral 5    ============================================================
[33m  iter                          integral                                        wgt average                        reduced chi2[0m
-------------------------------------------------------------------------------------------------------------------------------
ignore             -5.59491e-05 ± 8.5568465e-06                        -5.59491e-05 ± 8.5568465e-06                      0.0000
     2           -6.6670691e-05 ± 2.1444698e-06                        -5.59491e-05 ± 8.5568465e-06                      0.0000
     3           -6.2622234e-05 ± 1.0264678e-06                      -6.3376952e-05 ± 9.2594998e-07                      2.8993
     4           -6.3247379e-05 ± 9.3059077e-07                      -6.3312496e-05 ± 6.5641521e-07                      1.4545
     5             -6.17412e-05 ± 8.2166214e-07                      -6.2700439e-05 ± 5.128768e-07                       1.7137
     6           -6.0876924e-05 ± 7.2091103e-07                      -6.2087765e-05 ± 4.1792846e-07                      2.3471
     7            -6.121158e-05 ± 8.9922039e-07                       -6.193215e-05 ± 3.7900257e-07                      2.0338
     8           -6.1365144e-05 ± 8.3757688e-07                      -6.1835803e-05 ± 3.4530396e-07                      1.7582
     9           -5.9620062e-05 ± 8.0867269e-07                       -6.149418e-05 ± 3.1757078e-07                      2.4140
    10           -6.3519354e-05 ± 8.892481e-07                       -6.1723204e-05 ± 2.9907541e-07                      2.6871
-------------------------------------------------------------------------------------------------------------------------------
================================================     Integral 6    ============================================================
[33m  iter                          integral                                        wgt average                        reduced chi2[0m
-------------------------------------------------------------------------------------------------------------------------------
ignore           -4.5301934e-06 ± 1.6116258e-05                      -4.5301934e-06 ± 1.6116258e-05                      0.0000
     2            1.9072214e-06 ± 2.0679614e-06                      -4.5301934e-06 ± 1.6116258e-05                      0.0000
     3            3.6660026e-06 ± 1.8484481e-06                       2.8848773e-06 ± 1.3782179e-06                      0.4020
     4           -9.4035432e-07 ± 1.9456557e-06                       1.6068838e-06 ± 1.1246665e-06                      1.4878
     5            2.8003662e-06 ± 1.792276e-06                        1.9440385e-06 ± 9.5265521e-07                      1.0979
     6            1.1265464e-06 ± 1.8533615e-06                        1.773203e-06 ± 8.4728756e-07                      0.8619
     7            2.9983764e-06 ± 1.9640754e-06                       1.9654168e-06 ± 7.7798948e-07                      0.7551
     8            1.6900833e-06 ± 1.8212515e-06                       1.9229319e-06 ± 7.1545298e-07                      0.6325
     9            4.1893397e-07 ± 2.0118101e-06                       1.7540911e-06 ± 6.7409897e-07                      0.6130
    10             1.316517e-06 ± 2.0471082e-06                       1.7112886e-06 ± 6.4028129e-07                      0.5415
-------------------------------------------------------------------------------------------------------------------------------
================================================     Integral 7    ============================================================
[33m  iter                          integral                                        wgt average                        reduced chi2[0m
-------------------------------------------------------------------------------------------------------------------------------
ignore            1.1255784e-06 ± 4.7632646e-06                       1.1255784e-06 ± 4.7632646e-06                      0.0000
     2           -8.9414862e-08 ± 1.6049499e-07                       1.1255784e-06 ± 4.7632646e-06                      0.0000
     3           -1.8608815e-07 ± 1.4246826e-07                      -1.4347966e-07 ± 1.066171e-07                       0.2027
     4           -9.9565746e-08 ± 1.3522437e-07                      -1.2666091e-07 ± 8.3747476e-08                      0.1338
     5            2.3542756e-07 ± 1.6088832e-07                      -4.9543082e-08 ± 7.429583e-08                       1.4163
     6           -2.7686046e-08 ± 1.3625622e-07                      -4.4539616e-08 ± 6.5240122e-08                      1.0672
     7           -2.1821599e-07 ± 1.3607649e-07                      -7.6960848e-08 ± 5.8836459e-08                      1.1183
     8           -5.5846017e-08 ± 1.3299175e-07                      -7.3508979e-08 ± 5.3812663e-08                      0.9355
     9            -1.173534e-08 ± 1.5855427e-07                      -6.7135502e-08 ± 5.0961055e-08                      0.8212
    10            1.7816163e-07 ± 1.3930331e-07                      -3.8218806e-08 ± 4.7863138e-08                      1.0600
-------------------------------------------------------------------------------------------------------------------------------
================================================     Integral 8    ============================================================
[33m  iter                          integral                                        wgt average                        reduced chi2[0m
-------------------------------------------------------------------------------------------------------------------------------
ignore            7.6134424e-07 ± 4.1978213e-06                       7.6134424e-07 ± 4.1978213e-06                      0.0000
     2           -1.3030775e-07 ± 1.0157356e-07                       7.6134424e-07 ± 4.1978213e-06                      0.0000
     3           -7.2102803e-08 ± 8.3994026e-08                      -9.5746123e-08 ± 6.4801087e-08                      0.1946
     4            2.7603905e-08 ± 7.2440041e-08                      -4.0999687e-08 ± 4.8326583e-08                      0.9014
     5           -1.2116901e-07 ± 7.7293818e-08                      -6.3489328e-08 ± 4.0991463e-08                      0.8583
     6           -2.3495159e-08 ± 7.8347354e-08                      -5.4911368e-08 ± 3.633055e-08                       0.6947
     7           -1.1100512e-07 ± 6.261653e-08                       -6.9005182e-08 ± 3.1436852e-08                      0.6756
     8           -3.1879501e-08 ± 7.5970085e-08                      -6.3589571e-08 ± 2.9053632e-08                      0.5969
     9            5.9378721e-08 ± 7.2810644e-08                      -4.6739258e-08 ± 2.6989718e-08                      0.8623
    10           -1.2399667e-07 ± 8.2585699e-08                      -5.4178123e-08 ± 2.5657461e-08                      0.8531
-------------------------------------------------------------------------------------------------------------------------------
================================================     Integral 9    ============================================================
[33m  iter                          integral                                        wgt average                        reduced chi2[0m
-------------------------------------------------------------------------------------------------------------------------------
ignore            8.7547895e-05 ± 1.3550029e-05                       8.7547895e-05 ± 1.3550029e-05                      0.0000
     2            8.8467261e-05 ± 1.3205797e-06                       8.7547895e-05 ± 1.3550029e-05                      0.0000
     3            9.0054581e-05 ± 1.3648034e-06                        8.923479e-05 ± 9.4911087e-07                      0.6985
     4            9.0154291e-05 ± 1.4941359e-06                       8.9499122e-05 ± 8.0115701e-07                      0.4842
     5            8.8245914e-05 ± 1.3264846e-06                         8.91642e-05 ± 6.8579621e-07                      0.5407
     6            9.1816389e-05 ± 1.4411672e-06                       8.9653831e-05 ± 6.1926527e-07                      1.0958
     7            9.0570794e-05 ± 1.4899346e-06                       8.9788888e-05 ± 5.7184487e-07                      0.9413
     8             8.956702e-05 ± 1.339776e-06                        8.9754702e-05 ± 5.2594712e-07                      0.7882
     9            8.7487991e-05 ± 1.2631061e-06                       8.9419811e-05 ± 4.8554268e-07                      1.0677
    10            8.8604953e-05 ± 1.3283748e-06                       8.9323788e-05 ± 4.5603789e-07                      0.9757
-------------------------------------------------------------------------------------------------------------------------------
================================================     Integral 10    ============================================================
[33m  iter                          integral                                        wgt average                        reduced chi2[0m
-------------------------------------------------------------------------------------------------------------------------------
ignore           -0.00012239002 ± 2.7124358e-05                      -0.00012239002 ± 2.7124358e-05                      0.0000
     2           -0.00012016438 ± 2.5601395e-06                      -0.00012239002 ± 2.7124358e-05                      0.0000
     3           -0.00012503299 ± 2.4976107e-06                      -0.00012265886 ± 1.7878455e-06                      1.8528
     4            -0.0001227985 ± 2.2185502e-06                      -0.00012271384 ± 1.3921079e-06                      0.9276
     5           -0.00012490533 ± 2.2616521e-06                      -0.00012331596 ± 1.1855393e-06                      0.8454
     6           -0.00012605442 ± 2.1305688e-06                      -0.00012396335 ± 1.035969e-06                       0.9494
     7           -0.00012333393 ± 2.5252273e-06                      -0.00012387268 ± 9.5845433e-07                      0.7701
     8           -0.00012486163 ± 2.4007758e-06                      -0.00012400863 ± 8.9014469e-07                      0.6662
     9           -0.00012117728 ± 2.1765235e-06                      -0.00012360294 ± 8.2390946e-07                      0.7781
    10           -0.00012541334 ± 2.387157e-06                       -0.00012379563 ± 7.7882959e-07                      0.7451
-------------------------------------------------------------------------------------------------------------------------------
================================================     Integral 11    ============================================================
[33m  iter                          integral                                        wgt average                        reduced chi2[0m
-------------------------------------------------------------------------------------------------------------------------------
ignore           -4.1222359e-05 ± 1.2827513e-05                      -4.1222359e-05 ± 1.2827513e-05                      0.0000
     2           -2.6631063e-05 ± 1.1175355e-06                      -4.1222359e-05 ± 1.2827513e-05                      0.0000
     3             -2.42971e-05 ± 5.2778226e-07                      -2.4722807e-05 ± 4.7731868e-07                      3.5656
     4           -2.4309607e-05 ± 6.6818343e-07                      -2.4583223e-05 ± 3.8841751e-07                      1.9094
     5           -2.4434505e-05 ± 5.7035064e-07                      -2.4536115e-05 ± 3.2105892e-07                      1.2884
     6           -2.4924565e-05 ± 5.0768682e-07                      -2.4647054e-05 ± 2.7136692e-07                      1.0708
     7           -2.3519049e-05 ± 6.1340235e-07                      -2.4462473e-05 ± 2.4817313e-07                      1.4221
     8           -2.4014256e-05 ± 5.4716131e-07                      -2.4386021e-05 ± 2.2601896e-07                      1.2778
     9           -2.3744775e-05 ± 5.7704167e-07                      -2.4300753e-05 ± 2.1045613e-07                      1.2482
    10           -2.4428692e-05 ± 6.3783254e-07                      -2.4313311e-05 ± 1.9986091e-07                      1.0967
-------------------------------------------------------------------------------------------------------------------------------
================================================     Integral 12    ============================================================
[33m  iter                          integral                                        wgt average                        reduced chi2[0m
-------------------------------------------------------------------------------------------------------------------------------
ignore            1.6596338e-07 ± 2.4263439e-06                       1.6596338e-07 ± 2.4263439e-06                      0.0000
     2           -9.4171977e-07 ± 6.9453827e-08                       1.6596338e-07 ± 2.4263439e-06                      0.0000
     3           -8.5059373e-07 ± 3.4023553e-08                      -8.6827217e-07 ± 3.0635275e-08                      1.3835
     4           -7.9982863e-07 ± 3.5384306e-08                      -8.3904301e-07 ± 2.3188798e-08                      1.7575
     5           -8.3843103e-07 ± 3.0122184e-08                      -8.3881624e-07 ± 1.8397351e-08                      1.1718
     6           -8.0941292e-07 ± 3.0756372e-08                      -8.3110503e-07 ± 1.5801852e-08                      1.0463
     7           -8.4719496e-07 ± 3.2835837e-08                      -8.3411569e-07 ± 1.4246974e-08                      0.8758
     8           -8.5157439e-07 ± 3.4612946e-08                      -8.3663258e-07 ± 1.3180085e-08                      0.7660
     9           -8.5694248e-07 ± 3.3008796e-08                      -8.3941084e-07 ± 1.2245475e-08                      0.7029
    10           -8.4024632e-07 ± 3.3227011e-08                      -8.3951022e-07 ± 1.1494133e-08                      0.6151
-------------------------------------------------------------------------------------------------------------------------------
================================================     Integral 13    ============================================================
[33m  iter                          integral                                        wgt average                        reduced chi2[0m
-------------------------------------------------------------------------------------------------------------------------------
ignore           -6.5213378e-08 ± 1.1724682e-07                      -6.5213378e-08 ± 1.1724682e-07                      0.0000
     2            4.2020215e-08 ± 2.4866909e-09                      -6.5213378e-08 ± 1.1724682e-07                      0.0000
     3            3.8023596e-08 ± 1.6416969e-09                       3.9270324e-08 ± 1.4447209e-09                      1.6426
     4            3.9466006e-08 ± 1.6865388e-09                       3.9347694e-08 ± 1.1233706e-09                      0.8249
     5            3.9510012e-08 ± 1.462506e-09                        3.9403005e-08 ± 9.1210584e-10                      0.5523
     6            3.8064566e-08 ± 1.4926226e-09                       3.9072432e-08 ± 7.9149345e-10                      0.5472
     7            3.7777404e-08 ± 1.4156166e-09                       3.8794933e-08 ± 7.0158615e-10                      0.5525
     8            3.8546301e-08 ± 1.4955653e-09                       3.8754649e-08 ± 6.4224097e-10                      0.4638
     9            3.9425377e-08 ± 1.5897754e-09                       3.8839311e-08 ± 6.0034141e-10                      0.4172
    10            3.9733883e-08 ± 1.441875e-09                        3.8957075e-08 ± 5.5943229e-10                      0.4016
-------------------------------------------------------------------------------------------------------------------------------
nothing
[32mIntegral 1 = 0.07505000804108164 ± 5.681073126965645e-5   (reduced chi2 = 0.856)[0m
[32mIntegral 2 = 3.2899191034405375e-7 ± 9.783398946477018e-7   (reduced chi2 = 0.884)[0m
[32mIntegral 3 = 0.004870391361821455 ± 1.4677777629832873e-5   (reduced chi2 = 0.34)[0m
[32mIntegral 4 = 0.0003938176337539794 ± 1.1660193773122323e-6   (reduced chi2 = 0.718)[0m
[32mIntegral 5 = -6.172320397969605e-5 ± 2.99075412634511e-7   (reduced chi2 = 2.69)[0m
[32mIntegral 6 = 1.7112886195261844e-6 ± 6.402812853164996e-7   (reduced chi2 = 0.542)[0m
[32mIntegral 7 = -3.821880637878488e-8 ± 4.78631380329881e-8   (reduced chi2 = 1.06)[0m
[32mIntegral 8 = -5.417812299550842e-8 ± 2.565746056960477e-8   (reduced chi2 = 0.853)[0m
[32mIntegral 9 = 8.93237880239776e-5 ± 4.5603789303931904e-7   (reduced chi2 = 0.976)[0m
[32mIntegral 10 = -0.0001237956340517055 ± 7.788295898504513e-7   (reduced chi2 = 0.745)[0m
[32mIntegral 11 = -2.4313310872389174e-5 ± 1.998609131611135e-7   (reduced chi2 = 1.1)[0m
[32mIntegral 12 = -8.395102183175883e-7 ± 1.1494133128119927e-8   (reduced chi2 = 0.615)[0m
[32mIntegral 13 = 3.895707465072507e-8 ± 5.59432294674685e-10   (reduced chi2 = 0.402)[0m
[32mIntegral 1 = 0.07505000804108164 ± 5.681073126965645e-5   (reduced chi2 = 0.856)[0m
[32mIntegral 2 = 3.2899191034405375e-7 ± 9.783398946477018e-7   (reduced chi2 = 0.884)[0m
[32mIntegral 3 = 0.004870391361821455 ± 1.4677777629832873e-5   (reduced chi2 = 0.34)[0m
[32mIntegral 4 = 0.0003938176337539794 ± 1.1660193773122323e-6   (reduced chi2 = 0.718)[0m
[32mIntegral 5 = -6.172320397969605e-5 ± 2.99075412634511e-7   (reduced chi2 = 2.69)[0m
[32mIntegral 6 = 1.7112886195261844e-6 ± 6.402812853164996e-7   (reduced chi2 = 0.542)[0m
[32mIntegral 7 = -3.821880637878488e-8 ± 4.78631380329881e-8   (reduced chi2 = 1.06)[0m
[32mIntegral 8 = -5.417812299550842e-8 ± 2.565746056960477e-8   (reduced chi2 = 0.853)[0m
[32mIntegral 9 = 8.93237880239776e-5 ± 4.5603789303931904e-7   (reduced chi2 = 0.976)[0m
[32mIntegral 10 = -0.0001237956340517055 ± 7.788295898504513e-7   (reduced chi2 = 0.745)[0m
[32mIntegral 11 = -2.4313310872389174e-5 ± 1.998609131611135e-7   (reduced chi2 = 1.1)[0m
[32mIntegral 12 = -8.395102183175883e-7 ± 1.1494133128119927e-8   (reduced chi2 = 0.615)[0m
[32mIntegral 13 = 3.895707465072507e-8 ± 5.59432294674685e-10   (reduced chi2 = 0.402)[0m
Group (2, 2, 0)
 real(avg)          err    imag(avg)          err 
 -0.075050 ±   0.000057      0.000000 ±   0.000000
Group (3, 3, 0)
 real(avg)          err    imag(avg)          err 
 -0.000000 ±   0.000001      0.000000 ±   0.000000
Group (4, 2, 0)
 real(avg)          err    imag(avg)          err 
 -0.004870 ±   0.000015      0.000000 ±   0.000000
Group (4, 3, 0)
 real(avg)          err    imag(avg)          err 
 -0.000394 ±   0.000001      0.000000 ±   0.000000
Group (4, 4, 0)
 real(avg)          err    imag(avg)          err 
  0.000062 ±   0.000000      0.000000 ±   0.000000
Group (5, 3, 0)
 real(avg)          err    imag(avg)          err 
 -0.000002 ±   0.000001      0.000000 ±   0.000000
Group (5, 4, 0)
 real(avg)          err    imag(avg)          err 
  0.000000 ±   0.000000      0.000000 ±   0.000000
Group (5, 5, 0)
 real(avg)          err    imag(avg)          err 
  0.000000 ±   0.000000      0.000000 ±   0.000000
Group (6, 2, 0)
 real(avg)          err    imag(avg)          err 
 -0.000089 ±   0.000000      0.000000 ±   0.000000
Group (6, 3, 0)
 real(avg)          err    imag(avg)          err 
  0.000124 ±   0.000001      0.000000 ±   0.000000
Group (6, 4, 0)
 real(avg)          err    imag(avg)          err 
  0.000024 ±   0.000000      0.000000 ±   0.000000
Group (6, 5, 0)
 real(avg)          err    imag(avg)          err 
  0.000001 ±   0.000000      0.000000 ±   0.000000
Group (6, 6, 0)
 real(avg)          err    imag(avg)          err 
 -0.000000 ±   0.000000      0.000000 ±   0.000000
end time is Mon Nov 17 17:26:19 CST 2025
